row_key,2025-11-05,2025-11-06,2025-11-07,2025-11-10,2025-11-11,2025-11-12,2025-11-13,2025-11-14,2025-11-17,2025-11-18,2025-11-19,2025-11-20,2025-11-21,2025-11-24,2025-11-25,2025-11-26,2025-11-27,2025-11-28,2025-12-01,2025-12-02,2025-12-03,2025-12-04,2025-12-05,2025-12-08,2025-12-09,2025-12-10,2025-12-11,2025-12-12,2025-12-15,2025-12-16,2025-12-17,2025-12-18,2025-12-19,2025-12-22,2025-12-23,2025-12-24,2025-12-25,2025-12-26,2025-12-29,2025-12-30,2025-12-31,2026-01-05,2026-01-06,2026-01-07,2026-01-08,2026-01-09,2026-01-12,2026-01-13,2026-01-14,2026-01-15,2026-01-16,2026-01-19,2026-01-20,2026-01-21,2026-01-22,2026-01-23,2026-01-26,2026-01-27,2026-01-28,2026-01-29,2026-01-30,2026-02-02,2026-02-03,2026-02-05,2026-02-06,2026-02-09,2026-02-10,2026-02-11,2026-02-12,2026-02-13,2026-02-24,2026-02-25,2026-02-26,2026-02-27,2026-03-02,2026-03-03,2026-03-04,2026-03-05,2026-03-06,2026-03-09,2026-03-10,2026-03-11,2026-03-12,2026-03-13,2026-03-16,2026-03-17,2026-03-18,2026-03-19,2026-03-20,2026-03-23,2026-03-24,2026-03-25,2026-03-26,2026-03-27,2026-03-30,2026-03-31,2026-04-01,2026-04-02,2026-04-03,2026-04-07,2026-04-08,2026-04-09,2026-04-10,2026-04-13,2026-04-14,2026-04-15,2026-04-16,2026-04-17,2026-04-20,2026-04-21,2026-04-22,2026-04-23
BK0420|航空机场,14|1.24|5532.9||||,73|-0.58|5501.04||||,33|0.10|5506.76||||,6|2.96|5669.92||||,39|0.26|5684.79||||,27|-0.05|5681.83||||,34|1.17|5748.06||||,49|-0.44|5722.53||||,72|-0.95|5668.15||||,53|-1.51|5582.36||||,39|-1.10|5520.84||||,48|-0.63|5485.91||||,10|-2.31|5359.1||||,84|-1.10|5300.22||||,85|-0.80|5257.59||||,11|0.36|5276.39||||,70|-0.47|5251.44||||,68|0.62|5284.22||||,14|1.44|5360.24||||,35|-0.30|5344.24||||,4|0.95|5395||||,22|-0.50|5367.98||||,81|0.02|5369.26||||,20|1.31|5439.62||||,60|-1.17|5375.76||||,6|1.46|5453.99||||,74|-2.11|5338.87||||,51|-0.08|5334.56||||,26|0.44|5358.26||||,8|-0.05|5355.72||||,10|2.07|5466.32||||,36|0.43|5489.75||||,36|1.49|5571.6||||,13|1.65|5663.26||||,54|-0.79|5618.68||||,68|0.39|5640.5||||,80|-0.06|5636.9||||,31|0.27|5652.3||||,8|0.92|5704.14||||,82|-1.54|5616.27||||,2|2.41|5751.7||||,83|-0.60|5717.38||||,77|0.50|5746.21||||,55|-0.36|5725.75||||,78|-0.27|5710.47||||,85|-0.62|5674.85||||,70|0.67|5712.8||||,59|-1.49|5627.93||||,83|-1.09|5566.39||||,42|-0.32|5548.38||||,47|-0.42|5525.23||||,8|2.58|5667.89||||,8|1.23|5737.69||||,78|-0.81|5691.31||||,74|0.05|5693.96||||,85|-0.54|5662.97||||,52|-1.47|5579.99||||,46|-0.57|5547.92||||,63|-1.23|5479.51||||,40|-0.36|5459.89||||,28|0.16|5468.42||||,10|-1.13|5406.36||||,54|1.75|5501.01||||,12|0.58|5772.64||||,81|-1.36|5694.25|0.83|0|14|吉祥航空,64|0.92|5746.57|0.90|11|2|华夏航空,81|-1.13|5681.74|0.81|2|12|中信海直,79|-0.87|5632.36|0.89|2|11|中信海直,75|-1.41|5552.77|0.84|2|12|海控B股,62|-1.10|5491.69|0.76|1|13|海南机场,450|-0.56|5453.54|0.78|5|7|厦门空港,328|0.50|5480.77|1.04|8|5|华夏航空,204|0.02|5481.92|0.85|7|7|中信海直,470|-0.67|5445.14|0.88|5|9|海航控股,399|-2.96|5283.97|1.66|1|13|中信海直,191|-2.47|5153.59|1.51|0|14|上海机场,411|-1.46|5078.17|1.07|2|12|中信海直,432|-0.56|5049.79|1.00|4|9|海控B股,238|1.52|5126.38|1.03|13|0|华夏航空,481|-2.90|4977.6|1.70|1|13|中信海直,327|0.96|5025.48|1.08|12|1|春秋航空,387|-0.70|4990.09|0.90|2|11|深圳机场,180|-0.41|4969.45|1.00|6|8|深圳机场,178|-0.22|4958.29|1.02|4|9|华夏航空,355|-0.47|4934.9|1.04|5|7|厦门空港,63|-0.20|4925.03|1.23|6|7|海航控股,365|-0.39|4905.76|1.03|4|9|春秋航空,329|-2.82|4767.19|1.26|0|14|海控B股,123|-1.49|4696.2|0.84|0|14|白云机场,265|-5.42|4441.8|1.50|0|14|海控B股,426|2.04|4532.62|1.15|14|0|中国东航,48|3.09|4672.5|1.20|13|0|吉祥航空,179|-1.05|4623.58|0.98|2|12|春秋航空,398|0.59|4651.09|0.73|11|2|海南机场,357|-0.20|4641.64|0.72|2|9|厦门空港,109|-0.58|4614.87|0.72|3|9|厦门空港,48|2.84|4745.72|1.10|13|1|中国东航,237|-1.49|4674.78|0.81|1|12|厦门空港,105|-1.51|4604.17|0.60|0|13|海控B股,466|-0.28|4591.14|0.49|4|9|厦门空港,95|5.11|4825.95|1.30|14|0|华夏航空,372|-2.00|4729.37|0.94|0|14|华夏航空,446|-0.31|4714.65|0.76|5|8|中信海直,396|-0.64|4684.45|0.62|3|11|厦门空港,185|0.86|4724.74|0.72|13|0|中信海直,224|-0.40|4705.72|0.99|4|6|中国国航,429|0.40|4724.73|0.65|8|4|中信海直,293|-0.27|4711.85|0.72|3|8|中信海直,137|1.21|4768.79|1.15|13|1|中国东航,210|-0.11|4763.37|0.76|5|7|中国国航,429|-0.84|4723.4|0.66|1|12|深圳机场,278|-1.08|4672.23|0.90|1|12|吉祥航空
BK0421|铁路公路,33|0.81|9596.57||||,50|-0.06|9591.22||||,66|-0.62|9531.5||||,54|0.56|9584.83||||,56|0.02|9586.72||||,33|-0.25|9563.04||||,86|-0.42|9522.78||||,24|0.24|9545.26||||,65|-0.51|9496.23||||,32|-1.05|9396.47||||,52|-1.41|9264.37||||,13|0.11|9274.66||||,13|-2.77|9017.73||||,69|0.27|9042.04||||,48|1.10|9141.28||||,41|-0.38|9106.39||||,63|-0.30|9079.33||||,54|1.02|9171.59||||,80|-0.23|9150.83||||,3|1.39|9277.91||||,11|0.43|9317.76||||,58|-1.20|9206.2||||,64|0.85|9284.59||||,70|-0.07|9278.23||||,45|-0.88|9196.94||||,21|0.66|9257.36||||,54|-1.59|9110.44||||,83|-1.43|8980.35||||,32|0.21|8999||||,10|-0.14|8986.28||||,84|-0.66|8927||||,41|0.29|8952.92||||,46|1.36|9074.53||||,39|0.56|9124.99||||,21|-0.08|9117.77||||,66|0.43|9156.75||||,63|0.34|9187.45||||,17|0.55|9237.57||||,72|-1.01|9144.5||||,73|-1.07|9046.24||||,33|0.27|9070.64||||,85|-0.63|9013.81||||,48|1.15|9117.83||||,71|-0.69|9055.36||||,71|-0.04|9052.14||||,68|0.33|9082.2||||,68|0.77|9152.06||||,27|-0.36|9118.96||||,71|-0.44|9078.7||||,32|-0.03|9075.62||||,37|-0.12|9064.83||||,57|0.65|9123.96||||,18|0.82|9198.34||||,74|-0.45|9156.72||||,56|0.57|9208.69||||,66|0.54|9258.08||||,27|-0.62|9200.41||||,47|-0.60|9145.64||||,20|0.54|9195.03||||,36|-0.23|9173.53||||,30|0.12|9184.24||||,4|-0.70|9119.64||||,81|0.29|9145.83||||,14|0.44|9300.85||||,76|-0.82|9224.29|0.57|1|26|四川成渝,69|0.86|9303.18|0.46|28|1|富临运业,23|0.27|9328.16|0.45|15|12|富临运业,34|0.00|9328.06|0.42|14|14|富临运业,73|-1.37|9200.3|0.48|1|28|粤高速Ｂ,22|-0.31|9171.63|0.45|7|22|富临运业,366|0.58|9207.52|0.44|28|7|湖南投资,360|0.38|9242.59|0.59|23|8|富临运业,278|-0.41|9204.65|0.45|8|24|皖通高速,197|0.78|9276.83|0.53|28|5|三羊马,140|-0.85|9198.16|0.94|13|23|铁龙物流,60|-0.30|9170.48|1.12|15|20|铁龙物流,408|-1.43|9039.33|0.89|2|33|富临运业,317|0.57|9091.26|0.57|27|6|招商公路,257|1.42|9220.24|0.56|34|1|江西长运,243|-0.95|9132.82|0.68|4|30|招商公路,389|0.60|9187.37|0.50|29|5|江西长运,144|0.36|9220.09|0.71|22|12|大秦铁路,82|0.35|9252.6|0.73|26|10|宁沪高速,148|-0.12|9241.86|0.67|12|20|富临运业,261|0.05|9246.46|0.64|16|15|山东高速,64|-0.22|9225.69|0.52|8|21|四川成渝,358|-0.33|9194.84|0.56|8|25|三羊马,66|-1.20|9084.93|0.55|5|30|皖通高速,96|-1.26|8970.05|0.59|5|30|深高速,177|-4.93|8527.73|1.03|0|36|粤高速Ｂ,334|2.88|8773.55|0.63|36|0|江西长运,110|2.53|8995.39|0.74|34|2|富临运业,66|-0.21|8976.53|0.82|15|18|铁龙物流,466|-0.36|8944.27|0.63|13|20|三羊马,294|0.06|8949.54|0.53|17|15|福建高速,83|-0.31|8921.88|0.68|15|18|申通地铁,445|-0.14|8909.15|0.53|14|19|锦江在线,133|-0.73|8843.86|0.48|10|25|四川成渝,201|-2.09|8659.07|0.60|2|32|重庆路桥,449|0.04|8662.67|0.49|18|16|江西长运,411|1.79|8817.32|0.59|35|1|吉林高速,329|-1.78|8660.35|0.48|1|34|皖通高速,347|0.39|8694.24|0.50|23|10|重庆路桥,355|-0.45|8655.49|0.43|7|27|皖通高速,345|0.20|8672.4|0.44|20|12|东莞控股,121|0.14|8684.48|0.41|17|16|招商公路,389|0.67|8742.57|0.45|23|7|江西长运,325|-0.43|8705.28|0.40|7|24|三羊马,361|0.24|8726.57|0.35|19|10|三羊马,108|0.42|8763.35|0.45|26|7|宁沪高速,323|-0.17|8748.71|0.36|10|17|重庆路桥,105|-0.02|8747.14|0.46|16|18|山东高速
BK0425|工程建设,18|1.20|28294.54||||,42|0.15|28336.88||||,32|0.14|28376.19||||,62|0.28|28454.73||||,47|0.16|28500.71||||,56|-0.70|28300.19||||,57|0.71|28502.34||||,39|-0.28|28423.78||||,61|-0.20|28366.75||||,41|-1.31|27996.25||||,60|-1.67|27527.46||||,21|-0.10|27498.8||||,38|-3.44|26553.27||||,20|1.92|27063.33||||,58|0.93|27316||||,33|-0.29|27238.14||||,72|-0.58|27081.49||||,8|2.01|27626.24||||,55|0.29|27707.7||||,37|-0.32|27619.95||||,62|-1.11|27314.12||||,42|-0.90|27068.49||||,37|1.40|27448.42||||,61|0.26|27519.05||||,76|-1.61|27076.99||||,39|0.22|27135.68||||,60|-1.70|26674.26||||,30|0.37|26771.95||||,53|-0.17|26727.48||||,66|-1.99|26194.45||||,67|0.03|26201.32||||,54|0.03|26209.18||||,49|1.32|26555.86||||,36|0.65|26729.04||||,25|-0.14|26692.21||||,36|1.02|26963.15||||,36|0.88|27199.56||||,55|-0.21|27142.66||||,48|-0.37|27040.9||||,71|-1.03|26762.07||||,46|-0.03|26753.43||||,49|1.25|27088.93||||,26|1.69|27547.13||||,33|0.11|27578.48||||,18|1.69|28043.78||||,38|1.17|28371.72||||,74|0.44|28495.56||||,33|-0.58|28330.78||||,56|0.01|28333.92||||,43|-0.36|28231.67||||,21|0.39|28342.54||||,63|0.41|28457.69||||,12|1.09|28767.85||||,61|-0.05|28754.04||||,29|1.15|29085.68||||,51|0.84|29330.01||||,31|-0.76|29105.67||||,43|-0.56|28942.78||||,36|-0.33|28848.19||||,45|-0.73|28638.43||||,14|0.59|28807.18||||,55|-2.50|28085.93||||,47|1.87|28611.31||||,52|-1.15|28522.16||||,72|-0.59|28353.9|1.15|20|44|镇海股份,20|2.09|28947.06|1.13|63|4|苏文电能,66|-0.59|28776.5|0.98|17|47|圣晖集成,43|-0.14|28736.39|0.86|25|35|汇绿生态,34|-0.21|28675.59|1.11|19|44|高新发展,23|-0.34|28577.53|1.12|21|45|圣晖集成,,,,,,,,,,,,,,,,,,,,,,,,,,,,,,,,,,,,,,,,,,
BK0427|公用事业,23|1.07|9295.16||||,43|0.13|9307.3||||,15|0.72|9374.62||||,74|-0.11|9364.53||||,59|-0.05|9360.25||||,54|-0.65|9299.09||||,71|0.53|9348.76||||,4|1.43|9482.87||||,67|-0.55|9430.79||||,57|-1.63|9277.24||||,46|-1.29|9157.96||||,4|0.74|9225.33||||,49|-3.73|8881.5||||,60|0.52|8927.64||||,67|0.74|8993.3||||,72|-0.95|8907.61||||,10|0.99|8995.63||||,70|0.54|9044.23||||,37|0.72|9109.72||||,29|-0.13|9097.65||||,9|0.50|9143.08||||,5|0.44|9182.98||||,85|-0.58|9129.4||||,83|-0.61|9073.67||||,69|-1.40|8946.84||||,51|-0.05|8942.27||||,16|-0.75|8875.38||||,40|0.11|8885.21||||,54|-0.18|8868.84||||,60|-1.89|8701.47||||,72|-0.05|8696.76||||,49|0.13|8708.49||||,58|1.17|8810.17||||,44|0.47|8851.55||||,61|-1.00|8762.69||||,52|0.70|8824.34||||,40|0.78|8892.98||||,47|-0.06|8887.23||||,63|-0.80|8816.4||||,47|-0.67|8757.04||||,11|0.82|8829.13||||,30|1.82|8990||||,39|1.28|9104.72||||,57|-0.39|9069.46||||,64|0.37|9103.26||||,66|0.44|9143.25||||,66|0.88|9223.68||||,24|-0.12|9213.05||||,63|-0.20|9194.85||||,14|0.51|9241.31||||,22|0.37|9275.25||||,13|2.16|9475.48||||,14|1.02|9572.05||||,63|-0.07|9565.33||||,50|0.65|9627.91||||,76|0.26|9653.24||||,29|-0.64|9591.74||||,64|-1.12|9484.73||||,26|0.09|9492.84||||,26|0.33|9523.7||||,26|0.29|9551.12||||,27|-1.58|9400.53||||,82|0.21|9419.81||||,55|-1.33|9348.24||||,58|-0.27|9322.73|1.16|12|11|国中水务,65|0.92|9408.32|1.02|20|2|金房能源,58|-0.35|9375.18|0.89|4|19|东望时代,31|0.11|9385.45|0.78|12|10|百通能源,67|-1.14|9278.24|1.06|0|21|顺控发展,50|-0.80|9204.32|0.92|2|21|金房能源,78|2.99|9407.41|1.38|135|4|豫能控股,274|0.70|9473.69|1.58|84|45|赣能股份,92|0.97|9565.95|1.46|99|38|豫能控股,33|3.00|9852.88|2.14|134|6|赣能股份,67|0.79|9930.52|2.49|76|62|涪陵电力,27|1.55|10084.35|2.77|55|85|胜利股份,258|-0.76|10007.55|2.42|63|72|金开新能,247|0.93|10100.95|2.50|100|37|华银电力,332|1.06|10208.3|2.30|99|41|金开新能,54|0.95|10305.02|2.96|90|46|金开新能,441|-0.22|10282.78|2.80|49|87|绿发电力,44|1.64|10451.02|3.42|102|35|绿发电力,26|2.00|10660.44|3.72|109|31|绿发电力,426|-2.03|10443.86|3.79|19|119|华电能源,449|-1.83|10252.3|2.98|20|118|华电辽能,154|-0.98|10151.76|2.81|29|108|华电辽能,189|0.89|10242.34|2.57|87|50|粤电力Ａ,15|1.26|10371.54|2.87|66|71|韶能股份,32|0.00|10371.32|3.54|64|76|韶能股份,34|-2.12|10151.29|3.93|28|113|华电辽能,69|4.44|10602.36|4.10|132|10|拓日新能,61|2.91|10910.42|4.71|121|19|湖南发展,49|0.01|10911.79|4.29|61|77|晋控电力,468|-0.40|10867.72|3.58|59|79|广西能源,490|-3.93|10440.45|3.41|13|130|川能动力,419|-2.58|10171.06|3.05|20|122|顺发恒能,470|-0.80|10089.51|2.50|61|80|新中港,175|-1.11|9977.17|2.39|45|90|川能动力,457|-3.94|9583.99|2.05|6|137|晶科科技,269|1.16|9694.88|1.68|102|38|东方新能,403|1.92|9880.7|1.96|127|15|新中港,282|-1.51|9731.49|1.54|19|120|黔源电力,379|0.21|9751.66|1.46|79|59|美能能源,41|1.52|9899.6|1.72|105|33|甘肃能源,348|0.17|9916.57|1.86|67|64|华电辽能,312|-0.77|9839.85|1.85|39|102|豫能控股,366|0.77|9915.36|1.64|95|35|德龙汇能,244|-0.05|9910.59|1.73|49|87|深南电A,93|1.57|10065.76|1.92|111|30|新中港,50|1.10|10176.74|2.51|99|39|粤电力Ａ,221|0.32|10209.19|2.14|65|74|华电辽能,26|1.72|10385.13|2.98|107|32|水发燃气
BK0429|交运设备,58|0.46|11820.84||||,38|0.30|11855.94||||,54|-0.29|11821.09||||,63|0.23|11847.88||||,17|0.88|11951.69||||,64|-0.78|11858.62||||,77|0.42|11908.13||||,27|0.08|11917.62||||,59|-0.17|11897.25||||,47|-1.43|11726.63||||,28|-0.77|11635.92||||,45|-0.55|11571.81||||,31|-3.33|11186.49||||,46|1.09|11308.74||||,64|0.86|11406.48||||,43|-0.39|11362.56||||,20|0.70|11442.4||||,56|0.99|11555.87||||,57|0.28|11588.63||||,60|-0.83|11491.89||||,34|-0.46|11439.02||||,40|-0.88|11338.8||||,49|1.26|11481.88||||,44|0.62|11553.19||||,32|-0.62|11481.67||||,35|0.36|11522.9||||,32|-1.15|11389.99||||,58|-0.29|11356.77||||,62|-0.49|11300.57||||,24|-0.93|11195.09||||,49|0.49|11249.99||||,25|0.67|11325.44||||,26|1.79|11528.31||||,61|0.19|11549.89||||,42|-0.54|11487.52||||,42|0.90|11591.48||||,41|0.76|11679.91||||,66|-0.46|11626.14||||,16|0.40|11672.54||||,55|-0.73|11587.19||||,25|0.44|11638.18||||,63|0.60|11707.64||||,32|1.59|11894.22||||,76|-0.82|11797.24||||,29|1.12|11929.71||||,73|0.23|11957.46||||,46|1.52|12138.98||||,37|-0.76|12046.34||||,76|-0.58|11976.85||||,29|-0.01|11975.8||||,33|0.00|11975.9||||,35|1.34|12136.79||||,47|-0.29|12101.44||||,34|0.88|12208.43||||,46|0.73|12298.04||||,63|0.57|12368.3||||,46|-1.38|12197.29||||,26|0.03|12200.4||||,58|-1.06|12071.43||||,70|-1.58|11881.03||||,33|0.03|11884.97||||,34|-1.83|11667.05||||,52|1.80|11876.86||||,33|-0.47|11909.46||||,28|0.53|11972.77|0.77|28|20|工大高科,62|0.95|12085.98|0.79|42|6|雷尔伟,37|-0.06|12078.86|0.61|20|28|必得科技,29|0.16|12098.01|0.61|26|20|隆鑫通用,38|-0.24|12068.51|0.72|16|32|朗进科技,27|-0.41|12018.54|0.73|19|31|长青科技,,,,,,,,,,,,,,,,,,,,,,,,,,,,,,,,,,,,,,,,,,
BK0438|食品饮料,29|0.87|29969.11||||,56|-0.21|29906.11||||,43|-0.13|29867||||,4|3.09|30789.9||||,5|1.82|31350.98||||,25|-0.02|31343.63||||,40|1.00|31655.58||||,78|-1.42|31205.67||||,57|-0.13|31166.49||||,40|-1.31|30758.27||||,15|0.18|30813.61||||,80|-2.16|30147.7||||,21|-3.12|29207.57||||,58|0.64|29395.3||||,68|0.71|29604.93||||,6|0.53|29762.24||||,59|-0.16|29715.75||||,20|1.61|30193.11||||,36|0.73|30412.9||||,15|0.34|30515.27||||,18|-0.03|30505.59||||,84|-2.56|29723.61||||,39|1.38|30133.96||||,75|-0.20|30074.94||||,6|0.42|30201.31||||,76|-0.60|30021.47||||,80|-2.51|29268.78||||,71|-0.55|29107.03||||,3|2.05|29702.96||||,5|0.31|29793.74||||,44|0.54|29955.98||||,24|0.69|30164.16||||,3|2.87|31030.91||||,47|0.35|31138.46||||,71|-1.25|30750.12||||,84|-0.31|30656.29||||,79|-0.05|30641.01||||,61|-0.41|30515.97||||,80|-1.40|30088.61||||,63|-0.91|29814.46||||,40|0.12|29851.36||||,65|0.53|30009.3||||,55|1.06|30327.12||||,40|0.02|30333.42||||,45|0.75|30562.36||||,56|0.72|30781.14||||,43|1.61|31275.37||||,45|-1.15|30914.98||||,61|-0.10|30883.09||||,41|-0.31|30786.13||||,46|-0.42|30658.24||||,20|1.76|31198.55||||,26|0.53|31363.57||||,75|-0.50|31205.41||||,52|0.61|31395.43||||,73|0.34|31503.69||||,34|-0.83|31242.29||||,76|-1.47|30782.28||||,41|-0.44|30647.09||||,11|1.21|31017.04||||,46|-0.32|30918.95||||,26|-1.57|30434.06||||,80|0.36|30544.37||||,7|0.99|31100.16||||,66|-0.45|30961.76|2.23|36|79|日辰股份,81|0.50|31115.66|1.87|86|30|紫燕食品,74|-0.78|30872.11|1.60|26|89|金禾实业,60|-0.48|30722.66|1.58|28|87|莲花控股,81|-1.63|30221.39|1.87|8|110|紫燕食品,48|-0.78|29986.7|1.50|14|101|国联水产,381|0.42|30125.23|1.21|87|39|泉阳泉,309|0.59|30301.59|1.25|96|33|紫燕食品,340|-0.70|30089.32|1.25|24|101|千味央厨,320|0.25|30164.9|1.14|77|47|三全食品,298|-2.36|29453.74|1.55|9|121|古井贡Ｂ,97|-1.21|29096.66|1.75|28|101|燕京啤酒,410|-1.46|28670.97|1.39|15|114|来伊份,362|0.27|28749.65|1.11|77|48|千味央厨,141|2.08|29348.92|1.36|121|9|莲花控股,289|-1.16|29009.63|1.42|14|113|莲花控股,311|1.08|29321.87|1.12|114|12|来伊份,293|-0.32|29227.6|1.06|37|89|*ST椰岛,281|-0.89|28967.33|1.12|32|93|金种子酒,135|-0.05|28952.02|1.24|63|59|三元股份,77|1.17|29290.02|1.40|109|16|西王食品,117|-0.79|29058.21|1.54|27|99|千禾味业,351|-0.27|28979.98|1.25|53|74|西麦食品,132|-1.91|28425.86|1.43|7|123|莲花控股,198|-2.01|27855.68|1.54|9|120|新乳业,155|-4.79|26522.39|1.92|3|127|华统股份,343|2.84|27276.77|1.49|124|6|莲花控股,346|1.48|27681.69|1.38|120|10|西王食品,189|-1.07|27384.14|1.41|19|110|三全食品,153|1.64|27833.09|1.41|120|10|均瑶健康,192|0.51|27975.11|1.43|89|37|元祖股份,178|-0.96|27706.92|1.66|23|103|皇台酒业,309|1.07|28004.07|1.63|104|22|会稽山,99|-0.40|27890.98|1.38|43|85|紫燕食品,265|-2.50|27194.77|1.34|12|117|燕京啤酒,261|1.21|27525.16|1.35|93|34|华统股份,402|1.93|28055.46|1.46|118|11|莲花控股,287|-1.52|27628.2|1.35|16|112|来伊份,231|0.86|27866.72|1.34|99|31|来伊份,265|-0.01|27865.03|1.54|44|78|金字火腿,357|0.15|27906.45|1.61|71|54|好想你,114|0.18|27957.31|1.57|66|60|均瑶健康,341|0.91|28210.97|1.65|97|30|龙大美食,347|-0.54|28057.46|1.65|26|101|均瑶健康,245|0.73|28262.01|1.55|85|40|紫燕食品,219|-0.15|28220.6|1.57|54|72|养元饮品,353|-0.31|28133.23|1.61|37|91|莲花控股,61|0.58|28297.76|1.94|82|44|迎驾贡酒
BK0447|互联网服务,80|-0.47|31670.43||||,64|-0.37|31552.62||||,86|-1.50|31080.81||||,47|0.73|31307.18||||,75|-0.65|31102.98||||,72|-1.00|30791.1||||,20|1.62|31288.47||||,77|-1.35|30866.88||||,3|2.28|31571.73||||,1|1.74|32122.57||||,58|-1.52|31634.31||||,27|-0.29|31543.89||||,8|-2.25|30835.36||||,3|3.91|32040.46||||,22|1.68|32577.68||||,45|-0.46|32427.9||||,84|-1.18|32045.6||||,71|0.50|32206.66||||,64|0.18|32263.52||||,48|-0.48|32107.17||||,85|-2.66|31254.22||||,47|-1.02|30934.76||||,51|1.24|31318.5||||,8|1.81|31886.34||||,47|-0.93|31589.3||||,78|-0.63|31391.3||||,77|-2.25|30683.69||||,41|0.07|30704.26||||,72|-0.89|30431.66||||,48|-1.69|29918.44||||,24|0.93|30196.38||||,46|0.19|30252.51||||,63|1.12|30590.2||||,62|0.18|30644.16||||,81|-1.60|30154.04||||,32|1.24|30526.77||||,21|1.21|30897.35||||,26|0.40|31020.8||||,32|-0.16|30970.28||||,20|0.01|30972.41||||,4|1.73|31507.15||||,11|2.82|32396.42||||,44|1.18|32779.52||||,72|-0.69|32554.9||||,6|2.25|33288.46||||,1|4.28|34711.56||||,2|7.52|37322.55||||,65|-1.76|36665.12||||,1|4.69|38383.23||||,85|-3.48|37045.96||||,82|-2.89|35976.26||||,85|-1.16|35558.15||||,75|-1.46|35038.48||||,67|-0.21|34963.22||||,15|1.69|35554.42||||,16|2.10|36300.93||||,49|-1.41|35787.35||||,8|0.97|36136.06||||,56|-1.03|35763.5||||,21|0.42|35915.09||||,67|-1.32|35439.82||||,38|-1.90|34768.14||||,19|2.94|35791.31||||,26|-0.23|34864.61||||,57|-0.21|34789.91|5.74|55|85|数据港,4|3.30|35937.12|6.18|135|9|大位科技,6|1.17|36359.05|6.37|102|42|大位科技,70|-0.61|36137.04|5.59|41|101|大位科技,8|1.27|36594.53|6.35|87|58|大位科技,57|-0.98|36237.4|6.59|25|119|华胜天成,,,,,,,,,,,,,,,,,,,,,,,,,,,,,,,,,,,,,,,,,,
BK0448|通信设备,75|0.07|18092.79||||,25|0.82|18241.19||||,58|-0.36|18175.54||||,67|0.09|18192.48||||,77|-0.70|18064.9||||,38|-0.32|18006.23||||,79|0.39|18075.65||||,62|-0.91|17911||||,16|0.85|18062.73||||,18|-0.59|17956.83||||,27|-0.77|17818.14||||,28|-0.34|17758.19||||,40|-3.50|17136.7||||,5|3.32|17705.87||||,5|2.77|18196.33||||,23|-0.05|18186.72||||,37|0.33|18247.37||||,37|1.34|18491.93||||,7|1.86|18835.7||||,21|0.06|18847.04||||,54|-1.04|18651.61||||,16|-0.23|18609.44||||,8|2.50|19075.11||||,2|2.96|19639.78||||,15|-0.03|19634.19||||,22|0.60|19752.21||||,37|-1.27|19501.85||||,8|1.52|19799.02||||,78|-1.06|19588.59||||,43|-1.61|19272.59||||,19|1.43|19547.69||||,17|0.94|19731.48||||,68|1.00|19928.9||||,5|2.38|20403.39||||,74|-1.37|20123.37||||,9|2.51|20628.4||||,11|1.54|20946.89||||,21|0.47|21046.34||||,15|0.40|21130.34||||,38|-0.46|21033.54||||,10|0.86|21214.93||||,20|2.16|21673.73||||,64|0.91|21870.27||||,11|1.29|22151.64||||,9|2.04|22603.87||||,11|2.50|23169.15||||,6|5.16|24364.77||||,85|-4.60|23243.68||||,5|2.25|23766.8||||,81|-2.48|23178.5||||,39|-0.20|23133.24||||,86|-1.31|22830.49||||,86|-3.45|22042.3||||,43|0.65|22185.45||||,20|1.49|22515.51||||,14|2.30|23032.46||||,80|-2.75|22398.59||||,7|1.27|22682.41||||,53|-0.78|22506.17||||,68|-1.52|22165.08||||,3|1.19|22428.92||||,45|-2.21|21932.6||||,6|3.93|22793.63||||,71|-1.79|22267.8||||,42|0.11|22292.71|5.81|50|54|长江通信,5|3.21|23007.51|6.31|97|10|辉煌科技,34|0.04|23016.92|5.48|47|60|特发信息,82|-1.17|22747.32|5.02|19|87|特发信息,7|1.30|23042.26|4.90|65|40|特发信息,70|-1.61|22671.94|4.40|20|84|银河电子,171|1.87|23001.6|4.36|68|20|长江通信,462|-0.25|22944.66|4.52|43|44|富士达,19|2.39|23493.39|5.24|75|14|通鼎互联,388|0.00|23494.47|5.69|40|47|烽火通信,116|-0.39|23402.89|5.75|35|55|烽火通信,388|-4.32|22390.89|6.51|11|79|通鼎互联,119|0.02|22395.49|4.74|41|47|意华股份,93|1.78|22795.19|5.36|68|22|世嘉科技,427|0.18|22836.83|4.39|51|36|联特科技,405|-1.78|22430.44|4.89|15|74|联特科技,8|4.49|23438.43|5.10|87|2|瑞斯康达,107|0.79|23624.41|6.22|42|45|瑞斯康达,391|-1.37|23301.5|5.25|23|66|光迅科技,423|-1.95|22847.63|4.41|11|78|瑞斯康达,339|-0.36|22764.24|4.28|48|42|鼎信通讯,491|-4.62|21712.59|4.33|2|88|神宇股份,14|3.14|22394.62|3.96|83|7|瑞斯康达,100|-1.54|22049.86|3.85|18|72|铭普光磁,127|-1.52|21713.82|5.08|20|69|光库科技,396|-5.95|20422.76|4.83|3|87|瑞斯康达,160|3.74|21186.3|4.47|86|4|鼎信通讯,23|3.71|21972.93|4.67|83|7|铭普光磁,408|-2.23|21483.24|4.47|10|80|铭普光磁,357|0.77|21647.94|4.22|62|27|德科立,80|1.20|21908.11|4.40|58|31|亨通光电,359|-1.95|21480.31|5.03|20|68|特发信息,97|2.18|21949.47|4.66|76|13|铭普光磁,171|-1.07|21713.73|4.70|20|70|汇源通信,8|0.70|21866.61|4.97|40|49|汇源通信,284|1.07|22099.8|4.50|57|32|汇源通信,71|5.44|23301.39|5.54|85|4|汇源通信,20|0.82|23492.33|6.50|36|53|长江通信,425|-0.07|23476.63|6.33|45|41|长江通信,164|0.46|23584.5|5.62|32|55|瑞斯康达,132|1.18|23863.47|5.70|57|31|震有科技,349|-0.95|23636.33|5.37|25|63|三旺通信,41|2.82|24304.04|5.24|79|10|鼎通科技,26|2.29|24859.74|5.53|59|28|剑桥科技,136|1.23|25166.01|5.66|59|30|通鼎互联,372|-0.79|24967.65|5.59|23|65|仕佳光子,10|3.12|25747.82|6.13|75|13|武汉凡谷,428|-2.25|25169.44|6.59|16|73|移为通信
BK0450|航运港口,35|0.80|12089.76||||,79|-0.79|11993.72||||,25|0.28|12026.77||||,53|0.57|12095.36||||,60|-0.10|12083.22||||,43|-0.46|12028.04||||,64|0.61|12101.95||||,5|1.27|12255.41||||,51|-0.06|12247.47||||,80|-2.80|11904.1||||,22|-0.59|11833.32||||,55|-0.97|11718.24||||,27|-3.19|11344.85||||,75|0.08|11353.43||||,75|0.50|11409.63||||,17|0.10|11420.9||||,77|-0.63|11349.31||||,34|1.40|11507.91||||,15|1.43|11672.79||||,50|-0.51|11613.74||||,16|0.04|11618.28||||,14|-0.07|11610.11||||,73|0.46|11663.24||||,48|0.56|11729.12||||,37|-0.70|11646.79||||,11|0.99|11761.8||||,58|-1.64|11568.77||||,73|-0.61|11497.7||||,19|0.70|11578.33||||,50|-1.72|11379.19||||,47|0.52|11437.98||||,59|-0.04|11433.85||||,62|1.14|11564.43||||,7|2.00|11795.75||||,51|-0.73|11709.94||||,78|-0.13|11695.06||||,38|0.83|11792.48||||,50|-0.13|11777.59||||,67|-0.88|11673.95||||,79|-1.30|11522.52||||,53|-0.20|11499.46||||,82|-0.29|11465.71||||,52|1.09|11591.14||||,45|-0.14|11575.27||||,63|0.43|11624.5||||,65|0.47|11678.97||||,50|1.39|11841.18||||,23|-0.08|11831.6||||,77|-0.59|11761.28||||,33|-0.06|11754.6||||,43|-0.39|11708.55||||,42|1.21|11850.27||||,37|0.23|11877.42||||,73|-0.43|11826.58||||,53|0.61|11898.45||||,70|0.50|11957.79||||,17|0.72|12044.19||||,35|-0.36|12000.54||||,16|0.81|12097.58||||,16|0.68|12179.75||||,39|-0.17|12159.35||||,63|-3.03|11791.5||||,72|1.09|11920.59||||,38|-0.63|12058.09||||,70|-0.54|11993.26|0.76|9|24|海航科技,54|1.16|12132.68|0.87|30|4|海航科技,20|0.32|12171.15|0.76|18|17|海通发展,14|0.66|12251.54|0.76|25|9|北部湾港,23|0.26|12283|0.88|10|22|招商轮船,83|-2.55|11969.21|1.03|2|32|海峡股份,100|2.62|12292.22|1.11|34|3|招商轮船,92|1.97|12534.27|2.01|32|3|招商轮船,174|0.23|12562.84|1.39|19|12|招商轮船,125|1.33|12730.14|1.21|32|4|北部湾港,32|3.05|13118.26|2.52|27|8|南 京 港,15|4.51|13710.47|3.28|28|9|招商南油,489|-5.25|12990.52|3.17|2|35|招商南油,451|-1.09|12849.25|2.29|12|23|中远海能,412|0.37|12897.01|1.74|25|10|凤凰航运,453|-2.48|12577.71|1.93|1|35|招商港口,396|0.51|12641.72|1.48|25|11|招商轮船,177|0.16|12662.1|1.29|18|17|中远海特,73|0.55|12732.32|1.45|24|11|招商南油,295|-0.94|12612.04|1.19|5|29|海科B,19|2.44|12920.22|1.47|33|1|海航科技,219|-1.41|12737.51|1.34|5|31|招商南油,258|0.38|12785.98|1.30|18|17|招商轮船,170|-2.13|12513.96|1.23|1|36|宁波港,87|-1.17|12367.18|1.15|7|29|盐 田 港,98|-3.97|11876.55|1.41|3|34|海通发展,128|3.95|12345.87|1.31|37|0|招商南油,342|1.50|12530.45|1.44|30|6|厦门港务,109|-0.67|12446.52|1.15|12|21|中远海特,458|-0.19|12423.03|1.09|19|18|招商轮船,242|0.31|12461.6|1.08|19|15|唐山港,279|-1.39|12288.19|0.99|5|30|唐山港,203|1.62|12487.67|1.12|26|8|锦江航运,30|1.10|12624.59|1.44|22|10|招商轮船,74|-1.24|12468.4|1.33|7|30|招商南油,343|0.77|12564.85|1.21|22|12|中远海发,414|1.71|12779.39|1.45|32|5|北部湾港,292|-1.55|12581.88|1.04|3|32|海通发展,480|-0.95|12462.12|1.11|13|22|北部湾港,452|-1.15|12318.45|1.07|5|31|唐山港,433|-0.36|12273.49|0.87|13|20|招商轮船,109|0.21|12299.63|0.72|17|16|中远海特,445|0.19|12322.91|0.73|21|15|凤凰航运,280|-0.22|12295.43|0.79|9|22|国航远洋,334|0.33|12335.39|0.77|18|16|国航远洋,116|0.38|12381.69|0.79|27|10|海通发展,387|-0.54|12314.75|0.74|8|27|中远海特,205|-0.70|12227.96|0.74|14|21|招商港口
BK0451|房地产开发,31|0.84|15469.69||||,51|-0.07|15458.49||||,61|-0.47|15386.36||||,27|1.16|15564.84||||,9|1.21|15753.21||||,32|-0.24|15715.66||||,35|1.15|15897.03||||,15|0.60|15993.14||||,8|1.42|16220.61||||,69|-2.13|15875.86||||,72|-2.06|15549.5||||,14|0.01|15551.39||||,46|-3.68|14978.93||||,71|0.17|15003.9||||,40|1.30|15198.67||||,50|-0.54|15115.96||||,49|0.01|15117.94||||,49|1.11|15286.03||||,74|-0.07|15275.31||||,13|0.40|15336.52||||,69|-1.23|15148.56||||,54|-1.09|14984.05||||,75|0.36|15037.65||||,62|0.19|15066.51||||,77|-1.72|14808.07||||,5|1.59|15042.96||||,85|-3.03|14586.71||||,77|-0.81|14468.61||||,57|-0.19|14441.09||||,30|-1.19|14269.25||||,65|0.05|14277.02||||,57|-0.03|14272.77||||,8|2.37|14611.7||||,64|0.14|14632.07||||,63|-1.05|14478.08||||,53|0.68|14576.36||||,37|0.84|14698.19||||,33|0.21|14729.31||||,45|-0.34|14678.93||||,62|-0.91|14545.41||||,12|0.80|14661.92||||,54|1.08|14820.04||||,47|1.16|14991.64||||,39|0.02|14995.23||||,23|1.54|15226.49||||,53|0.78|15345.53||||,83|-0.36|15290.22||||,47|-1.18|15109.52||||,79|-0.68|15006.15||||,34|-0.11|14989.78||||,52|-0.57|14904.84||||,45|1.14|15074.86||||,5|1.41|15287.21||||,44|0.62|15381.98||||,33|1.06|15544.28||||,50|0.89|15682.62||||,47|-1.39|15464.78||||,61|-1.01|15308.18||||,19|0.58|15396.93||||,8|1.92|15692.78||||,73|-1.69|15427.66||||,61|-2.88|14982.89||||,56|1.62|15225||||,16|0.19|15630.5||||,69|-0.53|15547.88|1.65|26|58|皇庭B,31|1.80|15827.91|2.11|77|7|沙河股份,73|-0.78|15705.17|1.53|16|64|皇庭B,27|0.23|15741.14|1.28|38|39|京投发展,57|-0.78|15617.61|1.51|22|62|合肥城建,25|-0.37|15559.93|1.40|24|61|京能置业,333|0.80|15676.84|1.44|60|30|凤凰股份,85|2.09|16004.59|2.16|82|8|城投控股,474|-2.02|15682.04|2.04|9|82|黑牡丹,340|0.18|15710.82|1.32|56|31|京基智农,297|-2.34|15343.91|1.74|6|87|西藏城投,215|-2.62|14941.41|1.76|5|89|京投发展,266|-0.80|14821.76|1.36|21|67|华丽家族,258|0.88|14952.93|1.18|76|10|西藏城投,196|1.74|15213.65|1.24|85|6|大龙地产,336|-1.37|15005.32|1.33|9|82|西藏城投,284|1.26|15194.9|1.11|76|11|首开股份,185|0.13|15214.93|1.16|39|42|西藏城投,149|-0.23|15180.69|1.21|26|56|汇丽B,104|0.17|15206.29|1.57|39|46|京投发展,148|0.66|15306.26|1.35|60|22|京投发展,35|0.56|15391.3|2.21|49|36|中洲控股,437|-0.86|15258.27|1.68|24|65|沙河股份,255|-2.51|14874.73|1.42|3|89|*ST阳光,115|-1.40|14666.21|1.48|10|82|京投发展,246|-5.33|13883.97|1.93|2|91|首开股份,174|3.63|14387.84|1.56|92|1|西藏城投,227|2.00|14675.12|1.35|86|5|汇丽B,151|-0.95|14535.6|1.25|18|68|天保基建,279|1.06|14689.63|1.22|69|16|上实发展,352|-0.17|14665.09|1.27|34|48|世荣兆业,192|-1.03|14513.4|1.30|12|73|三湘印象,429|0.06|14521.79|1.18|48|29|张江高科,314|-1.84|14254.15|1.23|9|78|京能置业,243|-2.39|13912.94|1.15|10|82|华夏幸福,294|1.02|14055.06|0.98|61|27|京能置业,278|3.14|14496.93|1.28|92|0|京能置业,184|-0.99|14352.71|1.15|16|73|京能置业,245|0.81|14468.97|1.09|67|18|金 融 街,95|0.89|14597.84|1.37|60|27|金 融 街,52|2.15|14911.58|2.08|79|11|盈新发展,456|-1.85|14635.38|2.05|14|76|京投发展,381|0.69|14736.25|1.43|54|28|京投发展,179|0.35|14787.11|1.66|40|44|京投发展,457|-0.45|14719.92|1.46|25|56|黑牡丹,189|-0.03|14715.62|1.29|33|51|苏州高新,226|0.28|14756.96|1.34|36|45|苏州高新,150|-0.42|14695.58|1.43|22|63|苏州高新
BK0457|电网设备,1|4.99|36435.15||||,37|0.36|36565.75||||,27|0.19|36635.41||||,61|0.31|36747.98||||,57|-0.01|36743.6||||,81|-1.61|36153.68||||,37|1.09|36547.52||||,73|-1.23|36096.98||||,40|0.13|36142.57||||,71|-2.20|35346.68||||,69|-1.92|34668.09||||,65|-1.27|34227.81||||,78|-5.16|32460.53||||,45|1.10|32818.54||||,19|1.74|33388.26||||,79|-1.13|33011.72||||,35|0.35|33128.68||||,19|1.67|33682.82||||,47|0.48|33844.9||||,54|-0.60|33640.29||||,44|-0.78|33378.12||||,31|-0.64|33162.84||||,6|2.74|34071.04||||,35|0.98|34406.37||||,16|-0.04|34393.54||||,77|-0.61|34184.21||||,7|-0.11|34145.99||||,2|3.28|35265.16||||,43|0.08|35291.93||||,56|-1.82|34650.12||||,79|-0.26|34561.26||||,80|-0.99|34219.73||||,33|1.56|34752.8||||,43|0.48|34918.06||||,33|-0.33|34801.63||||,24|1.50|35325.13||||,28|1.08|35707.74||||,58|-0.37|35574.65||||,58|-0.66|35339.73||||,40|-0.50|35162.55||||,59|-0.25|35076.14||||,41|1.56|35621.69||||,43|1.19|36046.51||||,6|1.67|36646.83||||,26|1.26|37107.29||||,46|0.96|37462.27||||,28|2.02|38217.51||||,11|1.14|38651.95||||,48|0.22|38738.25||||,16|0.38|38886.27||||,3|1.80|39586.61||||,2|5.28|41675.42||||,54|-0.53|41454.55||||,83|-1.20|40956.63||||,69|0.24|41052.91||||,18|2.01|41878.97||||,53|-1.47|41261.72||||,67|-1.21|40761||||,49|-0.68|40483.21||||,82|-2.75|39371.6||||,44|-0.28|39261.34||||,1|1.98|40040.54||||,27|2.64|41098.94||||,82|-3.36|40080.64||||,14|1.21|40564.9|4.74|102|35|积成电子,23|1.94|41350.26|4.71|125|12|洛凯股份,69|-0.71|41054.75|3.79|36|100|崧盛股份,65|-0.54|40831.78|3.19|40|97|华明装备,5|2.13|41699.7|5.17|113|24|顺钠股份,71|-1.61|41028.48|3.67|12|123|汉缆股份,50|3.59|42479.15|4.79|128|9|森源电气,261|0.74|42792.24|4.74|82|53|汉缆股份,27|2.14|43709.35|5.34|125|11|北京科锐,304|0.32|43848.59|4.59|62|74|北京科锐,164|-1.20|43321.6|5.14|35|104|华盛昌,321|-3.49|41811.21|5.38|15|123|北京科锐,7|3.79|43395.57|5.81|132|7|顺钠股份,12|3.73|45016|7.29|129|10|顺钠股份,117|2.32|46060.81|7.39|111|27|顺钠股份,18|2.18|47062.95|8.11|104|34|顺钠股份,376|0.68|47380.79|7.19|80|57|北京科锐,224|-0.08|47344.88|6.95|45|93|风范股份,420|-1.54|46617.36|6.05|25|114|汉缆股份,480|-3.22|45118.47|5.54|15|124|起帆电缆,414|-1.17|44590.6|4.59|33|105|顺钠股份,436|-3.09|43213.34|4.68|15|123|顺钠股份,52|2.02|44085.51|4.35|122|17|长城科技,368|-3.06|42738.33|4.00|11|128|威腾电气,263|-2.37|41726.31|4.13|19|119|泽宇智能,121|-4.33|39917.84|4.53|8|131|新宏泰,71|4.43|41687.8|4.47|136|3|新能泰山,280|1.78|42431.91|4.32|121|18|新能泰山,435|-2.50|41369.45|3.57|15|123|新能泰山,278|1.06|41808.74|3.39|99|38|新能泰山,434|-0.85|41452.01|3.69|36|101|杭电股份,312|-1.57|40800.36|3.93|27|111|新能泰山,262|1.33|41342.44|3.38|116|22|通达股份,282|-1.69|40642.42|3.98|21|118|新能泰山,250|-2.40|39664.98|3.70|18|120|华盛昌,357|0.69|39939.68|2.92|91|46|新能泰山,107|4.86|41880.94|4.25|135|4|远东股份,232|-1.22|41371.94|3.49|29|108|华盛昌,276|0.71|41666.36|3.48|112|25|申昊科技,372|-0.50|41455.98|3.20|50|88|华盛昌,144|1.10|41912.72|3.53|106|30|远程股份,19|1.62|42591.34|5.25|99|39|华菱线缆,305|1.07|43048.29|4.58|103|36|长城科技,160|0.47|43251.59|3.95|60|78|华盛昌,58|2.05|44137.93|4.86|115|23|通达股份,414|-1.06|43668.11|4.12|28|110|新宏泰,105|0.98|44096.89|4.04|89|48|东方电缆,327|-1.41|43475.1|4.39|26|113|大连电瓷
BK0458|仪器仪表,32|0.83|20421.45||||,41|0.21|20464.61||||,76|-0.98|20264.1||||,72|-0.06|20251.47||||,49|0.15|20281.31||||,47|-0.52|20174.96||||,66|0.58|20292.6||||,56|-0.62|20167.69||||,54|-0.11|20146.46||||,20|-0.71|20003.02||||,77|-2.14|19574.92||||,52|-0.81|19415.72||||,24|-3.19|18795.4||||,29|1.63|19101.99||||,49|1.09|19310.3||||,81|-1.23|19073.73||||,38|0.31|19132.24||||,32|1.41|19402.15||||,31|0.88|19572.35||||,66|-0.93|19390.48||||,64|-1.14|19168.92||||,24|-0.52|19069.12||||,29|1.68|19390.33||||,21|1.30|19642.31||||,48|-0.95|19455.72||||,68|-0.33|19391.17||||,3|0.13|19417.29||||,22|0.51|19516.52||||,65|-0.62|19395.65||||,26|-1.03|19196.32||||,56|0.36|19265.85||||,12|1.25|19507.32||||,50|1.31|19762.85||||,40|0.54|19869.08||||,68|-1.19|19633.45||||,37|1.01|19832.17||||,19|1.28|20086.15||||,72|-0.62|19961.95||||,31|-0.16|19929.33||||,19|0.05|19938.59||||,14|0.68|20074.37||||,34|1.68|20411.61||||,69|0.79|20573.27||||,42|-0.01|20571.44||||,39|0.90|20755.74||||,27|1.34|21034.68||||,12|3.40|21750.7||||,66|-1.83|21353||||,32|0.73|21509.15||||,69|-1.18|21256.32||||,9|1.54|21584.22||||,55|0.71|21737.53||||,70|-1.18|21480.52||||,32|0.91|21675.07||||,62|0.46|21775.2||||,23|1.75|22156.68||||,75|-2.34|21638.89||||,27|-0.09|21620.04||||,70|-1.44|21309.18||||,73|-1.84|20917.36||||,15|0.54|21029.9||||,15|-1.28|20760.19||||,36|2.31|21239.21||||,56|-1.33|20946.24||||,31|0.37|21023.45|2.75|49|27|普源精电,21|2.05|21455.05|3.49|68|7|宏英智能,33|0.06|21468.32|2.84|34|42|禾信仪器,41|-0.13|21441.35|2.75|33|44|思看科技,27|0.09|21460.74|3.02|38|39|金卡智能,9|0.19|21502.21|2.67|43|34|精测电子,348|0.72|21751.41|3.17|45|18|理工光科,283|0.67|21897.64|4.26|35|28|精测电子,90|1.00|22115.94|3.65|39|23|同宇新材,234|0.62|22253.88|3.50|33|27|思看科技,395|-2.94|21599.56|4.01|8|55|理工光科,427|-4.71|20581.92|4.76|2|61|基康技术,143|-0.16|20549.41|3.30|24|39|瑞纳智能,152|1.42|20841.48|3.54|49|13|华兴源创,341|1.00|21049.67|3.08|48|15|威星智能,379|-1.56|20721.31|3.50|11|51|海川智能,81|2.56|21252.13|2.88|60|3|同宇新材,317|-0.44|21158.64|4.17|18|45|东方智造,468|-2.05|20725.38|3.46|1|62|多浦乐,243|-0.62|20597.3|3.40|17|45|海川智能,249|0.14|20626.54|2.79|33|30|优利德,403|-2.63|20083.92|3.68|5|58|东方智造,89|1.64|20413.79|2.84|55|8|海川智能,338|-2.86|19829.96|2.68|3|60|禾信仪器,287|-2.43|19347.17|2.84|6|57|禾信仪器,427|-6.17|18153.34|3.55|2|61|禾信仪器,125|3.97|18874.64|2.87|60|2|咸亨国际,231|1.97|19247.32|2.35|58|4|海川智能,302|-1.64|18932.2|2.19|8|55|*ST威尔,212|1.30|19177.5|1.85|53|9|威星智能,208|0.43|19259.31|2.08|39|22|光格科技,294|-1.46|18978.41|2.19|13|49|日月明,157|1.86|19330.56|1.93|56|7|埃科光电,168|-1.06|19126.12|2.24|16|47|必创科技,42|-0.85|18964.22|2.49|15|48|优利德,172|1.58|19264.16|2.46|50|11|同宇新材,98|5.09|20243.79|3.03|62|1|鼎阳科技,116|-0.59|20124.71|2.67|18|45|咸亨国际,339|0.45|20215.24|2.76|46|16|工大科雅,131|0.67|20349.73|2.66|25|37|埃科光电,148|1.07|20566.69|2.91|42|20|工大科雅,254|-0.50|20463.97|2.83|19|44|工大科雅,242|1.37|20744.9|2.63|55|8|荣旗科技,56|1.66|21089.61|2.72|41|21|优利德,121|1.31|21365.42|2.87|46|16|基康技术,369|-0.78|21199.25|2.73|19|43|光格科技,58|1.45|21507.22|2.63|43|20|优利德,435|-2.30|21013.35|3.18|8|55|优利德
BK0465|化学制药,68|0.14|39208.86||||,63|-0.32|39083.04||||,50|-0.23|38992.94||||,18|1.42|39545.68||||,20|0.76|39846.03||||,15|0.36|39988.7||||,26|1.45|40568.86||||,7|1.19|41051.48||||,82|-1.64|40378.53||||,35|-1.17|39904.73||||,71|-1.96|39121.07||||,34|-0.39|38970.01||||,53|-3.86|37465.15||||,34|1.47|38017.23||||,7|2.37|38917.03||||,3|1.18|39376.96||||,60|-0.20|39298.84||||,83|-0.29|39184.95||||,63|0.22|39271.48||||,69|-1.03|38867.92||||,24|-0.22|38782.47||||,27|-0.55|38570.74||||,79|0.04|38587.65||||,60|0.26|38686.36||||,67|-1.35|38163.36||||,56|-0.13|38112.22||||,25|-0.98|37740.38||||,67|-0.45|37569.43||||,77|-0.97|37206.4||||,70|-2.07|36435.26||||,34|0.73|36701.06||||,34|0.44|36860.72||||,31|1.61|37454.44||||,59|0.19|37526.18||||,32|-0.32|37407.34||||,70|0.33|37531.45||||,57|0.49|37715.02||||,59|-0.38|37573.06||||,78|-1.20|37123.55||||,34|-0.37|36985.47||||,51|-0.18|36920.33||||,10|3.06|38049.13||||,78|0.49|38236.26||||,30|0.18|38306.38||||,33|1.02|38697.36||||,18|1.97|39459.47||||,73|0.48|39647.52||||,9|1.23|40133.95||||,72|-0.46|39949.83||||,67|-1.13|39497.46||||,59|-0.86|39159.63||||,62|0.44|39331.44||||,52|-0.44|39158.11||||,50|0.34|39291.25||||,73|0.05|39310.21||||,33|1.34|39836.01||||,16|0.76|40138.54||||,75|-1.45|39556.84||||,74|-1.61|38920.73||||,48|-0.80|38608.43||||,56|-0.58|38383.53||||,57|-2.57|37396.06||||,60|1.59|37992.35||||,18|0.10|38319.33||||,21|0.78|38620|2.22|100|41|海翔药业,76|0.68|38883.46|1.78|105|38|海翔药业,11|0.49|39072.57|1.85|89|53|万邦德,57|-0.46|38890.99|1.49|40|104|科源制药,64|-1.07|38474.84|1.45|15|133|国邦医药,52|-0.83|38154.72|1.31|23|123|仟源医药,373|0.50|38371.73|1.39|102|54|前沿生物-U,224|0.89|38712.04|1.63|127|30|常山药业,367|-0.81|38397.39|1.96|29|128|海翔药业,265|0.47|38576.69|1.68|101|55|多瑞医药,340|-2.61|37569.11|2.20|13|145|浙江医药,230|-2.73|36543.2|2.13|11|148|联环药业,247|-0.70|36288.3|1.64|35|124|亚虹医药-U,213|1.11|36690.49|1.52|131|24|联环药业,48|3.00|37789.64|1.85|154|6|亚虹医药-U,173|-0.59|37566.29|2.00|33|122|海欣股份,148|2.02|38324.57|1.71|141|14|信立泰,356|-0.57|38107.44|1.51|32|120|科源制药,260|-0.78|37809|1.73|35|121|能特科技,133|-0.05|37790.6|1.85|64|89|美诺华,150|0.63|38028.54|1.54|109|48|新诺威,120|-0.82|37718|1.71|41|115|信立泰,198|0.85|38037.99|1.49|103|49|莎普爱思,220|-2.38|37134.56|1.56|8|152|万邦德,235|-2.22|36308.57|1.61|8|152|美诺华,327|-5.68|34245.85|2.30|2|158|华纳药厂,102|4.12|35655.19|2.00|158|2|美诺华,373|1.31|36122.89|1.65|131|25|双鹭药业,83|-0.44|35965.63|1.78|46|111|海森药业,10|4.52|37590.56|2.68|157|3|美诺华,115|1.00|37965.1|2.70|107|51|东诚药业,120|-0.64|37722.48|2.74|39|118|津药药业,12|4.68|39487.05|3.65|158|2|津药药业,32|1.04|39899.57|4.38|75|82|津药药业,309|-2.72|38814.31|3.93|13|147|津药药业,393|0.48|38999.25|3.66|87|70|津药药业,455|1.08|39421.74|3.75|125|33|美诺华,413|-2.20|38554.54|3.72|14|145|美诺华,335|0.47|38735.94|3.32|103|52|纳微科技,430|-0.91|38384.25|2.76|37|122|科源制药,234|0.69|38647.22|2.77|103|48|哈药股份,10|2.29|39532.66|4.41|131|24|金陵药业,466|-0.10|39491.55|3.82|69|85|昂利康,453|-1.43|38926.77|3.18|27|133|昂利康,448|-0.38|38779.29|2.76|57|97|多瑞医药,411|-1.03|38379.52|2.45|22|135|普洛药业,187|0.45|38551.44|2.26|96|61|益方生物-U,318|-1.36|38027.69|2.55|20|140|罗欣药业
BK0470|造纸印刷,49|0.57|10744.28||||,47|0.04|10748.33||||,64|-0.55|10689.4||||,12|1.79|10880.93||||,33|0.39|10922.88||||,22|0.06|10929.13||||,27|1.44|11086.36||||,42|-0.32|11051.02||||,45|0.05|11057||||,34|-1.10|10935.54||||,35|-0.98|10828.86||||,11|0.14|10844.37||||,42|-3.57|10457.23||||,50|0.98|10559.84||||,31|1.42|10709.34||||,57|-0.66|10638.34||||,1|1.95|10845.57||||,79|0.35|10883.3||||,59|0.26|10911.31||||,34|-0.29|10879.97||||,25|-0.22|10855.82||||,60|-1.24|10721.15||||,58|1.09|10837.68||||,50|0.47|10888.95||||,41|-0.82|10799.7||||,69|-0.33|10763.77||||,29|-1.09|10646.63||||,68|-0.45|10598.64||||,45|0.07|10605.69||||,31|-1.32|10465.78||||,43|0.55|10523.54||||,22|0.74|10601.81||||,20|2.00|10813.65||||,72|-0.23|10789||||,26|-0.21|10765.89||||,11|2.44|11028.26||||,3|3.13|11373.74||||,85|-1.42|11211.77||||,61|-0.73|11130.12||||,49|-0.69|11053.08||||,76|-0.73|10972.72||||,74|0.03|10975.59||||,50|1.13|11099.72||||,75|-0.75|11016.19||||,61|0.43|11064.09||||,52|0.81|11153.36||||,54|1.21|11288.21||||,44|-1.15|11158.43||||,40|0.45|11209.12||||,59|-0.69|11131.26||||,25|0.33|11168.03||||,46|1.14|11295.33||||,48|-0.29|11262.22||||,49|0.36|11302.55||||,26|1.22|11440||||,52|0.83|11535.28||||,37|-1.07|11411.89||||,55|-0.82|11317.98||||,42|-0.44|11268.1||||,38|-0.34|11230.02||||,2|1.54|11402.95||||,60|-2.81|11082.29||||,62|1.52|11251.23||||,34|-0.51|11295.85||||,20|0.83|11389.7|1.93|27|12|京华激光,55|1.14|11519.51|2.02|31|9|柏星龙,7|0.80|11611.91|2.42|25|14|永吉股份,13|0.78|11702.62|3.03|22|15|民士达,46|-0.47|11647.17|2.64|11|28|五洲特纸,6|0.39|11693.06|2.42|18|22|五洲特纸,,,,,,,,,,,,,,,,,,,,,,,,,,,,,,,,,,,,,,,,,,
BK0476|装修建材,11|1.45|16118.76||||,76|-0.74|16000.15||||,26|0.25|16040.2||||,20|1.39|16263.38||||,15|1.00|16425.5||||,20|0.22|16460.85||||,59|0.67|16570.6||||,12|0.76|16695.94||||,25|0.44|16769.18||||,38|-1.22|16564.56||||,37|-1.03|16394.44||||,7|0.27|16438.23||||,34|-3.35|15887.53||||,59|0.60|15983.6||||,42|1.24|16181.03||||,29|-0.22|16145.05||||,48|0.02|16147.64||||,43|1.25|16350.11||||,78|-0.20|16317.79||||,5|0.88|16461.56||||,29|-0.42|16392.4||||,53|-1.09|16213.62||||,36|1.40|16441.26||||,39|0.82|16576.44||||,42|-0.85|16435.11||||,53|-0.06|16425.4||||,72|-2.08|16083.01||||,66|-0.43|16013.13||||,21|0.64|16115.56||||,39|-1.53|15868.43||||,62|0.16|15894.55||||,30|0.51|15976.37||||,13|2.23|16332.15||||,71|-0.16|16306.77||||,28|-0.23|16268.54||||,45|0.85|16406.45||||,35|0.91|16555.27||||,38|0.08|16568.09||||,35|-0.19|16536.31||||,60|-0.89|16389.7||||,55|-0.21|16355.28||||,28|1.86|16659.17||||,81|0.43|16730.44||||,50|-0.27|16684.54||||,17|1.72|16970.74||||,75|0.19|17002.92||||,52|1.33|17229.22||||,42|-0.99|17057.82||||,26|0.84|17201.45||||,47|-0.45|17124.41||||,60|-0.93|16965.71||||,21|1.75|17261.91||||,6|1.30|17486.43||||,26|0.98|17657.82||||,10|2.14|18035.19||||,44|1.07|18227.89||||,43|-1.22|18006.3||||,29|-0.13|17983.59||||,39|-0.39|17913.44||||,15|0.91|18076.57||||,41|-0.22|18035.95||||,53|-2.42|17600.06||||,59|1.60|17881.95||||,21|-0.03|18314.37||||,46|0.00|18315|2.28|37|29|康欣新材,45|1.29|18550.94|2.64|54|13|雅博股份,47|-0.20|18513.74|3.02|18|48|雅博股份,44|-0.16|18483.45|2.20|26|40|雅博股份,61|-0.99|18300.4|2.85|13|55|雅博股份,63|-1.13|18093.52|2.35|19|49|ST纳川,156|2.02|18438.61|2.34|29|8|青龙管业,82|2.12|18828.69|3.27|31|6|科顺股份,377|-0.85|18668.49|2.51|11|26|青龙管业,298|0.34|18732.33|2.05|21|16|万里石,165|-1.20|18506.81|2.95|8|28|凯伦股份,274|-3.14|17926.47|2.86|4|33|雄塑科技,233|-0.65|17809.87|2.26|9|28|中旗新材,376|0.10|17828.49|1.95|23|13|顾地科技,258|1.42|18081.02|1.99|26|10|扬子新材,376|-1.53|17803.96|2.21|5|31|东宏股份,184|1.79|18122.11|1.73|32|3|法狮龙,381|-0.67|18000.48|1.97|9|25|中旗新材,242|-0.69|17875.42|2.30|11|26|扬子新材,186|-0.29|17824.26|2.56|14|20|ST纳川,167|0.50|17913.87|2.55|18|18|ST纳川,196|-1.26|17687.67|2.81|6|30|国亮新材,315|0.01|17689.61|2.14|17|19|晶雪节能,408|-3.33|17099.72|2.16|0|36|方大Ｂ,316|-2.56|16662.28|2.14|2|35|三棵树,333|-5.71|15710.13|2.52|0|37|顾地科技,49|4.66|16442.03|2.43|37|0|科顺股份,250|1.89|16752.84|1.86|35|2|友邦吊顶,211|-1.18|16555.51|1.55|5|30|法狮龙,197|1.37|16782.25|1.58|30|4|凯伦股份,142|0.74|16907.2|1.90|23|13|三棵树,282|-1.41|16668.19|1.59|6|29|兔 宝 宝,332|0.92|16822.22|1.37|26|7|万里石,209|-1.37|16591.57|1.41|7|29|濮耐股份,351|-2.91|16108.8|1.67|3|34|友邦吊顶,186|1.51|16351.66|1.42|29|7|森泰股份,234|3.51|16925.25|1.85|37|0|法狮龙,146|-0.73|16801.45|1.61|8|29|友邦吊顶,207|0.97|16963.8|1.59|30|7|瑞泰科技,314|-0.26|16919.16|1.66|17|20|扬子新材,382|0.02|16922.79|1.62|15|18|万里石,148|-0.07|16910.16|1.66|17|20|罗普斯金,157|1.71|17199.02|1.73|32|4|罗普斯金,310|-0.32|17144.56|2.38|13|24|科创新材,149|1.13|17337.49|2.83|25|13|开尔新材,452|-1.29|17113.75|2.15|6|30|北京利尔,199|0.42|17186.32|2.14|18|20|中旗新材,307|-1.30|16962.2|2.11|8|28|科顺股份
BK0477|酿酒行业,70|0.09|51220.27||||,71|-0.52|50955.07||||,51|-0.25|50826.74||||,1|3.46|52587.87||||,44|0.19|52689.04||||,24|-0.02|52678.16||||,55|0.73|53064.33||||,64|-0.95|52562.65||||,53|-0.07|52527.44||||,21|-0.74|52140.08||||,34|-0.93|51652.71||||,43|-0.52|51386.32||||,9|-2.29|50209.31||||,74|0.11|50264.34||||,77|0.38|50455.87||||,30|-0.23|50340||||,55|-0.12|50279.04||||,72|0.45|50506.86||||,68|0.14|50579.95||||,47|-0.47|50342.09||||,61|-1.10|49789.7||||,79|-1.76|48912.63||||,68|0.70|49254.73||||,81|-0.40|49059.68||||,30|-0.53|48801.21||||,23|0.59|49088.52||||,61|-1.77|48219.03||||,57|-0.26|48095.21||||,10|0.88|48518.52||||,16|-0.53|48261.19||||,83|-0.65|47945.5||||,63|-0.12|47890.31||||,59|1.15|48439.07||||,56|0.21|48538.52||||,53|-0.78|48161.06||||,77|-0.09|48115.52||||,26|1.14|48662.8||||,83|-0.89|48231.97||||,75|-1.15|47677.54||||,44|-0.58|47400.59||||,72|-0.59|47120.74||||,57|1.02|47601.65||||,68|0.79|47978.99||||,51|-0.28|47842.59||||,70|0.01|47849.53||||,61|0.61|48141.1||||,65|0.96|48605.24||||,40|-0.92|48156.95||||,75|-0.54|47897.34||||,52|-0.58|47618.69||||,40|-0.20|47524.89||||,54|0.74|47875.84||||,32|0.39|48064.75||||,85|-1.38|47401.87||||,55|0.57|47671.33||||,80|0.06|47700.57||||,42|-1.15|47152.13||||,80|-1.68|46359.41||||,27|0.05|46383.13||||,3|7.25|49747.78||||,80|-2.80|48355.32||||,2|1.23|48951.83||||,84|-0.01|48947.57||||,11|0.59|49652.76||||,85|-1.95|48684.97|1.60|2|35|*ST兰黄,78|0.59|48971.26|1.39|26|12|皇台酒业,80|-1.09|48437.92|1.21|6|31|*ST椰岛,47|-0.25|48314.57|0.95|9|29|*ST岩石,83|-1.73|47476.94|1.12|1|38|张  裕Ｂ,34|-0.58|47203.85|0.88|10|28|ST西发,,,,,,,,,,,,,,,,,,,,,,,,,,,,,,,,,,,,,,,,,,
BK0478|有色金属,48|0.57|23953.01||||,2|3.30|24742.78||||,52|-0.28|24674.28||||,50|0.69|24844.17||||,67|-0.27|24776.44||||,16|0.34|24860.21||||,6|2.73|25539.61||||,81|-1.52|25150.77||||,73|-0.98|24905.05||||,79|-2.74|24223.77||||,17|-0.14|24190.75||||,15|-0.01|24187.41||||,81|-5.47|22864.93||||,42|1.20|23139.47||||,13|2.07|23617.33||||,60|-0.72|23448.26||||,47|0.04|23456.67||||,26|1.52|23813.65||||,4|2.09|24310.4||||,72|-1.07|24050.4||||,6|0.81|24245.12||||,34|-0.76|24061.37||||,3|3.61|24929.02||||,36|0.89|25150.96||||,86|-2.72|24465.6||||,25|0.58|24607.15||||,38|-1.31|24283.7||||,6|1.86|24735.01||||,58|-0.32|24657.07||||,82|-2.89|23944.49||||,8|2.17|24464.39||||,52|0.09|24485.43||||,24|1.83|24933.75||||,19|1.24|25243.35||||,15|0.13|25276.12||||,22|1.50|25654.91||||,59|0.44|25768.3||||,3|2.82|26495.84||||,49|-0.41|26387.23||||,26|-0.21|26330.58||||,23|0.47|26454.11||||,25|2.05|26996.59||||,7|2.88|27775.42||||,41|-0.01|27773.91||||,74|-0.09|27747.56||||,16|2.14|28342.66||||,29|2.01|28913.25||||,46|-1.15|28579.34||||,38|0.46|28711.7||||,9|1.30|29084.38||||,49|-0.47|28947.85||||,33|1.42|29357.51||||,45|-0.27|29278.2||||,9|1.71|29777.91||||,18|1.57|30245.85||||,4|3.74|31376.21||||,5|2.53|32169.8||||,56|-0.84|31900.5||||,5|4.83|33442.21||||,24|0.38|33568.71||||,83|-5.42|31749.12||||,82|-5.92|29870.37||||,39|2.17|30517.2||||,81|-3.09|29689.79||||,48|0.00|29688.59|3.34|36|37|鼎胜新材,32|1.74|30206.53|2.64|64|10|利源股份,70|-0.73|29985.07|2.30|21|54|博威合金,9|1.30|30374.8|2.46|60|14|国城矿业,19|0.44|30509.31|2.51|39|35|和胜股份,79|-1.95|29915.87|2.42|8|67|豪美新材,64|3.28|30837.88|3.06|126|14|江南新材,29|3.76|31997.51|4.11|131|10|云南锗业,185|0.16|32049.73|3.49|50|90|云南锗业,25|3.31|33110.26|3.95|127|13|章源钨业,53|1.44|33586.03|5.48|64|77|华锡有色,465|-5.78|31645.83|4.86|5|135|晓程科技,108|0.11|31679.68|3.63|66|73|东方锆业,406|-0.15|31633.08|3.24|64|76|永兴材料,465|-0.86|31360.88|2.63|41|99|章源钨业,261|-1.02|31040.82|3.20|42|99|四川黄金,249|1.46|31494.11|2.37|110|29|海星股份,406|-0.79|31246.61|2.43|47|92|永兴材料,250|-0.75|31012.25|2.89|37|101|深圳新星,449|-2.42|30261.31|2.91|17|124|海亮股份,443|-1.75|29730.74|3.25|24|113|悦安新材,346|-2.24|29065.45|2.33|17|121|招金黄金,312|0.06|29082.79|2.17|68|72|天工股份,478|-5.07|27607.74|3.12|2|138|江南新材,193|-1.99|27058.65|2.52|17|123|云南锗业,297|-5.58|25549.58|3.28|7|134|国城矿业,166|3.68|26491.02|2.92|133|8|融捷股份,114|2.50|27153.94|3.01|135|5|融捷股份,226|-1.24|26817.95|2.15|25|115|丽岛新材,40|3.05|27634.78|2.43|133|8|云南锗业,32|2.11|28217.02|3.08|106|33|常铝股份,299|-1.50|27793.71|3.06|26|115|闽发铝业,243|1.41|28186|2.70|110|30|丽岛新材,355|-2.05|27607.2|2.42|21|120|西藏矿业,154|-1.79|27113.27|1.73|24|117|云南锗业,164|1.65|27560.31|1.87|111|30|怡球资源,79|5.31|29023.86|3.27|140|0|西部黄金,82|-0.34|28926.43|2.55|51|87|和胜股份,398|0.10|28955.71|2.43|66|76|豪美新材,126|0.69|29156.81|2.24|79|55|焦作万方,111|1.44|29577.66|2.65|105|37|众源新材,387|-1.09|29254.93|2.78|30|113|和胜股份,59|2.51|29988.01|2.66|126|17|宁波富邦,91|1.21|30349.82|2.81|90|49|株冶集团,142|1.18|30706.78|2.95|97|45|株冶集团,190|-0.03|30696.04|2.45|60|82|株冶集团,156|0.61|30883.01|2.94|73|65|博迁新材,479|-3.34|29851.55|3.25|13|130|锌业股份
BK0480|航天航空,71|0.09|53626.18||||,11|1.40|54374.86||||,49|-0.22|54254.32||||,69|0.04|54276.85||||,83|-1.04|53713.09||||,65|-0.78|53294.06||||,60|0.66|53644.09||||,46|-0.41|53421.87||||,6|1.60|54277.39||||,73|-2.23|53065.83||||,11|0.59|53379.19||||,67|-1.30|52686.07||||,3|-1.44|51926.38||||,2|4.94|54490.63||||,80|0.23|54615.54||||,85|-2.66|53164.89||||,45|0.14|53236.9||||,11|1.84|54218.79||||,13|1.55|55060.12||||,39|-0.36|54860.81||||,78|-1.86|53841.56||||,2|1.11|54438.01||||,7|2.52|55808.11||||,29|1.09|56418.69||||,43|-0.85|55939.1||||,20|0.74|56354.73||||,5|0.09|56403.66||||,11|1.47|57232.43||||,13|0.79|57686.62||||,65|-1.99|56537.7||||,85|-0.84|56061.45||||,2|2.08|57226.92||||,32|1.58|58132.31||||,80|-0.43|57879.82||||,83|-1.96|56743.41||||,2|3.53|58743.71||||,1|3.93|61051.53||||,15|0.60|61420.32||||,4|1.52|62354.16||||,69|-1.03|61714.06||||,1|2.72|63392.04||||,52|1.09|64085.79||||,8|2.82|65892.5||||,83|-1.08|65182.69||||,2|4.90|68378.63||||,6|3.05|70465.72||||,4|5.97|74672.38||||,86|-6.75|69633.03||||,78|-0.66|69174.4||||,76|-2.16|67680.8||||,67|-1.22|66855.29||||,3|4.03|69547.84||||,84|-2.39|67885.23||||,59|0.03|67907.31||||,1|4.58|71020.35||||,34|1.32|71956.99||||,86|-4.22|68918.76||||,3|2.61|70720.05||||,82|-2.38|69038.41||||,63|-1.40|68072.4||||,69|-1.51|67045.27||||,39|-1.92|65755.85||||,7|3.91|68323.75||||,27|-0.24|68794.06||||,83|-1.74|67599.28|2.73|5|41|超卓航科,49|1.22|68422.19|2.62|37|8|广联航空,44|-0.17|68306.92|2.92|23|24|航宇科技,83|-1.57|67231.24|2.37|5|42|*ST立航,21|0.40|67500.29|2.52|22|25|航发动力,2|2.21|68990.82|3.31|35|11|安达维尔,,,,,,,,,,,,,,,,,,,,,,,,,,,,,,,,,,,,,,,,,,
BK0481|汽车零部件,36|0.74|51163.07||||,14|1.32|51837.91||||,83|-1.41|51109.21||||,78|-0.62|50790.26||||,40|0.25|50915.01||||,69|-0.95|50428.9||||,65|0.58|50722.02||||,51|-0.50|50469.26||||,52|-0.07|50434.12||||,39|-1.29|49785.65||||,56|-1.49|49044.78||||,59|-1.07|48522.29||||,17|-3.01|47063.9||||,36|1.40|47725.06||||,53|1.03|48214.8||||,18|0.09|48259.01||||,39|0.30|48405||||,38|1.33|49047.59||||,21|1.25|49662.61||||,63|-0.88|49227.73||||,51|-0.91|48777.85||||,13|-0.06|48748.97||||,30|1.57|49513.98||||,33|0.98|49996.94||||,35|-0.67|49663.43||||,29|0.49|49905.38||||,28|-1.06|49376.56||||,46|-0.04|49356.85||||,66|-0.68|49023.47||||,20|-0.71|48674.85||||,39|0.62|48978.18||||,40|0.31|49131.15||||,10|2.33|50275.75||||,33|0.78|50665.47||||,69|-1.24|50039.61||||,25|1.48|50779.91||||,6|2.05|51821.78||||,70|-0.55|51536.37||||,10|0.84|51969.61||||,4|1.41|52700.51||||,42|0.05|52726.11||||,67|0.50|52989.19||||,29|1.63|53851.35||||,67|-0.57|53542||||,40|0.85|53997.74||||,49|0.91|54491.34||||,53|1.32|55210.38||||,55|-1.40|54436.65||||,59|-0.04|54415.55||||,20|0.17|54507.7||||,7|1.61|55385.16||||,47|1.07|55979.39||||,59|-0.76|55555.42||||,11|1.65|56473.12||||,71|0.21|56594.05||||,29|1.46|57421.79||||,82|-2.83|55796.94||||,28|-0.11|55735.86||||,77|-1.71|54785.45||||,74|-1.91|53740.04||||,19|0.43|53971.81||||,30|-1.70|53054.58||||,42|1.99|54110.81||||,45|-0.79|54056.33||||,30|0.46|54306.37|2.97|134|93|凯龙高科,53|1.17|54941.19|2.57|200|34|凯龙高科,30|0.12|55009.85|2.54|111|118|万向钱潮,73|-0.64|54660.51|2.39|63|165|菱电电控,18|0.45|54909.22|2.76|111|122|长源东谷,7|0.29|55069.49|2.72|117|116|浙江世宝,318|0.87|55478.37|3.23|188|69|天润工业,379|0.29|55641.48|3.20|146|114|跃岭股份,156|0.36|55842.2|2.98|132|126|天润工业,409|-0.13|55767.57|2.67|97|161|长源东谷,346|-2.63|54301.67|3.34|30|232|飞龙股份,322|-3.50|52400.98|3.36|17|249|新铝时代,276|-0.84|51961.93|2.37|67|193|三联锻造,202|1.18|52577.13|2.32|226|37|兴民智通,205|1.69|53464.94|2.33|228|35|中原内配,416|-1.86|52471.54|2.66|20|249|万通智控,98|2.45|53756.29|2.21|255|13|飞龙股份,306|-0.37|53558.15|2.41|91|174|腾龙股份,337|-1.14|52949.57|2.37|49|216|坤泰股份,324|-1.07|52380.51|2.18|41|221|纳百川,305|-0.21|52268.31|2.09|125|138|一彬科技,200|-1.29|51594.43|2.88|45|222|纳百川,177|0.98|52099.39|2.24|192|68|奥福科技,310|-2.74|50672.75|2.06|15|255|奥福科技,348|-2.74|49282.43|2.18|19|248|朗博科技,213|-5.11|46765.69|2.77|11|257|纳百川,342|2.85|48096.94|2.20|252|13|湖南天雁,217|2.06|49087.82|2.14|249|18|新泉股份,235|-1.28|48457.29|2.21|50|215|华阳变速,334|0.84|48862.53|1.96|204|60|建设工业,259|0.23|48977.27|2.00|127|134|华达科技,139|-0.76|48603.35|2.11|76|189|松芝股份,186|1.70|49431.44|2.07|239|29|华培动力,244|-1.52|48681.03|2.01|41|227|川环科技,162|-1.84|47787.53|1.79|40|228|嵘泰股份,373|0.63|48086.24|1.72|169|90|文灿股份,150|4.34|50171.19|2.51|265|3|长源东谷,88|-0.38|49979.85|2.17|68|196|长源东谷,93|1.38|50670.4|2.29|222|43|长源东谷,263|0.00|50671.88|2.19|104|158|长源东谷,206|0.82|51084.87|2.28|189|74|新朋股份,180|-0.24|50962.02|2.37|88|175|长源东谷,231|1.40|51674.16|2.44|228|37|苏常柴Ａ,125|0.76|52067.2|2.41|137|126|圣龙股份,294|0.49|52322.64|2.67|148|115|飞龙股份,248|-0.27|52181.92|2.58|83|179|海泰科,181|0.49|52437.8|2.60|144|115|富特科技,371|-1.75|51521.93|2.92|45|226|通达电气
BK0485|旅游酒店,42|0.67|17086.94||||,85|-1.92|16758.18||||,14|0.73|16880.47||||,2|3.34|17444.01||||,51|0.11|17462.41||||,44|-0.48|17379.18||||,17|1.69|17672.07||||,57|-0.66|17555.12||||,28|0.37|17620.62||||,37|-1.22|17405.09||||,16|0.17|17433.86||||,78|-2.11|17065.45||||,15|-2.97|16557.94||||,17|2.07|16900.53||||,43|1.19|17102.28||||,71|-0.93|16942.9||||,34|0.36|17003.74||||,80|0.31|17056.49||||,6|1.87|17374.6||||,10|0.51|17463.27||||,20|-0.13|17440.67||||,85|-2.80|16951.84||||,83|-0.11|16932.5||||,58|0.32|16986.87||||,58|-1.13|16794.39||||,34|0.36|16854.47||||,55|-1.61|16583.75||||,28|0.39|16648.13||||,35|0.15|16672.29||||,4|0.58|16769.29||||,9|2.09|17119.42||||,66|-0.15|17093.94||||,16|2.10|17452.2||||,55|0.22|17490.56||||,86|-2.36|17077.94||||,57|0.63|17185.12||||,68|0.20|17218.89||||,27|0.34|17276.73||||,60|-0.73|17151.41||||,42|-0.56|17055.71||||,17|0.62|17161.06||||,86|-0.67|17046.93||||,76|0.52|17135.14||||,10|1.38|17371.63||||,77|-0.22|17333.01||||,64|0.49|17417.67||||,55|1.20|17626.39||||,41|-0.96|17457.36||||,10|1.66|17747.01||||,8|1.62|18034.48||||,76|-2.06|17662.97||||,5|3.05|18201.12||||,43|-0.18|18168.64||||,80|-0.94|17997.25||||,54|0.60|18105.67||||,78|0.15|18133.34||||,38|-1.07|17939.04||||,73|-1.38|17691.12||||,46|-0.57|17589.51||||,14|1.00|17764.68||||,6|1.05|17951.46||||,20|-1.40|17699.26||||,78|0.50|17788.03||||,2|2.16|18366.52||||,84|-1.90|18017.3|3.60|7|31|金马游乐,66|0.91|18182.05|3.10|27|10|中国中免,21|0.32|18239.64|3.55|23|14|三特索道,84|-1.63|17941.81|2.79|5|30|中国中免,85|-1.93|17596.27|2.89|3|35|锦旅Ｂ股,8|0.22|17635.3|2.05|24|12|金陵饭店,,,,,,,,,,,,,,,,,,,,,,,,,,,,,,,,,,,,,,,,,,
BK0538|化学制品,47|0.58|31389.37||||,10|1.45|31843.65||||,6|1.83|32426.33||||,34|0.99|32747.45||||,12|1.11|33111.21||||,36|-0.31|33009.25||||,9|2.33|33778.04||||,68|-1.08|33414.43||||,26|0.43|33558.75||||,77|-2.55|32703.93||||,21|-0.58|32515.02||||,57|-1.00|32190.67||||,77|-4.87|30623.38||||,56|0.71|30840.95||||,29|1.52|31311.22||||,67|-0.87|31037.33||||,5|1.24|31421.05||||,51|1.07|31756.41||||,49|0.43|31893.69||||,56|-0.74|31658.7||||,48|-0.85|31389.43||||,75|-1.64|30873.42||||,50|1.25|31259.7||||,45|0.60|31448.73||||,36|-0.69|31230.44||||,66|-0.29|31139.75||||,50|-1.54|30660.35||||,47|-0.04|30648.35||||,25|0.50|30803.06||||,64|-1.99|30191.39||||,28|0.87|30454.99||||,64|-0.13|30415.64||||,39|1.47|30863.19||||,26|1.01|31175.62||||,14|0.14|31220.18||||,30|1.28|31620.27||||,49|0.60|31810.94||||,45|-0.03|31799.84||||,34|-0.18|31743.98||||,43|-0.57|31561.7||||,57|-0.23|31488.43||||,44|1.40|31929.9||||,34|1.54|32421.41||||,22|0.56|32602.56||||,48|0.66|32818.28||||,59|0.68|33041.26||||,64|0.99|33368.94||||,35|-0.74|33122.25||||,44|0.31|33224.25||||,11|1.05|33572.65||||,35|-0.07|33548.29||||,25|1.70|34117.13||||,16|0.90|34423.97||||,18|1.41|34908.79||||,64|0.38|35041.94||||,31|1.37|35523.69||||,33|-0.78|35247.86||||,50|-0.63|35025.44||||,23|0.14|35074.67||||,44|-0.69|34832.91||||,18|0.44|34987.75||||,71|-3.61|33724.16||||,23|2.81|34670.97||||,59|-1.38|34294.1||||,8|1.53|34818.15|3.41|132|37|百川股份,33|1.66|35394.96|3.41|134|33|吉华集团,64|-0.47|35226.87|2.89|45|123|百川股份,16|0.60|35436.71|3.35|96|71|百川股份,48|-0.50|35259.1|3.16|49|117|长华化学,43|-0.72|35006|2.74|45|117|惠柏新材,105|2.53|35862.15|3.20|158|18|红 宝 丽,110|1.77|36498.68|4.22|135|41|风光股份,202|0.03|36509.3|3.90|87|89|新化股份,313|0.28|36610.93|3.22|92|80|元利科技,206|-1.68|35997.58|4.04|35|139|宏柏新材,338|-3.66|34679.46|4.20|17|160|瑞华技术,185|-0.42|34533.62|3.27|60|115|凌玮科技,250|0.92|34851.19|2.96|121|53|海新能科,66|2.78|35818.95|3.28|155|22|红 宝 丽,352|-1.43|35307.32|3.81|31|142|锦鸡股份,312|1.07|35685.17|2.97|129|43|凌玮科技,143|0.36|35814.35|3.44|79|96|百川股份,215|-0.61|35597.66|3.85|56|120|江瀚新材,201|-0.40|35456.11|3.86|64|112|红 宝 丽,287|-0.11|35416.24|3.78|84|91|宏柏新材,387|-2.50|34529.76|3.34|14|163|国泰集团,281|0.24|34612.23|2.73|104|70|呈和科技,415|-3.38|33441.75|3.12|12|166|锦鸡股份,388|-3.02|32432.93|2.95|9|169|山东赫达,234|-5.22|30738.97|3.32|10|167|杭氧股份,265|3.13|31702|2.69|166|11|宏柏新材,260|1.85|32287.7|2.48|166|12|宏柏新材,113|-0.70|32061.22|2.61|38|137|元利科技,87|2.14|32748.29|2.46|162|13|百川股份,277|0.14|32795.56|2.60|90|82|山东赫达,353|-1.89|32176.93|2.28|19|157|莱茵生物,189|1.68|32718.56|2.14|161|16|凌玮科技,249|-1.54|32216.15|1.96|28|150|金禾实业,223|-2.28|31481.16|1.91|24|154|安迪苏,43|3.44|32564.94|2.41|164|15|东岳硅材,355|2.47|33369.09|2.83|162|15|百龙创园,228|-1.21|32966.28|2.35|41|136|丰倍生物,221|0.90|33261.65|2.30|132|45|呈和科技,237|0.12|33300.86|2.46|68|108|安迪苏,312|0.36|33419.64|2.39|100|75|科拓生物,277|-0.58|33226.54|2.24|47|128|键邦股份,173|1.64|33771.53|2.30|149|28|洪汇新材,183|0.31|33876.23|2.33|88|85|洪汇新材,279|0.55|34060.87|2.31|120|57|星华新材,115|0.39|34194.23|2.54|88|88|安诺其,245|0.16|34247.87|2.58|81|95|安诺其,182|-0.59|34047.46|2.95|50|126|安诺其
BK0545|通用设备,37|0.74|47563.63||||,17|1.15|48112.31||||,74|-0.84|47710.51||||,68|0.08|47746.52||||,30|0.40|47938.77||||,76|-1.25|47341.89||||,62|0.64|47644.88||||,45|-0.40|47452.11||||,39|0.16|47528.48||||,43|-1.32|46900.14||||,50|-1.37|46258.95||||,63|-1.25|45678.78||||,39|-3.46|44096.43||||,24|1.87|44920.81||||,61|0.89|45321.98||||,52|-0.57|45063.59||||,32|0.38|45232.97||||,30|1.46|45895.01||||,28|0.97|46342.11||||,73|-1.11|45829.67||||,32|-0.45|45621.47||||,4|0.44|45821.57||||,18|1.99|46732.9||||,16|1.40|47389.07||||,29|-0.52|47142.94||||,55|-0.13|47082.67||||,11|-0.47|46861.17||||,14|1.27|47456.57||||,67|-0.78|47086.73||||,67|-2.00|46142.96||||,36|0.70|46468.25||||,65|-0.14|46403.17||||,30|1.61|47151.42||||,34|0.78|47519.83||||,46|-0.60|47236.74||||,20|1.55|47969.96||||,5|2.18|49014.08||||,48|-0.10|48966.49||||,14|0.50|49213.43||||,5|1.17|49790.27||||,45|-0.02|49781.79||||,61|0.71|50132.97||||,60|0.95|50609.26||||,23|0.41|50819.1||||,14|1.84|51755.62||||,32|1.25|52403.48||||,16|2.65|53790.61||||,71|-2.07|52674.94||||,50|0.22|52789.97||||,58|-0.65|52447.71||||,10|1.36|53159.47||||,30|1.52|53967.93||||,74|-1.43|53198.72||||,22|1.32|53901.73||||,35|1.03|54455.94||||,28|1.48|55259.72||||,65|-1.85|54236.36||||,22|0.22|54355.61||||,72|-1.55|53511.36||||,71|-1.74|52580.76||||,25|0.29|52735.84||||,36|-1.89|51738.6||||,29|2.51|53037.88||||,70|-1.79|52349.22||||,29|0.52|52622.48|3.51|134|78|五洲新春,19|2.09|53723.85|3.73|201|20|江苏神通,31|0.09|53770.47|3.64|97|116|联德股份,64|-0.53|53487.15|3.08|69|137|同星科技,9|1.05|54046.87|3.16|140|74|大元泵业,19|-0.31|53880.34|2.88|85|130|百达精工,223|1.49|54703.14|5.15|179|65|新锦动力,260|0.74|55108.02|5.49|148|93|欧科亿,55|1.66|56024.68|5.58|163|80|泰嘉股份,241|0.61|56363.68|5.62|123|121|泰嘉股份,244|-2.06|55205.14|5.94|43|203|泰嘉股份,367|-4.05|52971.11|6.40|20|227|新锦动力,187|-0.43|52744.59|4.46|89|155|智能自控,109|1.71|53644.13|5.08|203|43|智能自控,335|1.04|54203.46|4.56|175|71|宗申动力,353|-1.43|53428.4|4.74|42|204|中南文化,55|2.87|54964|4.34|232|16|中南文化,256|-0.22|54845.04|4.89|80|165|中南文化,463|-1.97|53764.98|4.54|21|226|中南文化,330|-1.09|53179.85|4.22|57|187|中南文化,259|0.05|53208.27|4.81|123|123|金太阳,425|-2.96|51634.23|4.42|12|235|正泰电源,95|1.62|52468.4|3.94|204|42|佳力图,380|-3.14|50823.46|4.17|14|235|禾信仪器,342|-2.71|49447.47|3.86|16|233|正泰电源,303|-5.59|46683.43|4.49|8|242|正泰电源,204|3.47|48301.58|3.65|238|9|中南文化,234|1.97|49252.63|3.82|231|14|晋亿实业,363|-1.91|48310.34|3.33|19|227|中大力德,271|1.09|48838.89|3.38|197|45|中南文化,190|0.52|49093.26|3.54|140|101|亿利达,190|-1.02|48590.52|3.94|57|184|巨力索具,201|1.63|49382.67|3.79|208|37|佳力图,315|-1.85|48469.14|3.41|40|206|必创科技,144|-1.76|47614.2|3.21|37|210|优利德,260|1.22|48195.03|3.01|176|66|同宇新材,85|5.22|50710.34|4.20|247|3|联德股份,150|-0.76|50323.53|4.22|68|180|泰嘉股份,191|1.04|50844.43|4.44|196|48|联德股份,168|0.44|51068.37|3.85|117|132|宇晶股份,114|1.44|51803.5|4.55|183|60|亿利达,317|-0.80|51387.66|4.37|53|192|宝鼎科技,194|1.53|52172.67|4.06|216|33|联德股份,75|1.35|52878.52|3.99|164|83|大业股份,131|1.26|53545.02|4.83|182|64|泰嘉股份,345|-0.64|53200.54|4.37|74|173|巨力索具,142|0.69|53565.54|3.90|144|101|冰轮环境,418|-2.10|52443.33|4.04|30|218|佳力图
BK0546|玻璃玻纤,13|1.32|49527.31||||,49|-0.03|49514.2||||,12|0.87|49946.19||||,48|0.72|50306.75||||,50|0.12|50366.71||||,53|-0.59|50067.93||||,21|1.52|50827.25||||,54|-0.58|50531.75||||,77|-1.15|49952.61||||,52|-1.48|49213.21||||,84|-2.43|48019.41||||,9|0.17|48102.13||||,68|-4.46|45956.22||||,66|0.36|46120.68||||,16|2.02|47050.74||||,8|0.48|47276.44||||,75|-0.62|46985.65||||,40|1.31|47599.56||||,22|1.18|48160.95||||,24|0.01|48166.62||||,66|-1.20|47588.63||||,37|-0.78|47218.79||||,13|2.16|48237.54||||,5|2.33|49362.02||||,17|-0.05|49337.22||||,8|1.35|50003.48||||,6|0.01|50010.92||||,62|-0.38|49820.96||||,51|-0.14|49750.35||||,54|-1.79|48857.6||||,27|0.89|49294.39||||,82|-1.22|48690.84||||,65|1.03|49191.83||||,9|1.92|50138.47||||,3|1.73|51005.84||||,4|3.15|52609.98||||,14|1.37|53329.57||||,4|1.72|54247.5||||,71|-0.99|53710.95||||,45|-0.64|53368.6||||,49|-0.08|53325.62||||,35|1.67|54217.01||||,45|1.18|54857.8||||,61|-0.44|54618.4||||,37|0.99|55161.15||||,79|-0.02|55150.52||||,48|1.43|55940.77||||,78|-2.93|54303.89||||,73|-0.50|54033.82||||,12|0.57|54339.26||||,29|0.20|54448.06||||,12|2.17|55627.17||||,76|-1.54|54770.34||||,20|1.35|55509.53||||,4|3.80|57619.72||||,15|2.22|58896.83||||,35|-1.00|58306.86||||,18|0.33|58499.96||||,9|2.11|59732.78||||,41|-0.45|59461.17||||,42|-0.24|59316.58||||,54|-2.47|57853.26||||,4|4.24|60305.43||||,73|-1.85|61042.28||||,79|-1.26|60271.69|4.15|7|15|凯德石英,3|3.68|62488.12|4.21|21|2|金晶科技,68|-0.69|62059.62|4.75|7|15|宏和科技,1|4.68|64963.18|5.09|20|3|山东玻纤,36|-0.24|64808.56|6.74|8|15|宏和科技,84|-2.62|63107.53|5.03|3|20|海南发展,17|6.32|66669.31|4.59|17|0|山东玻纤,63|2.58|68390.59|6.00|13|4|南  玻Ａ,189|0.13|68481.8|5.18|6|9|山东玻纤,495|-2.07|67061.79|4.91|7|10|旗滨集团,226|-1.86|65812.33|4.10|2|14|中国巨石,421|-4.65|62751.74|4.20|0|17|南  玻Ｂ,180|-0.41|62493.69|3.22|6|11|山东玻纤,298|0.72|62944.18|3.14|11|6|中国巨石,445|-0.48|62640.79|2.75|9|7|旗滨集团,167|-0.58|62278.82|3.17|3|12|金晶科技,123|2.22|63663.19|3.79|16|1|宏和科技,297|-0.34|63449.81|3.11|5|11|旗滨集团,169|-0.33|63241.56|2.96|4|10|振石股份,256|-0.69|62805|2.93|3|14|振石股份,399|-0.95|62211.13|3.17|4|12|山东玻纤,351|-2.28|60793.75|2.94|2|14|振石股份,206|0.80|61279.84|2.44|9|8|宏和科技,422|-3.47|59156.05|2.39|0|17|凯盛新能,159|-1.74|58128.57|2.66|2|14|金晶科技,74|-3.39|56159.71|3.21|3|14|中国巨石,158|3.76|58269.08|2.98|17|0|金晶科技,253|1.87|59360.88|2.87|14|2|中国巨石,381|-2.04|58148.32|2.36|1|16|九鼎新材,383|0.68|58546.46|1.87|13|3|长海股份,62|1.37|59345.62|2.84|8|7|宏和科技,386|-2.28|57992.23|2.37|1|16|九鼎新材,46|2.88|59663.3|3.20|17|0|山东玻纤,455|-2.97|57888.83|2.54|0|17|中国巨石,370|-3.01|56146.27|2.41|2|15|中国巨石,246|1.27|56860.86|2.36|12|5|北玻股份,178|4.00|59136.25|2.96|17|0|中材科技,236|-1.23|58411.51|2.68|3|14|宏和科技,11|3.25|60312.2|3.71|17|0|凯盛新能,6|4.35|62933.52|4.68|14|2|宏和科技,147|1.08|63611.48|4.78|9|7|宏和科技,479|-2.40|62083.91|3.71|2|15|宏和科技,87|2.15|63420.21|3.93|15|1|北玻股份,243|-0.03|63401.25|3.90|7|10|宏和科技,235|0.76|63885.77|4.01|8|6|金晶科技,54|1.07|64572.19|3.51|9|7|九鼎新材,141|0.69|65015.26|4.05|7|9|九鼎新材,121|-0.14|64924.38|5.44|5|11|国际复材
BK0727|医疗服务,82|-0.59|1291.19||||,58|-0.23|1288.2||||,80|-1.01|1275.15||||,22|1.38|1292.81||||,54|0.09|1293.97||||,11|0.77|1303.97||||,32|1.20|1319.63||||,13|0.76|1329.71||||,74|-0.99|1316.55||||,12|-0.23|1313.47||||,82|-2.31|1283.17||||,71|-1.44|1264.75||||,51|-3.80|1216.69||||,22|1.90|1239.79||||,54|1.00|1252.19||||,14|0.17|1254.27||||,68|-0.41|1249.13||||,61|0.91|1260.46||||,75|-0.07|1259.56||||,75|-1.16|1244.92||||,50|-0.88|1233.92||||,52|-1.07|1220.74||||,45|1.32|1236.81||||,57|0.33|1240.88||||,13|0.01|1240.95||||,58|-0.14|1239.22||||,35|-1.23|1224.03||||,19|0.65|1232.03||||,75|-0.90|1220.95||||,35|-1.42|1203.61||||,16|1.69|1223.94||||,7|1.68|1244.49||||,43|1.41|1262.01||||,69|-0.13|1260.4||||,49|-0.62|1252.62||||,65|0.47|1258.51||||,29|1.06|1271.84||||,78|-0.69|1263.03||||,46|-0.36|1258.54||||,67|-0.99|1246.07||||,44|-0.01|1245.94||||,3|5.60|1315.77||||,37|1.42|1334.39||||,16|0.82|1345.36||||,8|2.06|1373.01||||,8|2.84|1412.04||||,11|3.49|1461.3||||,2|3.45|1511.71||||,12|1.44|1533.49||||,78|-2.28|1498.47||||,83|-2.89|1455.2||||,81|-0.64|1445.85||||,63|-1.00|1431.45||||,40|0.70|1441.48||||,77|-0.05|1440.76||||,17|2.03|1470.04||||,41|-1.12|1453.51||||,54|-0.75|1442.58||||,84|-2.48|1406.86||||,25|0.36|1411.94||||,59|-0.71|1401.92||||,35|-1.89|1375.44||||,22|2.81|1414.09||||,37|-0.60|1413.5||||,60|-0.28|1409.49|2.58|20|25|美迪西,48|1.22|1426.7|2.62|36|8|创新医疗,10|0.50|1433.81|2.40|26|16|百奥赛图,76|-0.85|1421.56|1.85|9|36|诚达药业,37|-0.24|1418.16|2.29|23|21|诚达药业,65|-1.18|1401.45|2.10|6|38|三博脑科,429|-0.13|1399.67|2.43|24|29|通策医疗,155|1.32|1418.08|2.70|45|9|数字人,355|-0.75|1407.4|2.18|7|45|百奥赛图,227|0.66|1416.66|1.86|38|14|创新医疗,438|-3.44|1367.93|2.56|3|51|美年健康,414|-4.59|1305.16|2.94|0|54|诚达药业,211|-0.57|1297.66|1.85|17|35|凯莱英,123|1.61|1318.54|1.86|46|8|益诺思,63|2.83|1355.89|2.39|52|2|国际医学,115|-0.11|1354.34|2.54|14|38|普瑞眼科,92|2.47|1387.82|1.96|49|5|海特生物,323|-0.46|1381.48|2.50|10|40|三博脑科,368|-1.28|1363.78|2.15|8|45|康龙化成,151|-0.13|1362.05|2.30|16|38|盈康生命,235|0.21|1364.97|2.15|34|20|百奥赛图,315|-2.07|1336.78|2.14|6|47|皓元医药,180|0.96|1349.62|1.77|41|12|益诺思,374|-3.09|1307.93|1.79|2|52|金凯生科,328|-2.61|1273.84|1.85|1|53|百奥赛图,316|-5.65|1201.9|2.44|2|52|海特生物,44|4.73|1258.7|2.50|54|0|百奥赛图,337|1.55|1278.19|2.21|47|7|百花医药,175|-1.03|1265.03|2.84|15|38|新里程,16|4.09|1316.82|3.02|52|2|昭衍新药,49|1.48|1336.32|2.65|39|15|合富中国,34|0.39|1341.51|2.62|23|29|凯莱英,9|5.03|1408.98|3.25|51|2|睿智医药,95|-0.38|1403.6|3.13|16|37|合富中国,344|-2.89|1363.09|2.73|8|45|百奥赛图,363|0.65|1371.96|2.24|34|16|药康生物,367|2.31|1403.7|2.88|48|6|百花医药,412|-2.19|1372.92|3.09|11|43|普瑞眼科,296|0.63|1381.6|2.77|37|15|药康生物,459|-1.30|1363.62|2.21|7|45|*ST生物,80|1.69|1386.72|2.37|45|8|金凯生科,97|0.30|1390.92|2.94|25|26|合富中国,474|-0.25|1387.43|2.59|26|28|百诚医药,479|-1.92|1360.77|2.37|4|50|数字人,191|0.92|1373.28|2.22|39|15|润达医疗,430|-1.17|1357.21|1.86|9|45|数字人,101|1.00|1370.79|2.21|42|10|泓博医药,367|-1.73|1347.03|2.45|7|47|爱尔眼科
BK0729|船舶制造,21|1.14|1160.39||||,86|-2.25|1134.31||||,55|-0.31|1130.75||||,86|-1.92|1109.01||||,61|-0.14|1107.51||||,74|-1.07|1095.7||||,52|0.77|1104.13||||,44|-0.39|1099.85||||,2|3.98|1143.62||||,76|-2.41|1116.04||||,1|9.71|1224.42||||,84|-2.27|1196.61||||,1|2.98|1232.27||||,1|7.30|1322.17||||,86|-3.18|1280.12||||,86|-5.17|1213.99||||,76|-0.62|1206.5||||,2|2.57|1237.49||||,45|0.54|1244.13||||,2|2.42|1274.19||||,28|-0.34|1269.88||||,86|-3.57|1224.6||||,17|2.02|1249.38||||,26|1.18|1264.09||||,11|0.09|1265.19||||,18|0.77|1274.88||||,81|-2.52|1242.79||||,10|1.50|1261.48||||,86|-2.51|1229.85||||,85|-4.36|1176.18||||,81|-0.54|1169.79||||,45|0.21|1172.26||||,61|1.14|1185.63||||,29|0.88|1196.07||||,40|-0.53|1189.71||||,3|3.18|1227.55||||,8|1.67|1248||||,53|-0.19|1245.62||||,12|0.58|1252.89||||,65|-0.95|1240.94||||,85|-1.12|1227.1||||,4|4.33|1280.28||||,13|2.14|1307.71||||,86|-1.37|1289.73||||,1|7.36|1384.63||||,83|-0.54|1377.22||||,9|4.07|1433.28||||,83|-3.50|1383.12||||,53|0.10|1384.55||||,70|-1.31|1366.36||||,80|-2.62|1330.54||||,43|1.19|1346.35||||,79|-1.69|1323.57||||,47|0.52|1330.42||||,3|4.09|1384.87||||,84|-0.40|1379.37||||,77|-2.39|1346.45||||,74|-1.44|1327.08||||,34|-0.27|1323.44||||,58|-1.20|1307.57||||,62|-1.01|1294.31||||,16|-1.36|1276.67||||,1|6.52|1359.95||||,66|-1.72|1355.82||||,80|-1.32|1337.95|3.33|2|8|江龙船艇,27|1.87|1362.95|2.95|9|1|江龙船艇,3|3.48|1410.32|4.46|9|1|中国动力,24|0.32|1414.86|5.10|5|5|中国动力,12|0.83|1426.63|4.54|7|3|中船防务,1|3.66|1478.84|5.84|9|1|亚星锚链,,,,,,,,,,,,,,,,,,,,,,,,,,,,,,,,,,,,,,,,,,
BK0730|农药兽药,76|-0.02|1330.95||||,28|0.73|1340.62||||,8|1.54|1361.21||||,40|0.87|1373.09||||,18|0.85|1384.73||||,41|-0.40|1379.22||||,16|1.72|1402.91||||,23|0.24|1406.31||||,68|-0.56|1398.38||||,66|-1.92|1371.58||||,20|-0.58|1363.59||||,66|-1.28|1346.12||||,67|-4.43|1286.48||||,61|0.48|1292.66||||,50|1.07|1306.47||||,59|-0.70|1297.26||||,18|0.75|1306.99||||,77|0.41|1312.39||||,71|0.12|1313.91||||,52|-0.58|1306.28||||,26|-0.24|1303.13||||,41|-0.89|1291.56||||,52|1.22|1307.37||||,53|0.37|1312.26||||,61|-1.18|1296.82||||,72|-0.42|1291.42||||,19|-0.93|1279.35||||,60|-0.33|1275.13||||,44|0.07|1276||||,33|-1.36|1258.65||||,26|0.89|1269.84||||,15|1.00|1282.54||||,34|1.50|1301.78||||,66|0.10|1303.06||||,47|-0.61|1295.1||||,69|0.35|1299.66||||,33|0.98|1312.35||||,69|-0.50|1305.76||||,57|-0.65|1297.32||||,37|-0.45|1291.42||||,32|0.29|1295.14||||,32|1.76|1317.95||||,24|1.78|1341.35||||,56|-0.37|1336.36||||,41|0.85|1347.72||||,78|0.09|1348.94||||,78|0.29|1352.82||||,22|-0.01|1352.67||||,60|-0.08|1351.56||||,6|1.76|1375.39||||,51|-0.50|1368.46||||,7|2.75|1406.06||||,7|1.29|1424.13||||,51|0.27|1428||||,39|0.89|1440.75||||,60|0.69|1450.62||||,11|1.49|1472.25||||,72|-1.37|1452.09||||,17|0.80|1463.7||||,60|-1.21|1445.91||||,8|0.89|1458.83||||,76|-4.99|1386||||,53|1.78|1410.73||||,43|-0.77|1403.15||||,16|0.97|1416.72|2.49|37|8|蓝丰生化,56|1.12|1432.65|2.97|34|11|红太阳,51|-0.25|1429.11|2.92|16|27|诺 普 信,11|1.03|1443.87|2.74|34|9|美邦股份,56|-0.74|1433.12|2.42|8|34|美邦股份,54|-0.86|1420.81|1.84|7|36|美邦股份,,,,,,,,,,,,,,,,,,,,,,,,,,,,,,,,,,,,,,,,,,
BK0732|贵金属,8|1.66|1826.21||||,16|1.23|1848.62||||,42|-0.09|1846.98||||,5|3.00|1902.46||||,65|-0.25|1897.77||||,70|-0.98|1879.24||||,4|3.17|1938.8||||,83|-2.11|1897.98||||,85|-2.13|1857.57||||,82|-2.84|1804.86||||,2|5.38|1901.95||||,74|-1.66|1870.34||||,56|-3.91|1797.19||||,79|-0.25|1792.72||||,3|3.40|1853.67||||,21|0.05|1854.63||||,14|0.86|1870.5||||,45|1.20|1892.92||||,5|2.09|1932.47||||,85|-1.94|1894.96||||,58|-1.07|1874.67||||,76|-1.66|1843.63||||,2|3.77|1913.19||||,84|-0.67|1900.46||||,83|-2.33|1856.13||||,1|3.38|1918.83||||,12|-0.68|1905.73||||,1|3.81|1978.26||||,5|1.71|2012.15||||,86|-5.27|1906.17||||,2|3.18|1966.88||||,39|0.34|1973.66||||,85|-0.72|1959.37||||,1|4.18|2041.33||||,5|1.29|2067.61||||,85|-1.00|2046.88||||,86|-2.54|1994.95||||,2|3.01|2055.07||||,73|-1.11|2032.24||||,66|-0.96|2012.68||||,80|-0.83|1996.01||||,7|3.87|2073.18||||,23|1.84|2111.39||||,81|-0.91|2092.22||||,82|-0.79|2075.71||||,4|3.44|2147.2||||,25|2.15|2193.37||||,1|3.54|2271.05||||,6|2.03|2317.23||||,2|3.35|2394.8||||,66|-1.16|2367||||,1|5.39|2494.59||||,1|4.97|2618.62||||,1|9.24|2860.56||||,82|-0.69|2840.78||||,5|3.51|2940.44||||,1|10.89|3260.77||||,2|3.94|3389.3||||,1|10.75|3753.7||||,1|8.04|4055.58||||,86|-8.92|3693.86||||,86|-10.81|3294.42||||,76|0.66|3316.05||||,86|-6.57|3011.52||||,41|0.13|3015.45|6.68|4|6|湖南黄金,30|1.84|3070.89|5.64|8|3|湖南白银,86|-1.89|3012.88|4.32|1|10|湖南白银,4|1.96|3071.95|4.03|9|2|山东黄金,77|-1.50|3025.83|3.32|1|10|赤峰黄金,80|-2.00|2965.29|3.45|1|10|晓程科技,9|7.01|3164.34|4.29|13|0|湖南白银,193|1.03|3196.99|5.12|9|4|湖南白银,429|-1.30|3155.37|3.70|1|12|湖南黄金,19|3.55|3267.43|4.82|13|0|湖南黄金,5|10.43|3608.09|9.13|13|0|西部黄金,368|-4.06|3461.44|7.83|3|10|晓程科技,486|-3.87|3327.47|4.93|0|13|山金国际,480|-2.39|3247.84|3.91|1|12|四川黄金,447|-0.52|3230.94|3.20|3|10|四川黄金,38|1.34|3274.11|3.97|7|6|四川黄金,435|0.08|3276.86|3.04|7|6|兴业银锡,453|-1.13|3239.72|2.72|3|10|赤峰黄金,440|-1.69|3185.06|3.02|2|11|赤峰黄金,482|-3.38|3077.37|2.83|0|13|山金国际,488|-3.70|2963.36|3.73|1|12|四川黄金,36|0.55|2979.6|2.58|6|5|招金黄金,352|-0.27|2971.45|2.34|5|8|山金国际,493|-6.48|2778.82|3.37|0|12|四川黄金,139|-1.61|2734.18|2.94|1|11|晓程科技,495|-8.43|2503.59|4.15|0|13|山东黄金,194|3.50|2591.14|3.80|12|1|兴业银锡,38|3.37|2678.55|4.50|13|0|赤峰黄金,464|-2.93|2600.12|2.49|0|13|盛达资源,46|2.95|2676.92|2.77|13|0|赤峰黄金,13|3.63|2774.04|3.16|13|0|赤峰黄金,39|0.28|2781.67|3.77|5|7|四川黄金,113|2.08|2839.51|3.36|11|1|赤峰黄金,487|-3.76|2732.87|2.99|0|13|赤峰黄金,50|-1.00|2705.41|1.72|4|9|中金黄金,467|-0.31|2697.08|1.65|6|7|招金黄金,3|9.49|2953.11|4.01|13|0|西部黄金,248|-1.26|2915.78|3.42|2|10|西部黄金,492|-2.10|2854.5|2.84|0|13|恒邦股份,460|-1.31|2817.21|2.02|2|11|盛达资源,356|0.15|2821.46|2.21|5|7|兴业银锡,341|-0.91|2795.84|3.24|2|11|招金黄金,116|1.89|2848.59|2.65|12|1|恒邦股份,380|-0.80|2825.9|2.57|3|10|恒邦股份,114|1.35|2864.18|2.67|12|1|兴业银锡,149|0.18|2869.43|2.03|7|6|恒邦股份,202|0.40|2881|3.08|6|7|恒邦股份,492|-5.36|2726.57|3.92|0|13|四川黄金
BK0733|包装材料,24|0.99|1278.23||||,72|-0.55|1271.18||||,34|0.08|1272.15||||,39|0.90|1283.6||||,23|0.61|1291.49||||,21|0.12|1293.05||||,31|1.25|1309.19||||,43|-0.37|1304.39||||,41|0.13|1306.13||||,67|-1.93|1280.97||||,51|-1.40|1263.09||||,42|-0.50|1256.79||||,59|-4.03|1206.19||||,23|1.88|1228.92||||,36|1.38|1245.84||||,80|-1.18|1231.13||||,27|0.51|1237.44||||,23|1.56|1256.73||||,20|1.27|1272.68||||,4|1.25|1288.54||||,21|-0.16|1286.49||||,70|-1.47|1267.56||||,5|3.36|1310.19||||,56|0.34|1314.61||||,5|0.44|1320.46||||,67|-0.32|1316.26||||,42|-1.41|1297.68||||,32|0.25|1300.95||||,18|0.70|1310.01||||,52|-1.74|1287.28||||,69|0.00|1287.26||||,9|1.51|1306.66||||,4|2.85|1343.9||||,51|0.32|1348.17||||,11|0.15|1350.23||||,5|3.11|1392.16||||,4|2.23|1423.15||||,40|0.06|1424.01||||,76|-1.18|1407.26||||,70|-1.03|1392.79||||,22|0.47|1399.36||||,51|1.23|1416.52||||,70|0.79|1427.72||||,28|0.24|1431.11||||,32|1.06|1446.25||||,35|1.20|1463.62||||,27|2.10|1494.41||||,63|-1.62|1470.19||||,35|0.61|1479.1||||,65|-1.05|1463.63||||,65|-1.08|1447.75||||,11|2.28|1480.8||||,56|-0.60|1471.94||||,31|0.91|1485.29||||,31|1.06|1501.04||||,36|1.29|1520.44||||,45|-1.34|1500.08||||,48|-0.60|1491.13||||,57|-1.04|1475.67||||,52|-0.94|1461.84||||,12|0.63|1471.08||||,46|-2.22|1438.45||||,71|1.12|1454.52||||,30|-0.34|1466.11||||,9|1.33|1485.64|3.24|21|4|大胜达,38|1.53|1508.36|3.61|20|7|衢州东峰,35|0.04|1508.89|3.54|11|14|嘉美包装,38|-0.07|1507.84|3.31|6|21|珠海中富,49|-0.66|1497.9|2.98|6|21|嘉美包装,36|-0.62|1488.68|2.86|12|16|中锐股份,,,,,,,,,,,,,,,,,,,,,,,,,,,,,,,,,,,,,,,,,,
BK0735|计算机设备,66|0.16|1667.56||||,39|0.25|1671.72||||,63|-0.50|1663.43||||,65|0.12|1665.4||||,72|-0.44|1658.06||||,12|0.48|1666.08||||,30|1.31|1687.97||||,63|-0.93|1672.34||||,13|1.10|1690.78||||,16|-0.57|1681.15||||,54|-1.46|1656.67||||,40|-0.46|1649.04||||,62|-4.09|1581.6||||,11|2.89|1627.25||||,18|1.76|1655.88||||,56|-0.65|1645.09||||,56|-0.13|1642.94||||,58|0.94|1658.38||||,25|1.09|1676.5||||,40|-0.37|1670.27||||,81|-2.18|1633.86||||,10|0.06|1634.9||||,15|2.08|1668.97||||,18|1.35|1691.55||||,9|0.12|1693.59||||,80|-0.66|1682.36||||,57|-1.64|1654.75||||,34|0.23|1658.59||||,59|-0.35|1652.84||||,11|-0.26|1648.49||||,50|0.48|1656.33||||,67|-0.17|1653.59||||,48|1.32|1675.44||||,48|0.34|1681.17||||,79|-1.46|1656.57||||,8|2.57|1699.17||||,24|1.15|1718.67||||,18|0.54|1727.95||||,17|0.39|1734.67||||,14|0.37|1741.05||||,5|1.63|1769.42||||,47|1.30|1792.47||||,12|2.25|1832.8||||,49|-0.27|1827.8||||,34|1.01|1846.31||||,19|1.94|1882.2||||,7|4.77|1972.06||||,84|-3.58|1901.51||||,14|1.42|1928.49||||,77|-2.24|1885.28||||,64|-1.04|1865.74||||,80|-0.47|1856.92||||,82|-2.27|1814.78||||,30|0.92|1831.48||||,37|1.00|1849.74||||,41|1.20|1871.91||||,85|-2.94|1816.81||||,33|-0.34|1810.6||||,59|-1.07|1791.14||||,66|-1.50|1764.29||||,60|-0.87|1749.02||||,23|-1.49|1722.93||||,26|2.69|1769.28||||,35|-0.51|1753.99||||,51|-0.09|1752.39|2.18|19|30|中威电子,24|1.91|1785.79|2.35|45|5|苏州科达,25|0.24|1790.09|2.47|28|21|汉邦高科,53|-0.42|1782.51|2.21|12|37|御银股份,13|0.63|1793.67|2.37|33|17|锐明技术,5|0.42|1801.15|2.38|20|30|汉邦高科,398|0.22|1810.39|2.53|49|39|古鳌科技,341|0.46|1818.73|2.67|49|39|同辉信息,124|0.66|1830.67|2.79|51|37|锐明技术,248|0.55|1840.7|2.78|54|32|御银股份,306|-2.44|1795.75|3.42|14|74|中润光学,361|-4.02|1723.55|3.53|8|81|中润光学,216|-0.58|1713.55|2.20|24|63|朗科科技,56|2.06|1748.77|2.42|80|9|联合光电,329|1.08|1767.7|2.00|70|19|朗科科技,86|0.30|1772.94|2.87|39|50|智微智能,64|2.70|1820.88|2.93|85|5|觅睿科技,286|-0.31|1815.26|3.09|24|65|御银股份,182|-0.43|1807.49|3.26|31|58|金溢科技,424|-1.98|1771.68|3.05|17|71|旋极信息,118|0.80|1785.93|2.57|54|35|盛视科技,332|-2.17|1747.21|2.44|10|79|觅睿科技,41|2.20|1785.61|2.51|77|13|同有科技,152|-2.00|1749.93|2.58|10|80|唐源电气,440|-3.37|1690.88|2.73|4|85|中润光学,375|-5.88|1591.39|2.95|4|86|汇金股份,226|3.34|1644.49|2.56|82|7|优博讯,258|1.86|1675|2.40|82|8|卡莱特,409|-2.24|1637.56|2.31|9|80|中润光学,399|0.59|1647.29|1.84|63|27|锐明技术,269|0.18|1650.33|1.71|45|44|鸿泉技术,239|-1.22|1630.19|1.83|13|77|苏州科达,174|1.77|1659.01|1.76|81|9|中润光学,419|-2.49|1617.7|1.90|7|83|ST英飞拓,81|-1.33|1596.14|1.70|11|78|中润光学,313|0.92|1610.77|1.65|63|26|同有科技,83|5.28|1695.75|2.64|90|0|淳中科技,182|-0.99|1678.94|2.27|25|65|宇瞳光学,87|1.44|1703.12|2.86|75|15|御银股份,274|-0.05|1702.23|2.60|35|55|萤石网络,174|0.94|1718.31|2.87|67|23|盛视科技,243|-0.46|1710.43|2.55|25|64|盛视科技,145|1.76|1740.45|2.44|82|8|盛视科技,171|0.38|1746.98|2.43|40|51|盛视科技,156|1.11|1766.3|3.04|66|22|魅视科技,442|-1.23|1744.59|2.45|17|73|博实结,102|1.00|1761.97|2.40|66|23|恒为科技,375|-1.76|1730.9|2.81|14|75|熵基科技
BK0736|通信服务,61|0.40|1238.64||||,65|-0.43|1233.26||||,56|-0.32|1229.27||||,17|1.45|1247.13||||,36|0.28|1250.68||||,52|-0.58|1243.46||||,63|0.63|1251.26||||,16|0.57|1258.35||||,12|1.22|1273.64||||,11|-0.20|1271.08||||,74|-2.08|1244.59||||,8|0.21|1247.16||||,23|-3.18|1207.54||||,10|2.93|1242.98||||,26|1.56|1262.37||||,74|-1.00|1249.7||||,69|-0.44|1244.14||||,29|1.47|1262.41||||,39|0.67|1270.88||||,38|-0.34|1266.5||||,82|-2.18|1238.92||||,69|-1.47|1220.72||||,14|2.13|1246.72||||,13|1.48|1265.16||||,2|0.76|1274.81||||,57|-0.13|1273.21||||,56|-1.62|1252.55||||,55|-0.15|1250.68||||,70|-0.87|1239.79||||,73|-2.25|1211.88||||,78|-0.25|1208.83||||,48|0.14|1210.58||||,74|0.81|1220.44||||,84|-0.88|1209.68||||,77|-1.43|1192.42||||,34|1.14|1206.06||||,47|0.65|1213.89||||,51|-0.14|1212.18||||,27|-0.10|1210.95||||,58|-0.83|1200.88||||,20|0.55|1207.5||||,12|2.80|1241.33||||,71|0.75|1250.66||||,44|-0.12|1249.22||||,12|1.91|1273.12||||,15|2.16|1300.67||||,10|3.85|1350.8||||,80|-3.06|1309.4||||,7|1.98|1335.33||||,80|-2.47|1302.31||||,77|-2.27|1272.7||||,75|-0.24|1269.68||||,72|-1.33|1252.73||||,68|-0.23|1249.82||||,19|1.50|1268.55||||,32|1.35|1285.63||||,63|-1.69|1263.86||||,37|-0.41|1258.65||||,35|-0.32|1254.67||||,57|-1.18|1239.81||||,52|-0.50|1233.61||||,21|-1.42|1216.1||||,31|2.50|1246.45||||,22|-0.06|1234.51||||,40|0.14|1236.29|0.84|21|16|鼎信通讯,12|2.67|1269.3|0.91|35|3|平治信息,5|1.33|1286.14|0.89|27|10|美利云,59|-0.48|1280.01|0.81|7|29|南凌科技,25|0.17|1282.21|0.86|19|19|美利云,38|-0.65|1273.83|0.96|9|24|二六三,454|-0.63|1265.07|1.49|19|19|润泽科技,464|-0.25|1261.87|1.20|10|27|国安股份,63|1.49|1280.64|1.49|26|13|润泽科技,103|1.62|1301.35|1.44|37|3|光环新网,470|-4.00|1249.3|1.39|3|36|中国电信,409|-4.56|1192.34|1.53|3|37|润建股份,221|-0.61|1185.09|1.01|10|29|亚联发展,48|2.13|1210.39|1.14|38|2|立昂技术,248|1.45|1227.93|0.82|32|6|中贝通信,22|2.09|1253.6|1.29|28|9|平治信息,135|2.12|1280.21|1.48|33|7|国安股份,270|-0.26|1276.86|1.81|13|27|国安股份,417|-1.53|1257.28|1.48|4|35|润建股份,469|-2.84|1221.59|1.63|8|32|中国电信,66|1.32|1237.73|1.24|28|12|二六三,380|-2.45|1207.38|1.11|2|38|中国移动,2|5.05|1268.32|1.46|36|3|世纪恒通,94|-1.46|1249.79|1.37|7|33|润泽科技,485|-4.55|1192.98|1.58|2|38|世纪鼎利,361|-5.84|1123.32|1.43|0|40|润泽科技,131|3.93|1167.49|1.19|38|2|亚联发展,30|3.55|1208.98|1.36|38|2|中嘉博创,472|-3.15|1170.86|1.24|1|39|中国移动,394|0.60|1177.93|0.96|31|8|*ST亿通,125|0.89|1188.4|1.12|27|12|润建股份,264|-1.32|1172.74|0.96|9|31|挖金客,148|1.90|1194.99|1.03|38|2|世纪鼎利,476|-3.39|1154.46|0.95|1|39|挖金客,58|-1.08|1142|0.89|10|30|中贝通信,389|0.51|1147.78|0.74|26|13|吴通控股,60|5.60|1212.01|1.34|38|2|中嘉博创,262|-1.37|1195.41|1.06|6|34|中嘉博创,320|0.53|1201.69|1.17|22|18|中嘉博创,104|0.81|1211.38|1.22|26|11|润建股份,74|1.83|1233.52|1.33|31|9|中嘉博创,283|-0.64|1225.65|1.22|9|31|中嘉博创,13|3.84|1272.67|1.61|37|2|超讯通信,363|-0.64|1264.51|1.41|12|27|中嘉博创,446|-0.37|1259.85|1.26|14|24|梦网科技,476|-1.66|1238.88|1.27|8|32|ST恒信,57|1.51|1257.56|1.45|28|11|ST恒信,258|-0.96|1245.51|1.42|10|28|中贝通信
BK0737|软件开发,85|-0.83|1315.31||||,59|-0.25|1312.05||||,84|-1.45|1293.04||||,57|0.48|1299.26||||,82|-1.03|1285.86||||,58|-0.75|1276.22||||,42|0.99|1288.91||||,75|-1.31|1272.02||||,5|1.97|1297.13||||,5|0.50|1303.65||||,68|-1.88|1279.11||||,44|-0.53|1272.31||||,14|-2.79|1236.85||||,6|3.26|1277.23||||,28|1.52|1296.69||||,75|-1.06|1282.99||||,79|-0.78|1272.93||||,42|1.29|1289.34||||,77|-0.18|1287.02||||,78|-1.45|1268.37||||,84|-2.34|1238.65||||,62|-1.27|1222.96||||,12|2.18|1249.65||||,14|1.46|1267.89||||,66|-1.34|1250.96||||,70|-0.35|1246.56||||,43|-1.44|1228.56||||,35|0.23|1231.34||||,76|-0.96|1219.56||||,14|-0.43|1214.36||||,46|0.53|1220.85||||,51|0.11|1222.19||||,75|0.71|1230.85||||,41|0.53|1237.41||||,82|-1.64|1217.07||||,17|1.63|1236.96||||,20|1.25|1252.43||||,32|0.25|1255.54||||,41|-0.28|1251.97||||,33|-0.37|1247.35||||,8|1.13|1261.4||||,16|2.48|1292.63||||,20|1.98|1318.24||||,73|-0.73|1308.63||||,13|1.88|1333.28||||,7|2.96|1372.7||||,1|7.78|1479.43||||,62|-1.62|1455.46||||,2|3.65|1508.63||||,83|-2.86|1465.5||||,78|-2.29|1432.01||||,84|-0.92|1418.89||||,77|-1.56|1396.8||||,55|0.14|1398.79||||,27|1.21|1415.75||||,20|1.85|1441.88||||,79|-2.44|1406.65||||,16|0.46|1413.1||||,66|-1.35|1394.08||||,31|0.01|1394.19||||,77|-1.82|1368.88||||,51|-2.31|1337.28||||,28|2.53|1371.15||||,42|-0.72|1346.99||||,73|-0.64|1338.37|2.68|63|126|海量数据,11|2.72|1374.72|3.29|179|13|三六零,9|0.54|1382.2|3.43|117|72|国投智能,48|-0.26|1378.58|3.17|64|123|海量数据,16|0.56|1386.28|3.41|114|77|海量数据,20|-0.31|1381.98|3.54|75|117|绿盟科技,484|-2.31|1350.2|3.57|31|105|品茗科技,321|0.53|1357.29|2.98|82|51|星环科技-U,279|-0.43|1351.43|2.73|34|102|金橙子,80|1.90|1377.15|3.28|113|21|格尔软件,459|-3.88|1323.66|4.11|7|129|星环科技-U,419|-4.64|1262.25|4.01|3|133|众诚科技,263|-0.80|1252.19|2.73|32|104|延华智能,137|1.51|1271.07|3.00|116|18|星环科技-U,122|2.24|1299.48|2.94|124|9|远光软件,63|0.77|1309.48|4.50|80|54|云赛智联,160|1.93|1334.73|4.69|123|11|信息发展,383|-0.70|1325.39|3.86|33|100|中科通达,309|-0.99|1312.26|3.36|29|105|国能日新,444|-2.32|1281.86|3.30|6|128|品茗科技,128|0.75|1291.41|2.86|92|41|行云科技,352|-2.30|1261.75|3.00|14|122|华信永道,43|2.17|1289.18|2.80|123|13|云赛智联,99|-1.53|1269.52|3.21|22|112|佳发教育,472|-4.05|1218.16|3.23|4|131|品茗科技,290|-5.56|1150.4|3.55|4|131|银之杰,310|2.96|1184.4|2.82|128|7|*ST汇科,379|1.28|1199.56|2.60|121|14|科达自控,462|-2.88|1164.96|2.46|4|131|*ST汇科,184|1.40|1181.22|2.14|123|12|*ST汇科,325|-0.05|1180.6|2.34|57|76|云赛智联,316|-1.59|1161.77|2.49|12|123|泛微网络,173|1.77|1182.37|2.40|126|10|佳发教育,444|-2.83|1148.94|2.45|9|126|友车科技,87|-1.38|1133.14|2.29|19|116|网达软件,308|0.93|1143.71|2.37|104|32|中安科,43|6.00|1212.33|3.81|134|1|行云科技,469|-2.80|1178.33|3.58|9|127|佳发教育,170|1.09|1191.23|3.57|106|28|四方精创,208|0.25|1194.15|2.72|57|76|启明星辰,88|1.59|1213.18|3.49|116|17|顶点软件,347|-0.95|1201.7|3.12|29|106|佳发教育,71|2.33|1229.7|3.53|128|8|北信源,282|-0.23|1226.83|3.05|40|90|纬德信息,347|0.30|1230.48|3.07|91|41|安博通,472|-1.62|1210.51|2.78|14|121|网达软件,132|0.75|1219.54|2.97|100|33|众诚科技,370|-1.75|1198.24|2.88|17|117|泛微网络
BK0738|多元金融,69|0.10|706.7||||,53|-0.12|705.88||||,71|-0.72|700.83||||,13|1.74|713.04||||,79|-0.81|707.29||||,37|-0.31|705.07||||,22|1.51|715.75||||,60|-0.75|710.36||||,43|0.07|710.86||||,33|-1.07|703.28||||,85|-2.51|685.64||||,38|-0.44|682.63||||,58|-4.01|655.28||||,68|0.28|657.11||||,51|1.06|664.07||||,32|-0.26|662.33||||,61|-0.21|660.93||||,53|1.04|667.78||||,84|-0.28|665.9||||,57|-0.76|660.86||||,8|0.66|665.25||||,19|-0.40|662.6||||,9|2.40|678.5||||,17|1.38|687.89||||,73|-1.57|677.12||||,12|0.95|683.55||||,66|-1.95|670.19||||,21|0.53|673.77||||,55|-0.18|672.53||||,3|0.71|677.29||||,53|0.39|679.96||||,78|-0.88|673.98||||,54|1.27|682.55||||,22|1.10|690.06||||,64|-1.06|682.77||||,15|1.92|695.9||||,51|0.59|700.04||||,25|0.42|702.98||||,3|2.06|717.47||||,74|-1.12|709.46||||,65|-0.41|706.55||||,76|0.01|706.63||||,11|2.26|722.6||||,64|-0.46|719.25||||,76|-0.22|717.67||||,17|2.06|732.45||||,35|1.77|745.42||||,57|-1.46|734.57||||,46|0.27|736.55||||,79|-2.45|718.53||||,50|-0.49|715.02||||,19|1.79|727.8||||,57|-0.67|722.93||||,71|-0.36|720.35||||,34|1.05|727.91||||,46|0.94|734.77||||,25|-0.20|733.3||||,53|-0.73|727.95||||,44|-0.48|724.47||||,29|0.06|724.94||||,71|-1.55|713.73||||,47|-2.26|697.61||||,48|1.87|710.64||||,48|-0.89|710.53||||,59|-0.28|708.57|1.14|3|17|渤海租赁,60|0.97|715.43|1.19|19|1|浙江东方,57|-0.34|713.02|0.87|7|13|*ST仁东,66|-0.55|709.12|0.93|3|15|翠微股份,51|-0.67|704.35|0.91|5|16|国网英大,55|-0.91|697.92|0.93|3|17|永安期货,371|0.51|701.35|0.89|21|7|国网英大,154|1.33|710.67|1.20|25|3|拉卡拉,288|-0.48|707.23|1.08|7|16|国网英大,84|1.86|720.41|1.35|22|4|南华期货,162|-1.18|711.92|1.86|8|19|南华期货,192|-2.47|694.32|1.88|2|24|新力金融,414|-1.49|683.98|1.39|3|23|南华期货,270|0.83|689.63|1.30|18|7|新力金融,154|1.99|703.33|1.19|24|2|瑞达期货,338|-1.38|693.65|1.40|4|22|拉卡拉,390|0.58|697.67|1.07|18|7|*ST仁东,278|-0.29|695.68|1.03|9|17|江苏金租,46|1.11|703.41|1.27|19|7|南华期货,437|-2.23|687.75|1.29|3|23|*ST仁东,102|0.90|693.94|1.58|15|8|中油资本,53|0.09|694.54|1.97|11|15|爱建集团,313|0.05|694.88|1.59|14|13|爱建集团,34|-0.41|692.05|2.19|10|17|中油资本,412|-3.19|669.99|1.98|3|23|*ST仁东,81|-3.64|645.59|1.98|3|23|南华期货,370|2.65|662.68|1.75|24|2|渤海租赁,383|1.26|671.02|1.70|23|3|四川双马,455|-2.77|652.45|1.23|1|25|江苏金租,231|1.24|660.52|1.19|24|3|中油资本,427|-0.65|656.2|1.22|8|18|南华期货,296|-1.48|646.49|1.28|4|23|江苏金租,344|0.85|651.99|1.17|20|6|爱建集团,371|-2.18|637.76|1.16|4|23|四川双马,32|-0.57|634.11|1.91|6|20|翠微股份,293|1.03|640.62|1.86|16|10|翠微股份,309|2.89|659.13|2.26|26|1|渤海租赁,378|-2.05|645.65|1.45|3|23|*ST仁东,40|1.89|657.87|1.77|24|3|南华期货,324|-0.30|655.88|1.29|10|16|海德股份,203|0.82|661.27|1.32|20|5|仁东控股,220|-0.38|658.78|1.18|9|18|渤海租赁,338|0.92|664.85|1.18|21|5|海南华铁,250|-0.06|664.42|1.25|10|17|拉卡拉,319|0.39|667.03|1.03|15|10|仁东控股,254|-0.29|665.08|1.12|8|19|仁东控股,66|1.31|673.8|1.34|19|5|建元信托,227|-0.83|668.22|1.39|5|22|浙江东方
BK0739|工程机械,43|0.65|2361.51||||,33|0.42|2371.53||||,70|-0.71|2354.61||||,76|-0.55|2341.59||||,31|0.40|2351.04||||,68|-0.94|2328.92||||,24|1.46|2362.86||||,59|-0.74|2345.34||||,48|-0.03|2344.72||||,46|-1.42|2311.35||||,36|-1.01|2287.97||||,6|0.51|2299.74||||,11|-2.46|2243.07||||,28|1.67|2280.45||||,70|0.62|2294.48||||,19|0.08|2296.25||||,74|-0.59|2282.74||||,27|1.50|2317.05||||,54|0.33|2324.67||||,41|-0.41|2315.19||||,7|0.67|2330.68||||,12|-0.02|2330.16||||,11|2.23|2382.1||||,66|0.02|2382.54||||,53|-1.04|2357.67||||,15|0.88|2378.38||||,24|-0.98|2355.03||||,15|0.98|2378.01||||,61|-0.43|2367.82||||,44|-1.62|2329.48||||,20|1.38|2361.71||||,77|-0.85|2341.56||||,44|1.39|2374.19||||,35|0.67|2390.07||||,39|-0.53|2377.32||||,41|0.92|2399.3||||,25|1.14|2426.54||||,23|0.43|2437.08||||,69|-0.92|2414.73||||,10|0.61|2429.54||||,70|-0.54|2416.33||||,69|0.38|2425.46||||,57|0.99|2449.39||||,31|0.16|2453.26||||,73|-0.07|2451.54||||,21|1.71|2493.56||||,62|1.05|2519.67||||,56|-1.42|2484||||,81|-0.78|2464.63||||,22|0.10|2467.01||||,4|1.70|2508.97||||,56|0.66|2525.65||||,66|-1.09|2498.12||||,38|0.78|2517.54||||,60|0.52|2530.64||||,56|0.78|2550.35||||,26|-0.53|2536.81||||,15|0.57|2551.39||||,38|-0.38|2541.72||||,59|-1.21|2510.93||||,38|-0.16|2506.89||||,65|-3.04|2430.77||||,5|3.95|2526.69||||,60|-1.44|2516.4||||,61|-0.30|2508.75|1.29|11|22|川润股份,25|1.90|2556.38|1.57|29|4|川润股份,36|0.00|2556.49|1.32|15|17|艾迪精密,32|0.08|2558.5|1.21|18|13|拓山重工,20|0.42|2569.32|1.22|15|17|川润股份,51|-0.80|2548.65|1.59|10|22|建设机械,196|1.68|2595.49|1.85|29|4|徐工机械,190|1.04|2622.56|1.62|23|11|建设机械,225|-0.14|2618.79|1.52|12|21|华东重机,463|-0.54|2604.62|1.35|9|25|福事特,184|-1.44|2567.13|1.60|5|28|邵阳液压,272|-3.13|2486.68|1.87|4|30|恒立钻具,304|-0.94|2463.37|1.29|13|21|邵阳液压,146|1.45|2499.17|1.39|31|3|海伦哲,318|1.13|2527.33|1.26|28|6|安徽合力,452|-2.46|2465.11|1.76|1|33|恒立液压,90|2.48|2526.29|1.34|33|0|福事特,279|-0.29|2519.06|1.26|16|17|铁拓机械,450|-1.82|2473.28|2.05|4|30|中际联合,212|-0.46|2461.97|1.51|7|25|南方路机,415|-1.17|2433.05|1.46|6|28|邵阳液压,158|-1.03|2408.11|1.54|8|25|厦工股份,254|0.38|2417.37|1.60|16|18|长龄液压,350|-2.96|2345.72|1.88|2|32|长龄液压,158|-1.72|2305.46|1.83|6|28|厦工股份,173|-4.92|2192.06|2.20|2|32|厦工股份,214|3.39|2266.46|1.80|32|1|华东重机,116|2.50|2323.06|1.80|33|1|厦工股份,324|-1.73|2282.83|1.74|2|32|万通液压,359|0.76|2300.07|1.64|25|9|华东重机,315|-0.02|2299.55|1.91|16|18|恒立钻具,26|0.63|2313.94|1.95|15|17|邵阳液压,340|0.88|2334.19|2.05|24|10|恒立液压,223|-1.43|2300.91|1.56|8|26|拓山重工,286|-2.58|2241.44|1.03|2|32|恒立液压,344|0.77|2258.74|1.05|22|11|拓山重工,65|5.56|2384.28|2.15|34|0|建设机械,291|-1.54|2347.45|1.54|3|31|华东重机,319|0.53|2359.96|1.41|23|9|威博液压,302|-0.19|2355.56|1.44|10|25|厦工股份,140|1.12|2381.91|1.48|30|5|恒立液压,196|-0.30|2374.75|1.37|12|22|海伦哲,368|0.73|2392.15|1.98|24|10|拓山重工,122|0.80|2411.23|1.46|16|18|万通液压,313|0.42|2421.47|1.77|22|11|艾迪精密,284|-0.39|2412.06|1.43|15|20|长龄液压,222|0.31|2419.58|1.80|19|14|厦工股份,406|-1.95|2372.37|1.79|3|32|长龄液压
BK0740|教育,72|0.09|703.1||||,74|-0.63|698.66||||,75|-0.92|692.23||||,45|0.78|697.65||||,42|0.22|699.16||||,61|-0.76|693.88||||,19|1.64|705.24||||,55|-0.59|701.06||||,11|1.23|709.7||||,3|0.82|715.5||||,44|-1.27|706.39||||,79|-2.14|691.24||||,26|-3.19|669.22||||,9|2.99|689.21||||,1|3.66|714.45||||,37|-0.33|712.09||||,71|-0.55|708.15||||,14|1.81|720.95||||,67|0.15|722.03||||,81|-1.57|710.73||||,79|-1.89|697.33||||,66|-1.37|687.8||||,59|1.02|694.79||||,51|0.43|697.79||||,40|-0.81|692.13||||,3|2.10|706.65||||,79|-2.27|690.63||||,39|0.13|691.53||||,71|-0.87|685.51||||,2|0.85|691.34||||,23|1.04|698.51||||,35|0.44|701.61||||,9|2.34|718||||,85|-1.32|708.49||||,85|-2.26|692.51||||,71|0.25|694.26||||,55|0.51|697.79||||,64|-0.45|694.63||||,40|-0.25|692.91||||,72|-1.04|685.72||||,3|1.88|698.62||||,23|2.08|713.17||||,67|0.80|718.88||||,84|-1.12|710.84||||,21|1.59|722.17||||,13|2.46|739.96||||,8|4.55|773.64||||,13|0.88|780.48||||,22|0.94|787.81||||,82|-2.51|768.03||||,75|-1.95|753.07||||,73|-0.13|752.07||||,64|-1.01|744.51||||,66|-0.21|742.98||||,43|0.79|748.82||||,49|0.91|755.65||||,60|-1.61|743.51||||,20|0.26|745.47||||,78|-1.72|732.68||||,30|0.05|733.02||||,75|-1.74|720.3||||,6|-0.78|714.69||||,37|2.25|730.76||||,23|-0.08|729.91||||,32|0.32|732.28|2.62|7|7|ST开元,17|2.31|749.18|3.48|13|2|行动教育,4|1.79|762.58|5.79|12|2|豆神教育,85|-2.38|744.46|4.15|0|14|*ST国化,35|-0.21|742.87|3.67|5|9|创业黑马,44|-0.72|737.5|3.19|3|12|中国高科,433|-0.19|736.91|2.43|10|5|凯文教育,370|0.32|739.3|3.03|10|6|中公教育,413|-1.11|731.1|2.63|1|15|*ST传智,74|1.97|745.52|5.58|14|2|中公教育,467|-3.97|715.9|4.91|1|15|行动教育,349|-3.80|688.72|4.14|0|16|行动教育,151|-0.23|687.15|2.56|7|8|豆神教育,22|2.85|706.71|4.20|16|0|行动教育,308|1.18|715.02|2.33|15|1|ST开元,120|-0.16|713.89|2.59|7|9|创业黑马,305|1.10|721.72|2.07|13|2|中国高科,354|-0.56|717.65|1.84|5|11|行动教育,161|-0.30|715.52|2.60|4|12|创业黑马,277|-0.83|709.55|2.75|6|10|行动教育,94|1.03|716.89|2.00|14|2|ST开元,348|-2.26|700.71|1.96|1|15|学大教育,178|0.97|707.51|1.67|12|3|全通教育,280|-2.64|688.84|1.89|0|16|科德教育,384|-2.96|668.44|2.11|1|15|中国高科,324|-5.67|630.5|3.07|1|15|行动教育,235|3.30|651.33|2.25|15|1|中国高科,58|2.94|670.46|2.76|15|1|科德教育,405|-2.19|655.76|2.05|1|15|中国高科,251|1.15|663.3|1.49|15|1|中国高科,330|-0.06|662.87|1.61|8|6|行动教育,216|-1.13|655.41|1.72|2|14|ST开元,256|1.36|664.3|1.51|14|1|中国高科,369|-2.18|649.83|1.50|2|14|行动教育,192|-2.01|636.77|1.35|2|14|行动教育,188|1.49|646.26|1.20|15|1|科德教育,182|3.97|671.92|2.44|16|0|学大教育,381|-2.06|658.11|1.74|1|15|ST东时,67|1.66|669.01|2.15|15|1|学大教育,416|-0.77|663.83|1.52|4|10|*ST传智,375|0.06|664.22|1.83|11|4|博瑞传播,163|-0.14|663.26|1.90|4|11|行动教育,217|1.44|672.81|2.27|14|2|行动教育,435|-1.27|664.24|2.21|3|13|科德教育,469|-0.60|660.26|2.29|7|8|博瑞传播,63|0.97|666.66|2.20|7|9|行动教育,346|-0.29|664.71|2.24|6|9|学大教育,255|-0.94|658.43|2.09|4|12|行动教育
BK0910|专用设备,50|0.55|3498.41||||,35|0.37|3511.37||||,73|-0.79|3483.49||||,71|0.00|3483.38||||,35|0.35|3495.63||||,73|-1.04|3459.38||||,46|0.84|3488.3||||,40|-0.29|3478.16||||,34|0.32|3489.31||||,28|-0.97|3455.31||||,57|-1.50|3403.51||||,54|-0.94|3371.51||||,47|-3.70|3246.66||||,26|1.72|3302.66||||,55|0.98|3334.89||||,63|-0.75|3309.97||||,15|0.78|3335.93||||,39|1.31|3379.79||||,52|0.39|3392.86||||,68|-0.97|3360||||,41|-0.76|3334.49||||,21|-0.46|3319.03||||,21|1.94|3383.38||||,25|1.20|3423.87||||,39|-0.80|3396.6||||,45|0.10|3400.16||||,26|-1.00|3366.1||||,24|0.50|3383.09||||,64|-0.62|3362.22||||,58|-1.85|3299.95||||,33|0.75|3324.74||||,61|-0.10|3321.5||||,38|1.47|3370.43||||,20|1.19|3410.4||||,23|-0.10|3407||||,27|1.36|3453.33||||,9|1.62|3509.15||||,63|-0.44|3493.59||||,18|0.28|3503.54||||,11|0.51|3521.26||||,54|-0.21|3514||||,46|1.32|3560.28||||,46|1.18|3602.12||||,13|0.87|3633.55||||,22|1.57|3690.47||||,31|1.26|3736.92||||,37|1.73|3801.62||||,64|-1.69|3737.24||||,19|1.08|3777.58||||,31|-0.02|3776.65||||,16|0.99|3814.07||||,53|0.81|3845.1||||,71|-1.26|3796.68||||,14|1.55|3855.47||||,41|0.82|3886.92||||,22|1.76|3955.48||||,44|-1.25|3905.93||||,17|0.35|3919.44||||,60|-1.16|3873.79||||,75|-2.01|3795.92||||,22|0.36|3809.61||||,49|-2.29|3722.33||||,13|3.03|3835.16||||,58|-1.37|3789.3||||,22|0.77|3818.4|2.36|172|89|南矿集团,28|1.86|3889.58|2.57|245|21|光力科技,54|-0.28|3878.77|2.40|96|167|克来机电,50|-0.30|3866.95|2.32|86|177|南兴股份,17|0.47|3885.21|2.57|120|147|江钨装备,18|-0.24|3875.98|2.47|119|147|天奇股份,200|1.65|3931.42|2.48|168|31|山东墨龙,272|0.71|3959.26|2.58|130|69|中捷资源,105|0.79|3990.45|2.87|113|82|江顺科技,305|0.32|4003.16|2.52|99|97|江钨装备,172|-1.28|3951.77|3.48|48|151|展鹏科技,273|-3.13|3827.9|4.01|28|174|山东墨龙,341|-1.12|3785.09|2.94|64|135|山东墨龙,80|1.83|3854.31|2.75|163|34|卓郎智能,280|1.34|3905.86|2.59|136|62|同力天启,278|-1.09|3863.15|3.08|40|160|电光科技,137|2.10|3944.45|2.65|181|20|江顺科技,343|-0.53|3923.61|2.70|50|146|威领股份,408|-1.48|3865.67|2.73|28|172|一拖股份,280|-0.86|3832.25|2.55|49|146|金鹰股份,257|0.07|3834.92|2.87|86|108|标准股份,318|-2.09|3754.76|2.42|22|179|卓郎智能,106|1.54|3812.44|2.33|145|55|同力天启,313|-2.74|3707.83|2.38|17|184|长江能科,281|-2.41|3618.34|2.47|24|178|电光科技,323|-5.67|3413.26|2.85|6|196|金马游乐,165|3.69|3539.21|2.39|193|9|鸿铭股份,284|1.77|3602|2.10|187|13|江顺科技,300|-1.63|3543.13|1.97|20|178|大叶股份,213|1.30|3589.03|1.95|164|34|乐惠国际,313|-0.02|3588.37|1.91|99|98|江顺科技,187|-1.00|3552.48|2.26|52|144|广日股份,144|1.91|3620.22|2.05|181|19|卓郎智能,250|-1.54|3564.29|1.99|33|169|宏华数科,189|-1.99|3493.44|1.76|25|175|法兰泰克,226|1.34|3540.18|1.53|156|43|凯格精机,133|4.51|3699.86|2.30|197|5|杰瑞股份,190|-1.02|3662.14|1.83|45|156|燕麦科技,160|1.14|3703.8|2.07|161|37|泰坦股份,247|0.08|3706.87|1.91|80|118|泰金新能,182|0.90|3740.11|2.00|135|64|泰金新能,298|-0.69|3714.34|1.90|49|151|航天工程,189|1.56|3772.43|1.91|167|30|南兴股份,95|1.15|3815.7|2.13|120|79|三佳科技,273|0.57|3837.32|2.21|129|68|蜀道装备,280|-0.38|3822.71|1.92|67|132|三佳科技,162|0.57|3844.39|2.36|106|92|斯莱克,346|-1.59|3783.36|2.39|32|168|山东墨龙
BK1015|能源金属,15|1.23|738.38||||,3|3.00|760.56||||,1|4.04|791.3||||,32|1.04|799.55||||,85|-1.08|790.92||||,75|-1.21|781.38||||,1|8.55|848.16||||,38|-0.25|846.06||||,1|6.67|902.49||||,81|-2.84|876.85||||,3|2.60|899.64||||,1|1.57|913.77||||,86|-10.27|819.92||||,86|-3.36|792.38||||,4|3.32|818.67||||,34|-0.30|816.25||||,67|-0.40|812.99||||,1|3.06|837.83||||,61|0.23|839.75||||,86|-2.22|821.14||||,86|-2.68|799.16||||,8|0.35|801.95||||,80|0.03|802.18||||,1|3.27|828.43||||,81|-2.31|809.29||||,13|0.93|816.82||||,21|-0.94|809.11||||,84|-1.55|796.55||||,85|-2.04|780.34||||,40|-1.54|768.35||||,1|5.98|814.3||||,83|-1.30|803.72||||,18|2.02|819.92||||,6|2.24|838.28||||,1|2.74|861.26||||,47|0.82|868.32||||,85|-1.59|854.52||||,1|3.55|884.85||||,86|-3.38|854.97||||,2|1.80|870.34||||,64|-0.38|867.04||||,13|2.49|888.63||||,2|3.69|921.43||||,9|1.55|935.69||||,86|-2.72|910.2||||,67|0.35|913.41||||,23|2.17|933.2||||,7|1.50|947.22||||,86|-2.20|926.42||||,4|2.26|947.38||||,84|-2.96|919.38||||,69|0.06|919.94||||,46|-0.28|917.37||||,2|4.60|959.53||||,78|-0.24|957.24||||,2|5.21|1007.1||||,14|0.81|1015.27||||,84|-1.99|995.08||||,7|2.60|1020.98||||,67|-1.52|1005.51||||,85|-7.29|932.19||||,75|-4.96|885.91||||,10|3.42|916.17||||,84|-4.79|878.51||||,2|2.39|899.55|3.43|11|2|盛新锂能,84|0.12|900.6|2.54|9|4|中矿资源,83|-1.51|887|2.09|0|13|赣锋锂业,2|4.23|924.53|6.08|13|0|格林美,4|2.18|944.64|6.66|12|1|盛屯矿业,78|-1.94|926.35|3.78|2|11|盛新锂能,46|3.66|964.47|3.27|11|0|盛新锂能,9|5.99|1022.26|5.64|11|0|寒锐钴业,205|0.02|1022.46|6.46|6|5|融捷股份,20|3.54|1058.62|4.60|11|0|永兴材料,218|-1.80|1039.59|4.42|1|10|永兴材料,467|-5.88|978.48|5.14|1|10|永兴材料,210|-0.57|972.89|3.19|4|7|天齐锂业,315|0.58|978.56|2.81|6|5|永兴材料,478|-1.25|966.34|2.70|3|8|西藏矿业,73|0.59|972.04|3.66|7|4|赣锋锂业,222|1.56|987.17|2.45|10|1|融捷股份,111|0.77|994.74|3.14|7|4|永兴材料,452|-1.84|976.43|2.56|0|11|华友钴业,97|0.24|978.79|3.66|8|3|西藏矿业,459|-2.16|957.64|3.80|2|9|融捷股份,367|-2.38|934.82|2.56|0|11|盛新锂能,476|-1.62|919.66|2.85|1|10|中矿资源,486|-5.75|866.81|3.91|0|11|天齐锂业,15|1.30|878.05|4.62|6|5|赣锋锂业,29|-1.55|864.45|4.70|5|6|永兴材料,213|3.40|893.86|4.69|10|1|融捷股份,36|3.38|924.1|4.75|11|0|融捷股份,2|2.89|950.85|5.22|9|2|融捷股份,2|7.36|1020.82|7.12|11|0|融捷股份,310|0.02|1020.98|6.65|4|7|融捷股份,461|-3.41|986.17|4.99|1|10|中矿资源,467|-0.68|979.5|4.33|4|7|腾远钴业,27|1.24|991.68|5.27|7|4|西藏矿业,203|-2.12|970.68|3.91|0|11|赣锋锂业,299|0.98|980.19|3.28|7|4|永杉锂业,298|2.96|1009.18|4.96|10|0|华友钴业,127|-0.66|1002.52|4.48|4|7|融捷股份,14|2.92|1031.76|6.79|10|1|西藏矿业,9|4.02|1073.25|7.15|10|1|盛新锂能,3|5.42|1131.4|7.81|11|0|腾远钴业,493|-3.85|1087.82|6.73|0|11|西藏矿业,4|5.22|1144.59|7.72|10|1|西藏矿业,157|0.49|1150.2|7.71|6|5|融捷股份,494|-1.27|1135.63|5.19|1|10|天齐锂业,64|0.97|1146.62|7.02|6|5|永杉锂业,231|0.23|1149.2|5.68|5|5|西藏矿业,481|-3.37|1110.5|6.00|1|10|永杉锂业
BK1016|汽车服务,17|1.20|1169.48||||,77|-0.75|1160.71||||,39|0.00|1160.72||||,64|0.21|1163.17||||,27|0.51|1169.13||||,46|-0.49|1163.4||||,36|1.13|1176.49||||,41|-0.32|1172.74||||,58|-0.14|1171.09||||,68|-2.02|1147.38||||,79|-2.22|1121.86||||,29|-0.35|1117.89||||,50|-3.79|1075.52||||,48|1.06|1086.88||||,69|0.70|1094.54||||,46|-0.49|1089.17||||,54|-0.10|1088.07||||,33|1.41|1103.36||||,46|0.51|1108.94||||,23|0.05|1109.48||||,74|-1.47|1093.2||||,39|-0.79|1084.6||||,35|1.42|1100.04||||,64|0.14|1101.6||||,68|-1.39|1086.31||||,46|0.10|1087.35||||,64|-1.93|1066.36||||,69|-0.47|1061.3||||,50|-0.10|1060.21||||,12|-0.42|1055.77||||,71|-0.05|1055.26||||,31|0.48|1060.36||||,7|2.41|1085.87||||,16|1.40|1101.03||||,78|-1.44|1085.13||||,76|0.01|1085.28||||,62|0.35|1089.1||||,46|-0.05|1088.6||||,68|-0.91|1078.68||||,46|-0.67|1071.47||||,28|0.37|1075.45||||,77|0.00|1075.47||||,10|2.53|1102.71||||,37|0.04|1103.18||||,69|0.06|1103.82||||,55|0.74|1112||||,45|1.59|1129.67||||,61|-1.52|1112.47||||,52|0.18|1114.51||||,48|-0.45|1109.47||||,19|0.56|1115.7||||,26|1.68|1134.46||||,51|-0.40|1129.94||||,57|0.14|1131.5||||,44|0.78|1140.34||||,30|1.39|1156.19||||,66|-1.87|1134.58||||,51|-0.65|1127.24||||,54|-0.85|1117.7||||,65|-1.47|1101.25||||,54|-0.56|1095.08||||,22|-1.48|1078.87||||,67|1.21|1091.97||||,19|0.03|1098.6||||,64|-0.38|1094.44|1.36|5|7|阿尔特,47|1.25|1108.07|1.41|12|0|上海物贸,14|0.40|1112.54|1.60|7|6|ST东时,52|-0.38|1108.28|1.29|2|9|阿尔特,60|-0.87|1098.65|1.30|3|10|中国汽研,14|-0.07|1097.83|1.15|3|6|ST东时,284|1.12|1108.96|1.21|9|2|中国汽研,430|0.04|1109.43|1.36|6|5|申华控股,229|-0.18|1107.45|1.28|2|6|中汽股份,307|0.30|1110.78|1.19|7|4|国机汽车,403|-3.03|1077.1|1.82|0|11|物贸Ｂ股,206|-2.54|1049.71|1.89|1|10|德众汽车,419|-1.53|1033.6|1.42|0|11|物贸Ｂ股,140|1.50|1049.06|1.13|11|0|浩物股份,93|2.44|1074.65|1.21|11|0|交运股份,294|-1.21|1061.67|1.72|0|11|浩物股份,345|0.83|1070.47|1.20|9|1|中汽股份,403|-0.76|1062.28|1.12|1|10|浩物股份,290|-0.93|1052.44|1.29|1|10|申华控股,239|-0.59|1046.25|1.18|2|8|申华控股,302|-0.21|1044.03|1.00|4|5|交运股份,182|-1.15|1031.99|1.14|1|10|申华控股,280|0.25|1034.53|0.89|8|3|阿尔特,248|-2.49|1008.73|1.14|0|11|中汽股份,270|-2.39|984.63|1.34|0|10|物贸Ｂ股,305|-5.59|929.54|1.79|0|11|物贸Ｂ股,150|3.80|964.84|1.41|11|0|北巴传媒,334|1.56|979.86|1.17|10|0|申华控股,147|-0.93|970.72|1.07|1|10|交运股份,232|1.23|982.68|0.93|11|0|上海物贸,412|-0.54|977.35|1.10|5|6|北巴传媒,19|1.09|988.01|1.42|6|5|阿尔特,378|0.63|994.19|1.23|7|3|中国汽研,208|-1.37|980.56|1.03|1|10|德众汽车,330|-2.82|952.95|0.97|0|11|中国汽研,207|1.41|966.35|0.85|10|1|交运股份,253|3.38|998.99|1.06|11|0|阿尔特,383|-2.07|978.34|0.89|1|10|交运股份,268|0.73|985.44|0.89|9|2|德众汽车,328|-0.33|982.21|0.84|3|7|北巴传媒,287|0.47|986.84|1.10|6|4|上海物贸,313|-0.78|979.15|0.92|2|9|中国汽研,133|1.80|996.74|1.17|10|1|交运股份,354|-0.57|991.05|0.95|2|8|德众汽车,257|0.64|997.38|0.85|8|3|上海物贸,234|-0.19|995.45|0.81|4|5|交运股份,307|-0.08|994.7|0.75|4|6|中国汽研,225|-0.81|986.6|0.94|1|7|交运股份
BK1017|采掘行业,25|0.98|1503.98||||,48|0.01|1504.08||||,35|0.07|1505.14||||,66|0.11|1506.79||||,37|0.27|1510.8||||,1|2.77|1552.63||||,69|0.55|1561.15||||,10|0.83|1574.17||||,50|-0.05|1573.35||||,59|-1.72|1546.25||||,6|0.98|1561.33||||,81|-2.17|1527.41||||,80|-5.47|1443.87||||,43|1.16|1460.66||||,83|0.06|1461.57||||,27|-0.20|1458.71||||,66|-0.37|1453.28||||,5|2.13|1484.2||||,3|2.09|1515.17||||,59|-0.83|1502.66||||,31|-0.44|1496.1||||,20|-0.41|1490||||,34|1.44|1511.5||||,85|-1.02|1496.14||||,79|-1.91|1467.59||||,43|0.14|1469.69||||,44|-1.46|1448.3||||,45|-0.03|1447.87||||,28|0.30|1452.27||||,77|-2.57|1414.98||||,30|0.85|1427.02||||,27|0.65|1436.35||||,55|1.22|1453.91||||,32|0.80|1465.53||||,22|-0.10|1464.13||||,51|0.73|1474.82||||,66|0.30|1479.31||||,12|0.70|1489.66||||,24|-0.04|1489.11||||,8|0.67|1499.05||||,61|-0.25|1495.29||||,37|1.59|1519.1||||,22|1.88|1547.62||||,78|-0.83|1534.79||||,24|1.48|1557.52||||,9|2.79|1600.94||||,82|-0.32|1595.89||||,3|2.75|1639.8||||,4|2.26|1676.86||||,26|0.03|1677.31||||,85|-4.02|1609.88||||,64|0.32|1615.03||||,55|-0.56|1605.96||||,3|2.89|1652.42||||,2|4.31|1723.69||||,74|0.34|1729.58||||,2|4.07|1799.91||||,65|-1.15|1779.18||||,3|6.78|1899.86||||,2|7.66|2045.3||||,84|-5.53|1932.24||||,85|-7.52|1786.91||||,66|1.32|1810.43||||,80|-2.74|1809.98||||,1|3.38|1871.06|3.77|19|2|准油股份,86|-0.77|1856.56|2.91|7|14|准油股份,46|-0.18|1853.15|2.28|7|12|中曼石油,8|1.37|1878.47|2.82|12|9|海油工程,66|-1.13|1857.33|2.49|9|12|广东宏大,81|-2.10|1818.39|1.98|3|18|仁智股份,,,,,,,,,,,,,,,,,,,,,,,,,,,,,,,,,,,,,,,,,,
BK1019|化学原料,16|1.20|992.11||||,22|1.00|1002.08||||,2|2.75|1029.66||||,25|1.25|1042.57||||,4|1.88|1062.2||||,67|-0.90|1052.62||||,8|2.56|1079.59||||,67|-1.08|1067.92||||,27|0.39|1072.04||||,78|-2.58|1044.43||||,8|0.66|1051.37||||,68|-1.37|1036.95||||,82|-5.85|976.29||||,72|0.16|977.82||||,33|1.39|991.45||||,39|-0.36|987.87||||,6|1.23|1000.02||||,41|1.30|1012.98||||,35|0.77|1020.79||||,45|-0.44|1016.33||||,37|-0.53|1010.96||||,59|-1.24|998.41||||,38|1.39|1012.24||||,82|-0.51|1007.03||||,65|-1.34|993.54||||,71|-0.37|989.83||||,39|-1.33|976.65||||,49|-0.08|975.85||||,16|0.75|983.13||||,49|-1.70|966.37||||,31|0.83|974.43||||,28|0.65|980.78||||,27|1.78|998.28||||,31|0.82|1006.48||||,38|-0.50|1001.46||||,59|0.60|1007.43||||,65|0.31|1010.59||||,14|0.61|1016.74||||,20|0.16|1018.36||||,29|-0.26|1015.69||||,77|-0.75|1008.1||||,53|1.08|1019.03||||,5|3.36|1053.29||||,46|-0.18|1051.36||||,68|0.08|1052.18||||,63|0.55|1057.96||||,69|0.67|1065.07||||,29|-0.49|1059.82||||,33|0.72|1067.42||||,13|0.55|1073.28||||,45|-0.41|1068.88||||,14|2.07|1090.98||||,2|1.95|1112.24||||,37|0.81|1121.3||||,24|1.30|1135.84||||,19|1.92|1157.62||||,22|0.04|1158.13||||,68|-1.22|1143.95||||,11|1.84|1164.97||||,33|-0.12|1163.55||||,34|-0.02|1163.29||||,79|-5.31|1101.51||||,30|2.51|1129.17||||,65|-1.65|1114.61||||,5|1.87|1135.46|2.22|74|6|金牛化工,29|1.86|1156.6|2.02|77|6|金牛化工,52|-0.25|1153.69|1.96|26|55|航锦科技,10|1.28|1168.45|2.26|68|15|华尔泰,72|-1.32|1153|1.94|15|67|振华股份,68|-1.55|1135.11|1.69|17|65|侨源股份,33|4.20|1178.97|2.47|60|3|金瑞矿业,100|1.87|1201.02|3.20|56|6|金浦钛业,275|-0.39|1196.31|2.54|20|40|三孚股份,148|1.08|1209.19|2.44|44|16|新金路,50|1.61|1228.63|3.54|36|24|金牛化工,152|-2.00|1204.09|4.33|14|49|金牛化工,355|-1.17|1190.01|3.47|16|47|三孚股份,293|0.73|1198.65|3.08|37|24|金煤科技,20|3.71|1243.16|4.08|57|6|金浦钛业,299|-1.22|1228.01|5.26|19|42|宝丰能源,473|-1.92|1204.43|3.79|11|51|三孚股份,10|3.69|1248.91|4.26|58|5|三孚股份,56|0.90|1260.13|5.26|32|31|诚志股份,112|0.13|1261.77|5.00|27|34|兴化股份,442|-1.70|1240.26|4.76|11|51|金牛化工,282|-1.73|1218.78|4.10|8|55|红星发展,438|-0.87|1208.19|3.29|20|43|诚志股份,403|-3.29|1168.47|3.82|5|57|兴化股份,459|-3.74|1124.72|3.15|1|61|新金路,57|-2.91|1092.02|3.58|11|52|金煤科技,450|1.63|1109.85|2.89|52|11|振华股份,372|1.32|1124.51|2.76|49|13|三孚股份,58|-0.13|1123.01|2.94|23|38|兴化股份,33|3.28|1159.86|3.32|57|5|金煤科技,329|-0.06|1159.12|3.28|28|35|维远股份,445|-3.08|1123.42|2.76|1|63|氯碱Ｂ股,409|0.35|1127.35|2.22|45|19|江苏索普,183|-1.21|1113.7|2.39|16|47|山东海化,430|-3.46|1075.14|2.37|4|60|振华股份,9|5.24|1131.44|2.85|62|2|诚志股份,471|0.38|1135.71|3.11|41|22|新金路,105|-0.51|1129.9|2.45|14|47|诚志股份,408|0.05|1130.41|2.10|33|29|雪天盐业,170|0.42|1135.11|2.27|35|26|雪天盐业,447|-0.53|1129.11|2.30|24|36|奥克股份,468|-2.07|1105.75|2.18|4|59|鲁银投资,252|1.32|1120.32|1.99|50|13|金瑞矿业,228|0.01|1120.47|1.97|25|36|鲁北化工,295|0.49|1125.96|2.18|33|28|三孚股份,152|0.15|1127.69|2.02|33|30|博源化工,139|0.70|1135.62|2.08|37|25|诚志股份,114|-0.10|1134.51|2.58|32|31|善水科技
BK1027|小金属,28|0.91|3047.65||||,18|1.11|3081.38||||,37|0.05|3082.96||||,85|-1.35|3041.41||||,70|-0.38|3029.95||||,78|-1.42|2986.97||||,10|2.13|3050.58||||,74|-1.27|3011.82||||,42|0.12|3015.41||||,50|-1.44|2971.86||||,14|0.31|2980.96||||,19|-0.08|2978.5||||,79|-5.44|2816.59||||,15|2.27|2880.4||||,14|2.05|2939.45||||,68|-0.88|2913.51||||,62|-0.23|2906.82||||,17|1.70|2956.13||||,12|1.59|3003.28||||,82|-1.58|2955.87||||,12|0.31|2965.01||||,55|-1.10|2932.45||||,4|3.36|3031||||,15|1.43|3074.28||||,62|-1.24|3036.17||||,28|0.50|3051.27||||,15|-0.72|3029.38||||,12|1.33|3069.82||||,36|0.15|3074.31||||,79|-2.76|2989.54||||,6|2.30|3058.34||||,47|0.15|3062.86||||,12|2.25|3131.88||||,10|1.92|3192.05||||,8|0.60|3211.1||||,43|0.88|3239.32||||,73|0.06|3241.34||||,11|1.04|3275.19||||,55|-0.60|3255.56||||,61|-0.90|3226.41||||,34|0.26|3234.78||||,36|1.60|3286.54||||,6|3.36|3396.93||||,5|2.12|3468.78||||,83|-1.18|3427.95||||,3|4.11|3568.75||||,36|1.75|3631.21||||,69|-1.91|3561.91||||,42|0.37|3574.94||||,10|1.27|3620.2||||,17|0.83|3650.15||||,18|1.86|3718.03||||,65|-1.03|3679.71||||,6|2.51|3772.17||||,67|0.32|3784.36||||,10|2.84|3891.68||||,4|2.73|3998.07||||,58|-0.94|3960.31||||,4|4.85|4152.58||||,49|-0.85|4117.35||||,82|-5.39|3895.33||||,78|-5.17|3694.03||||,3|4.60|3864.02||||,83|-3.41|3719.85||||,15|1.06|3759.27|3.03|22|18|翔鹭钨业,7|3.03|3873.34|3.14|36|4|盛和资源,18|0.34|3886.55|2.70|25|14|博迁新材,3|3.25|4012.71|3.52|34|6|翔鹭钨业,2|2.81|4125.56|3.68|33|7|章源钨业,85|-2.97|4002.91|3.08|4|36|天工股份,150|2.08|4084.03|4.28|18|6|宝武镁业,7|6.53|4350.69|6.58|24|0|云南锗业,88|1.03|4395.51|5.78|12|12|云南锗业,3|7.84|4740.14|6.90|24|0|章源钨业,38|2.37|4852.59|8.98|13|11|华锡有色,480|-6.59|4532.82|8.08|1|23|厦门钨业,46|1.06|4580.96|6.33|13|11|东方锆业,476|-2.07|4486.16|5.43|2|22|东方钽业,439|-0.34|4470.96|4.58|9|15|章源钨业,366|-1.48|4404.64|4.62|4|20|东方钽业,300|1.13|4454.19|3.81|19|4|天工股份,492|-2.21|4355.85|4.69|4|20|云南锗业,433|-1.64|4284.21|3.98|4|20|中稀有色,490|-3.89|4117.41|4.33|1|23|中国铀业,440|-1.63|4050.27|4.00|3|21|东方钽业,338|-2.18|3961.79|3.10|2|22|翔鹭钨业,200|0.82|3994.38|2.73|16|8|天工股份,481|-5.28|3783.51|3.71|0|24|西部材料,152|-1.68|3720.01|2.86|2|22|云南锗业,232|-5.22|3525.86|3.89|0|24|中国稀土,270|3.12|3635.86|3.61|22|2|云南锗业,95|2.61|3730.77|4.53|21|3|云南锗业,413|-2.26|3646.5|3.37|1|23|西部材料,24|3.57|3776.66|4.16|24|0|云南锗业,144|0.74|3804.7|3.62|14|9|西部材料,355|-1.89|3732.79|3.83|6|19|北方稀土,253|1.37|3783.83|3.47|19|6|宝武镁业,460|-2.99|3670.59|3.02|1|24|中国铀业,59|-1.08|3630.84|2.53|6|19|云南锗业,69|2.70|3728.72|3.43|23|2|中稀有色,96|5.11|3919.15|4.62|25|0|东方钽业,137|-0.69|3892.18|3.58|7|18|中稀有色,449|-0.34|3878.88|3.57|12|13|云南锗业,315|-0.27|3868.49|3.12|10|13|盛龙股份,123|1.36|3920.95|4.03|19|6|西部材料,388|-1.10|3877.97|4.33|6|19|西部材料,38|2.93|3991.49|4.71|20|5|中钨高新,64|1.51|4051.86|5.03|18|6|云南锗业,17|3.00|4173.46|5.28|24|1|西部材料,86|0.70|4202.51|4.51|16|9|华锡有色,46|1.68|4273.15|4.51|16|8|云南锗业,488|-4.58|4077.61|5.98|2|23|云南锗业
BK1029|汽车整车,63|0.35|1888.74||||,40|0.24|1893.35||||,48|-0.19|1889.77||||,70|0.02|1890.19||||,76|-0.70|1876.9||||,66|-0.83|1861.37||||,11|1.91|1896.85||||,33|-0.07|1895.58||||,46|0.02|1895.93||||,45|-1.37|1869.87||||,31|-0.90|1853.02||||,60|-1.15|1831.66||||,18|-3.02|1776.38||||,41|1.24|1798.42||||,79|0.26|1803.12||||,38|-0.35|1796.79||||,64|-0.33|1790.84||||,6|2.05|1827.47||||,43|0.57|1837.92||||,14|0.38|1844.9||||,57|-1.07|1825.09||||,35|-0.77|1811||||,48|1.26|1833.79||||,72|-0.11|1831.81||||,46|-0.90|1815.27||||,7|1.37|1840.18||||,22|-0.94|1822.96||||,42|0.06|1824.11||||,47|-0.01|1823.96||||,7|-0.01|1823.74||||,76|-0.21|1819.92||||,81|-1.00|1801.77||||,53|1.27|1824.72||||,15|1.40|1850.22||||,75|-1.38|1824.73||||,75|0.06|1825.87||||,83|-0.17|1822.71||||,28|0.33|1828.7||||,59|-0.72|1815.51||||,31|-0.34|1809.34||||,38|0.14|1811.87||||,79|-0.07|1810.53||||,21|1.96|1846.03||||,74|-0.73|1832.48||||,75|-0.09|1830.74||||,70|0.30|1836.31||||,79|0.27|1841.31||||,43|-1.07|1821.53||||,82|-0.88|1805.46||||,27|0.03|1805.92||||,20|0.40|1813.13||||,29|1.54|1841||||,44|-0.26|1836.29||||,54|0.19|1839.81||||,66|0.34|1846.04||||,59|0.71|1859.1||||,28|-0.63|1847.32||||,19|0.29|1852.6||||,65|-1.31|1828.32||||,39|-0.35|1821.93||||,66|-1.25|1799.2||||,37|-1.89|1765.13||||,63|1.50|1791.53||||,15|0.32|1822.32||||,25|0.60|1833.27|0.99|12|14|金龙汽车,51|1.18|1854.87|0.98|23|3|动力新科,40|-0.15|1852.18|0.88|8|15|动力新科,30|0.11|1854.28|0.93|15|11|江淮汽车,26|0.10|1856.15|0.89|9|17|中国重汽,21|-0.31|1850.38|0.91|8|18|千里科技,,,,,,,,,,,,,,,,,,,,,,,,,,,,,,,,,,,,,,,,,,
BK1031|光伏设备,3|2.82|1362.48||||,44|0.13|1364.21||||,5|1.92|1390.41||||,29|1.12|1406.04||||,1|2.67|1443.64||||,86|-3.31|1395.88||||,13|1.77|1420.59||||,9|1.06|1435.62||||,80|-1.35|1416.25||||,72|-2.22|1384.8||||,42|-1.22|1367.97||||,82|-2.18|1338.15||||,83|-5.98|1258.1||||,63|0.41|1263.2||||,24|1.60|1283.35||||,61|-0.74|1273.89||||,4|1.30|1290.49||||,21|1.60|1311.1||||,62|0.23|1314.18||||,76|-1.40|1295.73||||,68|-1.22|1279.87||||,65|-1.35|1262.62||||,22|1.87|1286.24||||,7|1.83|1309.73||||,3|0.60|1317.58||||,84|-0.91|1305.59||||,9|-0.35|1301.07||||,17|0.83|1311.82||||,56|-0.18|1309.46||||,81|-2.82|1272.56||||,18|1.50|1291.67||||,71|-0.36|1287||||,66|1.03|1300.21||||,50|0.33|1304.49||||,58|-0.88|1293.01||||,10|2.45|1324.68||||,23|1.17|1340.14||||,6|1.36|1358.4||||,11|0.80|1369.25||||,85|-1.83|1344.25||||,75|-0.65|1335.5||||,45|1.36|1353.72||||,9|2.69|1390.18||||,20|0.63|1398.93||||,5|2.37|1432.13||||,84|-0.57|1423.98||||,15|2.72|1462.71||||,51|-1.27|1444.08||||,37|0.47|1450.8||||,23|0.10|1452.19||||,11|1.32|1471.34||||,49|0.98|1485.71||||,85|-2.69|1445.76||||,64|-0.12|1444.02||||,7|2.57|1481.14||||,1|9.14|1616.53||||,57|-1.56|1591.24||||,4|2.55|1631.77||||,86|-2.63|1588.8||||,62|-1.33|1567.71||||,79|-2.12|1534.46||||,7|-0.84|1521.55||||,2|6.28|1617.04||||,85|-4.87|1618||||,12|1.26|1638.38|7.59|52|24|正泰电源,2|4.55|1712.95|7.41|72|6|协鑫集成,85|-1.78|1682.4|7.95|17|60|安彩高科,77|-0.86|1667.88|6.29|16|61|永臻股份,30|0.05|1668.68|5.60|31|45|双良节能,86|-3.06|1617.6|4.72|6|72|*ST天龙,361|0.59|1620.96|3.96|39|26|协鑫集成,232|0.85|1634.74|5.01|43|22|高测股份,306|-0.57|1625.39|4.97|23|44|宇邦新材,53|2.41|1664.61|5.33|55|11|永臻股份,392|-2.91|1616.25|4.97|14|53|德业股份,126|-1.66|1589.38|5.50|21|45|欧晶科技,225|-0.62|1579.52|5.00|22|45|首航新能,421|-0.32|1574.5|4.07|29|38|亿晶光电,364|0.85|1587.85|4.01|43|24|协鑫集成,42|1.25|1607.64|5.39|43|23|首航新能,199|1.67|1634.48|5.24|50|16|高测股份,46|1.63|1661.19|6.14|44|24|首航新能,155|-0.28|1656.49|5.63|28|39|首航新能,326|-1.08|1638.65|5.22|20|48|横店东磁,418|-1.21|1618.86|4.31|10|59|国晟科技,73|-0.38|1612.63|5.07|22|47|协鑫集成,323|-0.07|1611.58|4.70|32|37|迈为股份,74|-1.26|1591.27|4.15|21|48|禾迈股份,3|3.72|1650.48|6.80|55|14|中利集团,25|-1.21|1630.45|7.39|23|46|中利集团,466|0.93|1645.59|6.68|38|29|中利集团,479|-0.02|1645.21|6.96|26|40|中利集团,477|-3.39|1589.36|5.77|7|62|安彩高科,422|0.44|1596.43|4.97|42|27|琏升科技,481|-2.59|1555.01|5.37|9|60|国晟科技,448|-3.15|1506.1|5.12|8|61|安彩高科,170|1.78|1532.98|4.78|56|13|国晟科技,420|-2.50|1494.59|4.50|8|61|中利集团,424|-3.42|1443.43|4.50|5|64|*ST沐邦,387|0.51|1450.84|3.60|44|25|国晟科技,184|3.95|1508.13|4.35|64|5|福斯特,312|-1.69|1482.6|3.83|14|54|帝尔激光,85|1.45|1504.15|3.95|56|13|德业股份,28|1.90|1532.71|4.51|59|10|琏升科技,415|-0.27|1528.58|3.82|30|36|高测股份,294|-0.67|1518.3|3.34|22|47|琏升科技,181|1.61|1542.69|3.45|60|8|泽润新能,92|1.19|1561.06|3.45|40|27|帝尔激光,123|1.29|1581.23|4.36|48|17|国晟科技,237|-0.20|1578.03|4.21|22|45|*ST金刚,330|-0.20|1574.81|3.53|30|39|帝尔激光,311|-1.33|1553.83|3.70|14|55|联泓新科
BK1032|风电设备,4|2.50|1514.37||||,27|0.77|1526.1||||,62|-0.49|1518.56||||,83|-0.96|1504.04||||,29|0.49|1511.39||||,84|-1.96|1481.83||||,50|0.79|1493.56||||,50|-0.46|1486.69||||,76|-1.14|1469.76||||,58|-1.64|1445.68||||,19|-0.56|1437.55||||,50|-0.71|1427.33||||,33|-3.33|1379.82||||,13|2.49|1414.22||||,78|0.27|1418.1||||,12|0.31|1422.53||||,42|0.23|1425.77||||,31|1.45|1446.38||||,72|0.06|1447.29||||,62|-0.83|1435.33||||,2|1.59|1458.19||||,6|0.42|1464.33||||,20|1.95|1492.84||||,47|0.57|1501.31||||,31|-0.57|1492.8||||,82|-0.70|1482.29||||,2|1.01|1497.3||||,9|1.52|1520.04||||,34|0.16|1522.52||||,83|-3.03|1476.44||||,54|0.39|1482.17||||,74|-0.67|1472.17||||,64|1.11|1488.48||||,57|0.21|1491.56||||,30|-0.25|1487.84||||,12|2.27|1521.64||||,17|1.31|1541.5||||,37|0.11|1543.16||||,7|1.02|1558.84||||,84|-1.76|1531.44||||,18|0.59|1540.48||||,27|1.86|1569.14||||,18|2.03|1601.05||||,47|-0.20|1597.84||||,4|2.55|1638.56||||,23|1.51|1663.24||||,42|1.62|1690.17||||,74|-2.34|1650.58||||,68|-0.37|1644.55||||,28|0.02|1644.96||||,27|0.25|1649.1||||,10|2.29|1686.85||||,67|-1.13|1667.82||||,39|0.72|1679.9||||,42|0.81|1693.57||||,8|3.07|1745.63||||,48|-1.40|1721.11||||,11|0.86|1735.96||||,64|-1.29|1713.54||||,76|-2.03|1678.84||||,68|-1.39|1655.51||||,58|-2.62|1612.07||||,24|2.77|1656.73||||,75|-2.12|1626.84||||,23|0.68|1637.94|3.50|23|11|中环海陆,18|2.29|1675.52|3.79|29|5|飞沃科技,78|-0.94|1659.85|2.80|9|25|常友科技,33|0.07|1660.93|2.57|12|22|中环海陆,40|-0.26|1656.6|2.48|15|19|恒润股份,66|-1.27|1635.55|2.38|5|27|道生天合,155|2.05|1668.87|3.39|25|5|海力风电,239|0.80|1682.24|3.32|23|7|金风科技,12|3.04|1733.45|4.78|26|4|新强联,379|0.05|1734.29|3.90|14|16|飞沃科技,224|-1.84|1702.36|4.06|5|25|道生天合,311|-3.44|1643.86|4.63|4|26|天顺风能,62|0.68|1654.99|3.26|22|6|大金重工,117|1.64|1682.05|4.34|24|6|电气风电,226|1.57|1708.45|4.23|24|6|禾望电气,69|0.65|1719.53|4.29|15|14|常友科技,221|1.56|1746.41|4.26|28|2|飞沃科技,35|2.05|1782.18|5.78|21|9|中环海陆,7|4.32|1859.21|8.37|23|7|振江股份,7|2.70|1909.35|12.04|20|10|天顺风能,384|-0.74|1895.24|12.50|11|18|锡华科技,204|-1.33|1869.99|10.75|8|22|锡华科技,409|-0.72|1856.55|9.61|10|20|金风科技,70|-1.24|1833.52|7.54|7|23|吉鑫科技,124|-1.50|1806.01|8.61|8|22|禾望电气,73|-3.38|1744.89|7.38|4|26|吉鑫科技,389|2.56|1789.53|7.89|25|5|和展能源,450|0.58|1799.82|7.84|21|8|吉鑫科技,481|-3.57|1735.52|7.24|3|27|和展能源,455|-0.10|1733.78|5.92|12|17|锡华科技,186|0.55|1743.26|5.80|16|14|飞沃科技,473|-3.66|1679.48|6.04|2|28|新强联,290|1.21|1699.85|4.95|22|8|锡华科技,398|-2.36|1659.79|4.78|4|26|大金重工,414|-3.33|1604.52|4.66|5|25|恒润股份,309|0.93|1619.48|3.69|24|6|和展能源,195|3.86|1682.01|4.64|28|2|飞沃科技,136|-0.68|1670.54|4.11|6|23|振江股份,188|1.04|1687.92|3.79|20|10|威力传动,165|0.46|1695.64|3.30|17|12|大金重工,142|1.11|1714.43|4.16|19|11|禾望电气,73|0.59|1724.5|4.37|11|19|禾望电气,301|1.08|1743.19|3.29|22|8|恒润股份,45|1.90|1776.39|5.13|22|7|大金重工,145|1.15|1796.79|5.34|22|8|中船科技,420|-1.09|1777.15|4.37|8|22|中船科技,166|0.56|1787.05|3.74|19|11|天顺风能,381|-1.79|1755.12|4.49|6|24|德力佳
BK1033|电池,2|2.90|1515.6||||,26|0.78|1527.37||||,4|2.37|1563.62||||,80|-0.76|1551.76||||,10|1.19|1570.25||||,79|-1.45|1547.47||||,2|5.59|1634.03||||,58|-0.67|1623.11||||,7|1.56|1648.51||||,85|-4.30|1577.7||||,53|-1.45|1554.82||||,85|-2.40|1517.57||||,85|-7.28|1407.02||||,57|0.70|1416.84||||,6|2.40|1450.84||||,70|-0.91|1437.63||||,2|1.76|1462.87||||,15|1.73|1488.14||||,82|-0.27|1484.05||||,80|-1.49|1461.9||||,76|-1.65|1437.85||||,43|-0.96|1424||||,62|0.94|1437.37||||,6|1.99|1465.99||||,72|-1.49|1444.09||||,79|-0.65|1434.65||||,31|-1.12|1418.54||||,61|-0.35|1413.53||||,81|-1.21|1396.46||||,72|-2.23|1365.34||||,4|2.83|1403.94||||,86|-1.77|1379.11||||,60|1.14|1394.78||||,23|1.07|1409.71||||,2|1.88|1436.19||||,18|1.60|1459.14||||,56|0.49|1466.26||||,5|1.36|1486.17||||,84|-1.71|1460.7||||,25|-0.21|1457.64||||,84|-1.03|1442.63||||,14|2.49|1478.55||||,31|1.61|1502.34||||,36|0.06|1503.28||||,80|-0.33|1498.31||||,54|0.77|1509.85||||,72|0.52|1517.64||||,54|-1.39|1496.61||||,34|0.61|1505.71||||,3|2.57|1544.46||||,42|-0.37|1538.71||||,67|0.22|1542.16||||,81|-2.26|1507.31||||,15|1.50|1529.97||||,83|-0.69|1519.37||||,3|3.93|1579.06||||,67|-2.05|1546.76||||,83|-1.95|1516.63||||,75|-1.63|1491.86||||,72|-1.83|1464.61||||,35|-0.07|1463.54||||,52|-2.35|1429.21||||,14|3.03|1472.51||||,72|-1.81|1459.19||||,4|2.21|1491.46|2.78|66|9|天际股份,34|1.60|1515.36|2.49|67|8|安孚科技,79|-1.02|1499.96|1.84|13|62|嘉元科技,17|0.54|1508.02|2.25|47|25|中伟新材,28|0.08|1509.29|1.94|37|38|德福科技,33|-0.52|1501.45|2.06|23|53|恩捷股份,275|1.16|1521.83|3.11|78|24|铜冠铜箔,56|2.78|1564.14|4.41|95|6|诺德股份,375|-0.83|1551.1|4.27|28|74|科力远,400|-0.06|1550.15|3.50|48|52|万润新能,271|-2.20|1516.03|3.94|14|88|嘉元科技,302|-3.38|1464.76|4.34|10|92|鹏辉能源,317|-0.99|1450.33|2.82|18|83|亿华通-U,165|1.33|1469.67|2.84|80|21|雄韬股份,389|0.66|1479.37|2.63|54|46|中一科技,142|-0.34|1474.4|3.48|43|59|鹏辉能源,122|2.23|1507.21|3.18|95|7|震裕科技,16|2.98|1552.05|4.93|86|14|雄韬股份,238|-0.69|1541.35|3.64|29|72|万润新能,43|0.70|1552.1|4.64|58|42|璞泰来,197|0.38|1558.03|4.04|54|49|维科技术,460|-3.52|1503.14|3.60|3|101|富临精工,361|-0.36|1497.75|2.89|37|66|万里股份,362|-3.03|1452.35|3.23|10|94|圣阳股份,17|0.98|1466.58|4.74|55|47|石大胜华,62|-2.98|1422.9|4.62|17|87|博力威,408|2.33|1456.12|4.00|87|17|华盛锂电,363|1.40|1476.51|3.77|82|22|维科技术,17|0.93|1490.17|4.52|59|44|石大胜华,47|2.88|1533.14|4.81|96|8|滨海能源,418|-0.59|1524.1|4.57|27|75|科达利,466|-3.51|1470.61|4.31|7|97|圣阳股份,316|1.01|1485.5|3.82|78|26|震裕科技,366|-2.15|1453.48|3.47|14|89|信德新材,315|-2.77|1413.19|2.99|10|94|博力威,111|2.14|1443.41|3.27|92|11|滨海能源,224|3.64|1495.95|4.07|98|6|骄成超声,62|-0.15|1493.69|3.89|39|65|圣阳股份,7|3.96|1552.82|5.91|94|9|国轩高科,60|1.21|1571.56|4.80|73|30|圣阳股份,18|3.01|1618.88|5.04|96|7|石大胜华,471|-2.12|1584.62|4.84|17|86|圣阳股份,52|2.58|1625.53|4.89|94|10|龙蟠科技,40|2.04|1658.69|4.86|73|31|安孚科技,458|-0.46|1651.12|4.09|34|68|圣阳股份,55|1.06|1668.64|4.74|66|38|德福科技,143|0.68|1680.03|5.37|60|45|翔丰华,443|-2.36|1640.44|4.99|17|88|浙江恒威
BK1035|美容护理,53|0.48|1060.1||||,57|-0.23|1057.66||||,41|-0.07|1056.87||||,3|3.33|1092.08||||,46|0.18|1094.01||||,6|1.23|1107.44||||,83|0.21|1109.79||||,61|-0.80|1100.87||||,70|-0.61|1094.18||||,6|0.45|1099.11||||,5|1.10|1111.16||||,86|-2.46|1083.81||||,25|-3.19|1049.23||||,65|0.38|1053.2||||,45|1.11|1064.93||||,53|-0.60|1058.54||||,7|1.18|1071.02||||,62|0.83|1079.92||||,66|0.16|1081.63||||,51|-0.52|1075.98||||,52|-0.91|1066.17||||,83|-1.92|1045.65||||,60|1.00|1056.06||||,59|0.30|1059.25||||,10|0.09|1060.25||||,64|-0.29|1057.15||||,18|-0.86|1048.04||||,63|-0.39|1043.95||||,23|0.59|1050.12||||,6|0.02|1050.35||||,41|0.61|1056.76||||,69|-0.20|1054.64||||,21|1.97|1075.44||||,76|-0.31|1072.11||||,80|-1.55|1055.45||||,33|1.23|1068.46||||,69|0.13|1069.83||||,68|-0.49|1064.56||||,33|-0.16|1062.86||||,24|-0.16|1061.13||||,13|0.69|1068.46||||,26|1.87|1088.48||||,86|-0.23|1085.97||||,80|-0.85|1076.76||||,46|0.70|1084.33||||,34|1.21|1097.5||||,32|1.87|1118.06||||,18|0.29|1121.31||||,54|0.10|1122.38||||,37|-0.25|1119.59||||,55|-0.67|1112.04||||,37|1.33|1126.87||||,15|0.97|1137.79||||,36|0.84|1147.34||||,81|-0.55|1141||||,65|0.55|1147.27||||,54|-1.50|1130.08||||,66|-1.17|1116.84||||,80|-2.09|1093.45||||,23|0.39|1097.7||||,55|-0.57|1091.4||||,8|-0.92|1081.39||||,51|1.80|1100.85||||,1|2.59|1129.82||||,77|-0.83|1120.45|2.16|6|22|诺邦股份,61|0.95|1131.13|1.83|24|3|延江股份,39|-0.13|1129.61|1.53|13|15|锦盛新材,18|0.50|1135.31|2.06|11|16|锦盛新材,82|-1.63|1116.76|2.09|2|26|力合科创,47|-0.75|1108.41|2.12|4|23|青松股份,365|0.58|1114.03|1.86|23|9|延江股份,134|1.54|1131.19|2.34|27|5|延江股份,334|-0.69|1123.38|2.01|6|26|延江股份,333|0.21|1125.69|1.90|18|14|青松股份,412|-3.15|1090.21|2.51|1|31|延江股份,151|-1.96|1068.86|2.33|3|29|延江股份,308|-0.96|1058.6|1.73|5|26|锦盛新材,370|0.15|1060.23|1.70|16|16|延江股份,210|1.65|1077.76|1.57|27|4|延江股份,422|-1.92|1057.1|1.91|2|30|锦盛新材,130|2.16|1079.93|1.58|32|0|延江股份,240|-0.14|1078.38|1.48|13|19|锦波生物,388|-1.37|1063.66|1.38|3|29|*ST美谷,109|0.14|1065.12|1.40|17|12|上海家化,153|0.63|1071.8|1.60|23|9|两面针,164|-1.05|1060.51|1.52|3|28|登康口腔,255|0.38|1064.58|1.38|14|17|延江股份,195|-2.25|1040.59|1.46|1|31|科思股份,221|-2.16|1018.07|1.52|3|29|上海家化,456|-6.41|952.85|2.18|0|32|*ST美谷,189|3.53|986.45|1.55|32|0|两面针,316|1.65|1002.71|1.27|25|7|延江股份,218|-1.21|990.59|1.61|6|26|嘉亨家化,112|1.95|1009.94|1.78|28|4|倍加洁,306|0.03|1010.27|1.27|15|16|青松股份,166|-0.87|1001.46|1.34|5|26|润本股份,41|2.97|1031.22|1.63|30|2|两面针,159|-0.97|1021.26|2.53|6|26|延江股份,221|-2.26|998.2|1.88|4|28|延江股份,383|0.57|1003.9|1.76|19|11|华业香料,306|2.93|1033.3|1.92|30|2|力合科创,457|-2.54|1007.05|1.70|0|32|*ST美谷,336|0.47|1011.75|1.60|24|8|丸美生物,387|-0.57|1006.01|1.43|7|25|敷尔佳,328|0.29|1008.96|1.47|22|10|爱美客,96|0.31|1012.05|1.56|16|13|锦波生物,326|0.99|1022.09|1.60|27|5|中顺洁柔,277|-0.20|1020|1.72|9|23|水羊股份,102|1.48|1035.09|1.60|24|8|百亚股份,134|0.23|1037.52|1.58|19|13|百亚股份,328|-0.20|1035.49|1.59|16|15|芭薇股份,106|-0.06|1034.88|1.83|15|16|润本股份
BK1036|半导体,84|-0.71|1887.99||||,5|2.45|1934.34||||,67|-0.68|1921.22||||,33|0.99|1940.15||||,80|-0.83|1923.96||||,57|-0.75|1909.54||||,33|1.18|1932.02||||,86|-2.56|1882.5||||,36|0.30|1888.21||||,8|0.37|1895.22||||,38|-1.06|1875.12||||,64|-1.25|1851.72||||,75|-4.82|1762.48||||,30|1.52|1789.24||||,17|1.91|1823.33||||,4|0.90|1839.83||||,12|0.89|1856.12||||,18|1.67|1887.14||||,8|1.74|1919.93||||,70|-1.06|1899.63||||,67|-1.21|1876.6||||,3|0.62|1888.2||||,66|0.72|1901.87||||,3|2.49|1949.31||||,34|-0.66|1936.51||||,30|0.49|1946.01||||,47|-1.47|1917.33||||,5|2.03|1956.31||||,84|-1.97|1917.76||||,53|-1.79|1883.39||||,17|1.58|1913.23||||,70|-0.21|1909.23||||,86|-0.76|1894.66||||,4|2.39|1939.93||||,13|0.14|1942.68||||,16|1.85|1978.62||||,22|1.19|2002.09||||,82|-0.83|1985.46||||,28|-0.11|1983.19||||,15|0.34|1989.99||||,82|-0.94|1971.37||||,5|4.18|2053.68||||,28|1.68|2088.19||||,3|2.29|2135.98||||,42|0.83|2153.67||||,43|1.04|2176.08||||,26|2.13|2222.37||||,82|-3.46|2145.37||||,9|1.69|2181.6||||,7|1.67|2218.02||||,1|4.13|2309.55||||,82|-0.67|2294.11||||,28|0.49|2305.43||||,5|2.70|2367.77||||,79|-0.30|2360.77||||,42|1.12|2387.1||||,81|-2.82|2319.81||||,1|3.95|2411.53||||,13|1.50|2447.73||||,85|-3.52|2361.65||||,9|0.83|2381.14||||,81|-5.67|2246.04||||,15|3.01|2313.56||||,39|-0.70|2258.34||||,78|-1.12|2233.09|2.73|38|134|欧莱新材,9|2.84|2296.59|3.48|159|15|苏州固锝,55|-0.31|2289.46|2.88|64|110|华峰测控,74|-0.65|2274.67|2.39|48|126|广立微,3|2.33|2327.72|3.19|149|24|晶晨股份,10|0.14|2330.98|2.97|80|93|微导纳米,376|0.46|2341.24|3.10|105|67|优迅股份,112|1.76|2382.52|3.68|128|44|有研硅,53|1.72|2423.61|3.93|131|42|欧莱新材,461|-0.51|2411.2|3.25|53|120|盛科通信-U,347|-2.64|2347.66|3.55|22|150|源杰科技,473|-6.39|2197.75|4.25|4|169|长光华芯,164|-0.30|2191.06|2.94|54|117|佰维存储,58|2.04|2235.66|3.13|150|22|强一股份,407|0.50|2246.89|2.53|98|72|派瑞股份,386|-1.60|2210.86|3.23|25|147|江波龙,24|3.63|2291.02|2.88|169|4|长光华芯,463|-1.39|2259.14|2.66|33|139|燕东微,401|-1.42|2226.99|2.36|23|149|国科微,354|-1.20|2200.16|2.47|25|148|银河微电,25|2.34|2251.59|2.95|149|23|兆易创新,437|-3.10|2181.73|2.49|12|160|沐曦股份-U,21|2.84|2243.65|2.80|163|9|联动科技,335|-2.85|2179.77|2.68|10|162|长光华芯,153|-1.68|2143.1|2.85|28|144|源杰科技,340|-5.74|2020|3.16|6|166|思瑞浦,388|2.56|2071.73|2.50|157|15|赛微微电,194|2.16|2116.51|2.57|158|13|华亚智能,439|-2.54|2062.75|2.12|17|155|华亚智能,166|1.52|2094.19|2.13|140|32|先锋精科,250|0.26|2099.71|2.01|72|100|锴威特,443|-3.01|2036.58|2.21|13|160|恒玄科技,45|2.89|2095.4|2.28|167|6|炬光科技,459|-2.99|2032.74|2.13|11|162|锴威特,18|-0.01|2032.49|1.84|63|108|中船特气,211|1.40|2060.86|1.98|137|35|康强电子,24|6.59|2196.63|3.41|173|0|大为股份,58|-0.13|2193.8|2.99|53|120|锴威特,95|1.38|2224.08|3.05|129|44|晶升股份,153|0.52|2235.55|2.68|84|89|利扬芯片,32|2.48|2291.07|3.12|154|20|大为股份,368|-0.99|2268.47|3.02|43|130|沐曦股份-U,188|1.57|2304.14|2.65|147|24|大为股份,55|1.69|2343.07|3.23|127|47|先导基电,276|0.56|2356.22|3.55|97|75|有研新材,352|-0.68|2340.14|3.32|52|123|和林微纳,12|2.93|2408.82|3.75|164|11|先导基电,413|-2.01|2360.49|3.98|33|141|盛科通信-U
BK1037|消费电子,59|0.44|1951||||,20|1.01|1970.8||||,79|-1.01|1950.86||||,77|-0.58|1939.49||||,78|-0.73|1925.41||||,63|-0.78|1910.39||||,48|0.83|1926.19||||,66|-1.07|1905.52||||,29|0.36|1912.32||||,19|-0.68|1899.4||||,61|-1.74|1866.32||||,22|-0.12|1864.03||||,57|-3.92|1791.01||||,35|1.42|1816.42||||,10|2.24|1857.12||||,16|0.11|1859.16||||,3|1.67|1890.17||||,67|0.67|1902.81||||,1|2.87|1957.47||||,44|-0.44|1948.93||||,77|-1.78|1914.15||||,57|-1.14|1892.33||||,42|1.34|1917.62||||,12|1.62|1948.59||||,20|-0.17|1945.28||||,83|-0.91|1927.59||||,67|-1.99|1889.14||||,36|0.20|1892.88||||,82|-1.36|1867.1||||,42|-1.60|1837.26||||,13|1.92|1872.53||||,72|-0.58|1861.74||||,71|0.87|1878.02||||,18|1.24|1901.25||||,9|0.23|1905.7||||,6|2.77|1958.5||||,34|0.97|1977.54||||,77|-0.68|1964.14||||,44|-0.32|1957.76||||,6|1.02|1977.7||||,52|-0.19|1974||||,24|2.07|2014.85||||,75|0.52|2025.39||||,59|-0.39|2017.44||||,60|0.45|2026.6||||,42|1.07|2048.27||||,17|2.61|2101.82||||,76|-2.71|2044.84||||,24|0.87|2062.64||||,25|0.06|2063.82||||,12|1.28|2090.31||||,66|0.23|2095.02||||,78|-1.67|2060||||,12|1.56|2092.11||||,57|0.56|2103.87||||,48|0.92|2123.13||||,72|-2.17|2076.98||||,10|0.94|2096.48||||,61|-1.17|2072.02||||,78|-2.27|2025.01||||,20|0.40|2033.18||||,40|-1.93|1993.99||||,20|2.87|2051.13||||,61|-1.44|2010.42||||,24|0.66|2023.74|1.91|55|45|科森科技,14|2.39|2072.2|2.09|98|4|科森科技,29|0.15|2075.22|1.93|48|51|共达电声,46|-0.23|2070.45|1.62|31|70|利通电子,6|1.43|2100|1.96|64|37|环旭电子,11|0.10|2102.17|2.15|42|60|泰嘉股份,243|1.33|2128.97|2.20|74|23|昀冢科技,347|0.44|2138.36|2.27|53|41|贝隆精密,93|0.95|2158.73|2.43|61|34|统联精密,363|0.12|2161.25|2.25|44|52|共达电声,246|-2.06|2116.67|2.86|16|80|利通电子,404|-4.53|2020.77|2.95|5|92|苏州天脉,166|-0.34|2013.93|2.03|32|66|慧为智能,124|1.60|2046.21|2.29|83|15|金龙机电,363|0.85|2063.56|1.85|69|27|传音控股,332|-1.35|2035.67|2.44|14|82|绿联科技,39|3.07|2098.11|2.60|93|5|奥海科技,294|-0.32|2091.35|2.37|31|67|利通电子,432|-1.64|2057.1|2.00|13|85|科森科技,328|-1.08|2034.85|1.78|16|81|隆扬电子,129|0.74|2050|2.27|63|35|胜利精密,398|-2.61|1996.46|2.60|10|88|新亚电子,54|1.98|2035.97|2.16|79|17|可川科技,285|-2.65|1982.05|2.05|6|92|利通电子,306|-2.51|1932.23|2.33|8|89|安克创新,329|-5.69|1822.26|2.68|3|93|杰美特,227|3.34|1883.04|2.16|90|8|杰美特,118|2.49|1930.01|2.39|92|5|可川科技,315|-1.71|1897.08|2.06|15|83|泓禧科技,284|1.04|1916.85|1.65|71|27|杰美特,376|-0.27|1911.67|1.69|35|59|统联精密,258|-1.28|1887.17|2.02|16|82|工业富联,88|2.23|1929.34|1.93|91|7|华勤技术,406|-2.39|1883.23|1.75|9|89|泓禧科技,61|-1.13|1861.94|1.49|21|76|易天股份,212|1.39|1887.75|1.58|76|22|福蓉科技,42|6.00|2001.03|2.91|97|1|利通电子,26|0.49|2010.91|2.58|39|58|安洁科技,107|1.29|2036.83|2.76|78|19|奥尼电子,212|0.23|2041.58|2.20|41|53|杰美特,63|1.97|2081.71|2.56|86|12|协创数据,113|0.19|2085.64|2.61|35|62|福蓉科技,155|1.73|2121.77|2.83|86|12|可川科技,86|1.24|2148.17|2.60|57|35|可川科技,181|0.98|2169.13|3.38|66|30|可川科技,338|-0.63|2155.54|2.64|23|75|致尚科技,38|1.78|2193.89|3.19|78|18|协创数据,387|-1.81|2154.13|2.99|18|79|亿道信息
BK1038|光学光电子,57|0.47|1848.71||||,29|0.64|1860.57||||,47|-0.18|1857.15||||,56|0.52|1866.75||||,71|-0.42|1858.97||||,59|-0.75|1845.04||||,80|0.38|1852.09||||,47|-0.43|1844.15||||,18|0.83|1859.42||||,26|-0.89|1842.8||||,62|-1.76|1810.33||||,23|-0.16|1807.42||||,45|-3.68|1740.86||||,14|2.32|1781.21||||,8|2.37|1823.47||||,25|-0.14|1820.93||||,13|0.86|1836.52||||,9|1.97|1872.74||||,9|1.71|1904.74||||,49|-0.49|1895.38||||,42|-0.76|1880.91||||,45|-0.99|1862.3||||,24|1.85|1896.8||||,10|1.71|1929.31||||,18|-0.07|1927.94||||,65|-0.29|1922.34||||,76|-2.15|1880.92||||,26|0.45|1889.38||||,68|-0.78|1874.65||||,38|-1.49|1846.77||||,37|0.69|1859.52||||,43|0.21|1863.34||||,67|1.01|1882.08||||,46|0.40|1889.52||||,45|-0.56|1879||||,19|1.60|1909.06||||,39|0.78|1924.04||||,71|-0.57|1913.01||||,42|-0.29|1907.37||||,36|-0.43|1899.22||||,7|1.16|1921.2||||,56|1.02|1940.87||||,16|2.05|1980.58||||,25|0.35|1987.51||||,30|1.10|2009.45||||,25|1.39|2037.37||||,33|1.87|2075.41||||,77|-2.80|2017.21||||,15|1.35|2044.5||||,35|-0.12|2042.05||||,15|1.01|2062.69||||,71|-0.02|2062.38||||,73|-1.39|2033.8||||,13|1.55|2065.37||||,38|0.90|2083.91||||,12|2.45|2134.87||||,74|-2.27|2086.33||||,12|0.84|2103.83||||,55|-0.99|2083.09||||,77|-2.08|2039.78||||,32|0.05|2040.81||||,41|-2.06|1998.74||||,12|3.15|2061.68||||,50|-1.10|2048.88||||,67|-0.46|2039.54|1.97|39|58|晨丰科技,16|2.35|2087.46|2.22|88|9|奥瑞德,49|-0.23|2082.56|2.16|44|55|福光股份,69|-0.59|2070.35|1.82|31|67|莱特光电,24|0.25|2075.54|2.00|41|57|东田微,26|-0.37|2067.84|1.91|39|60|永新光学,183|1.80|2105.84|2.80|82|15|晨丰科技,298|0.62|2118.94|2.53|61|35|ST长方,71|1.34|2147.25|2.69|73|21|聚飞光电,327|0.23|2152.24|3.28|45|50|汇创达,370|-2.71|2093.81|3.27|12|85|腾景科技,377|-4.22|2005.37|3.62|7|89|亚世光电,167|-0.35|1998.38|2.61|30|65|聚飞光电,3|7.18|2141.96|4.72|95|1|华灿光电,471|-0.97|2121.15|5.68|26|68|华塑控股,330|-1.34|2092.69|4.02|16|77|瑞丰光电,80|2.57|2146.52|3.35|86|11|蓝特光学,164|0.21|2151|3.77|51|41|沃格光电,157|-0.29|2144.73|3.92|31|65|三安光电,351|-1.20|2118.98|3.53|20|75|水晶光电,237|0.21|2123.46|3.42|46|47|深华发Ａ,434|-3.07|2058.18|2.99|10|87|深华发Ａ,34|2.35|2106.64|2.67|83|12|深华发Ａ,120|-1.83|2068.14|2.47|11|86|深华发Ａ,144|-1.64|2034.16|3.25|18|79|深华发Ａ,452|-6.35|1904.97|3.62|3|94|秋田微,155|3.77|1976.83|3.02|92|5|华塑控股,261|1.85|2013.33|2.59|83|14|奥瑞德,450|-2.70|1958.99|3.00|8|90|奥瑞德,265|1.11|1980.69|2.70|73|24|奥瑞德,287|0.10|1982.7|2.78|38|53|福晶科技,406|-2.47|1933.74|2.41|7|90|乾照光电,103|2.14|1975.11|2.37|86|11|奥瑞德,367|-2.17|1932.32|2.66|11|87|光莆股份,21|-0.19|1928.67|2.24|27|69|福晶科技,368|0.63|1940.83|2.10|65|30|弘景光电,81|5.31|2043.81|3.13|97|1|奥瑞德,34|0.36|2051.08|3.52|36|62|彩虹股份,166|1.10|2073.72|3.16|65|33|彩虹股份,291|-0.13|2071.06|2.62|34|60|三利谱,192|0.84|2088.45|2.71|60|33|ST长方,179|-0.23|2083.75|3.05|30|68|沃格光电,270|1.22|2109.15|3.06|70|25|奥瑞德,54|1.70|2144.94|3.70|68|29|沃格光电,165|1.06|2167.68|4.17|55|39|合力泰,169|0.09|2169.64|4.59|37|59|亚世光电,41|1.73|2207.27|3.87|69|28|三安光电,467|-2.95|2142.15|3.92|8|90|苏大维格
BK1041|医疗器械,52|0.54|1033.49||||,67|-0.45|1028.89||||,44|-0.14|1027.42||||,31|1.07|1038.37||||,62|-0.17|1036.65||||,5|1.36|1050.73||||,78|0.41|1055.05||||,34|-0.08|1054.19||||,81|-1.42|1039.19||||,25|-0.83|1030.59||||,55|-1.46|1015.54||||,58|-1.01|1005.32||||,37|-3.41|971.03||||,33|1.49|985.51||||,47|1.10|996.36||||,36|-0.32|993.13||||,41|0.28|995.91||||,76|0.42|1000.06||||,50|0.43|1004.39||||,67|-0.94|994.96||||,33|-0.46|990.38||||,48|-1.02|980.29||||,63|0.89|989.05||||,65|0.10|990.05||||,59|-1.15|978.63||||,61|-0.23|976.39||||,45|-1.46|962.09||||,38|0.13|963.31||||,41|0.09|964.22||||,23|-0.93|955.23||||,32|0.83|963.15||||,14|1.11|973.87||||,73|0.86|982.22||||,78|-0.37|978.55||||,59|-0.99|968.84||||,60|0.60|974.66||||,16|1.33|987.6||||,84|-0.89|978.81||||,39|-0.25|976.36||||,52|-0.72|969.36||||,58|-0.23|967.1||||,2|6.26|1027.66||||,49|1.14|1039.37||||,79|-0.83|1030.71||||,16|1.78|1049.08||||,39|1.15|1061.17||||,21|2.28|1085.36||||,8|1.28|1099.25||||,31|0.73|1107.32||||,74|-1.70|1088.55||||,70|-1.54|1071.81||||,72|-0.10|1070.74||||,58|-0.75|1062.71||||,24|1.10|1074.41||||,76|-0.04|1074.01||||,25|1.63|1091.47||||,13|0.96|1101.97||||,41|-0.52|1096.29||||,85|-2.54|1068.47||||,50|-0.91|1058.77||||,58|-0.67|1051.63||||,44|-2.20|1028.53||||,61|1.59|1044.91||||,20|-0.01|1049.16||||,43|0.10|1050.19|1.87|64|63|天智航-U,59|1.03|1061.05|1.70|107|19|振德医疗,32|0.08|1061.87|1.55|54|71|振德医疗,72|-0.63|1055.14|1.32|30|96|振德医疗,54|-0.73|1047.4|1.59|32|96|爱迪特,30|-0.43|1042.89|1.38|31|98|博拓生物,352|0.66|1049.1|1.58|103|33|爱迪特,307|0.59|1055.3|1.61|101|35|爱迪特,329|-0.67|1048.26|1.69|35|99|健信超导,118|1.43|1063.28|1.66|103|32|爱迪特,259|-2.13|1040.59|2.40|18|118|九安医疗,278|-3.17|1007.62|2.29|8|128|九安医疗,360|-1.19|995.63|1.76|22|113|五洲医疗,222|1.07|1006.28|1.61|107|29|康众医疗,135|2.16|1028.01|1.82|121|15|南卫股份,270|-1.05|1017.19|1.83|21|114|英科医疗,112|2.30|1040.57|1.57|131|3|爱迪特,210|-0.01|1040.44|1.66|40|95|宝莱特,229|-0.66|1033.62|1.59|31|103|硕世生物,95|0.25|1036.16|2.03|59|67|蓝帆医疗,247|0.14|1037.66|2.29|79|53|东方海洋,167|-1.06|1026.61|2.91|31|103|基蛋生物,130|1.28|1039.76|2.32|103|30|基蛋生物,292|-2.68|1011.94|2.62|5|131|九安医疗,357|-2.79|983.75|2.48|6|130|康拓医疗,377|-5.89|925.81|2.78|2|134|康拓医疗,122|3.98|962.7|2.25|136|0|中科美菱,402|1.15|973.81|1.91|109|25|宝莱特,343|-1.82|956.07|1.64|11|124|康拓医疗,49|2.80|982.85|1.80|133|4|基蛋生物,222|0.37|986.48|2.00|77|60|海泰新光,175|-0.94|977.25|1.97|33|101|海泰新光,34|3.33|1009.78|2.38|132|5|九安医疗,120|-0.59|1003.8|2.52|36|100|济民健康,318|-2.77|975.96|2.26|7|130|海泰新光,266|1.16|987.29|2.24|100|36|英科医疗,312|2.87|1015.65|2.56|128|9|力诺药包,388|-2.09|994.45|2.14|13|124|华兰股份,175|1.08|1005.23|2.12|114|22|奥美医疗,422|-0.86|996.55|2.02|28|107|麦澜德,285|0.48|1001.37|2.02|90|45|宝莱特,93|0.40|1005.35|2.17|77|57|健信超导,406|0.56|1010.98|1.91|84|51|爱迪特,303|-0.30|1007.96|1.90|40|97|海泰新光,254|0.66|1014.58|1.90|93|41|华兰股份,282|-0.38|1010.68|1.80|37|97|奥美医疗,109|0.97|1020.5|1.96|86|48|九安医疗,300|-1.25|1007.73|2.36|28|105|万孚生物
BK1042|医药商业,40|0.70|1165.66||||,60|-0.26|1162.66||||,17|0.63|1169.94||||,10|1.83|1191.31||||,6|1.77|1212.45||||,3|2.64|1244.5||||,53|0.74|1253.65||||,2|2.72|1287.74||||,86|-2.15|1260.01||||,56|-1.57|1240.2||||,73|-2.08|1214.35||||,46|-0.56|1207.55||||,63|-4.10|1158.06||||,62|0.43|1162.99||||,25|1.57|1181.24||||,1|3.24|1219.5||||,83|-0.98|1207.51||||,81|0.21|1210.09||||,29|0.94|1221.48||||,1|2.52|1252.21||||,5|0.94|1263.98||||,11|0.02|1264.29||||,40|1.37|1281.56||||,49|0.50|1287.99||||,85|-2.64|1253.95||||,16|0.86|1264.75||||,82|-2.70|1230.56||||,82|-1.32|1214.26||||,9|1.09|1227.46||||,27|-1.10|1213.99||||,14|1.83|1236.16||||,1|5.73|1306.94||||,79|0.37|1311.74||||,86|-1.72|1289.22||||,29|-0.25|1286.05||||,81|-0.16|1283.93||||,67|0.24|1286.99||||,30|0.28|1290.57||||,85|-2.45|1258.98||||,17|0.20|1261.47||||,86|-1.40|1243.79||||,17|2.40|1273.69||||,40|1.27|1289.82||||,34|0.11|1291.2||||,25|1.34|1308.53||||,24|1.43|1327.21||||,63|1.01|1340.59||||,6|1.94|1366.57||||,17|1.15|1382.34||||,86|-3.68|1331.51||||,79|-2.33|1300.53||||,60|0.48|1306.76||||,53|-0.47|1300.61||||,72|-0.40|1295.43||||,23|1.30|1312.26||||,9|3.00|1351.67||||,18|0.54|1358.99||||,85|-2.02|1331.6||||,76|-1.66|1309.44||||,47|-0.78|1299.23||||,70|-1.53|1279.36||||,24|-1.50|1260.12||||,57|1.61|1280.41||||,25|-0.15|1291.58||||,74|-0.65|1283.2|2.46|13|19|海王生物,79|0.59|1290.71|2.04|21|9|一心堂,75|-0.78|1280.59|1.66|6|23|第一医药,68|-0.58|1273.14|1.44|4|27|达嘉维康,63|-1.07|1259.58|1.47|3|29|大参林,42|-0.71|1250.67|1.19|1|32|国发股份,250|1.28|1264.56|1.12|31|1|百洋医药,327|0.50|1270.94|1.41|21|10|海王生物,363|-0.79|1260.86|1.30|2|30|国药股份,311|0.29|1264.46|0.97|22|8|塞力医疗,334|-2.56|1232.04|1.82|5|27|国药股份,134|-1.73|1210.77|1.60|2|30|国药股份,377|-1.26|1195.53|1.35|3|29|药易购,227|1.05|1208.03|1.12|28|3|华人健康,146|2.05|1232.79|1.17|30|0|塞力医疗,185|-0.66|1224.61|1.28|8|24|塞力医疗,357|0.77|1234.07|1.02|26|4|达嘉维康,268|-0.25|1230.97|1.04|11|20|塞力医疗,193|-0.48|1225.07|1.00|11|20|益丰药房,96|0.25|1228.08|1.18|18|10|塞力医疗,276|-0.07|1227.24|1.11|13|15|建发致新,101|-0.68|1218.91|1.28|4|25|建发致新,292|0.15|1220.76|1.06|18|14|药易购,174|-2.15|1194.55|1.10|1|31|开开Ｂ股,172|-1.82|1172.83|1.13|2|30|益丰药房,218|-5.16|1112.33|1.75|0|32|开开Ｂ股,190|3.52|1151.51|1.45|32|0|塞力医疗,386|1.24|1165.84|1.08|30|2|百洋医药,233|-1.28|1150.97|0.97|2|29|老百姓,121|1.86|1172.36|1.17|31|0|海王生物,37|1.88|1194.41|1.60|30|1|塞力医疗,37|0.34|1198.42|1.78|12|17|鹭燕医药,151|1.89|1221.04|2.53|29|1|海王生物,15|2.22|1248.14|4.47|25|4|重药控股,24|-0.37|1243.49|4.90|9|23|重药控股,243|1.29|1259.52|5.40|23|8|鹭燕医药,482|-0.55|1252.63|4.79|21|11|一心堂,458|-2.56|1220.6|4.59|2|30|海王生物,351|0.39|1225.3|4.40|24|8|南京医药,489|-2.07|1199.89|3.30|1|30|百洋医药,303|0.41|1204.8|2.85|20|9|百洋医药,4|4.35|1257.26|5.14|32|0|瑞康医药,491|-1.05|1244.1|4.83|6|25|瑞康医药,474|-1.68|1223.23|3.10|2|30|百洋医药,333|0.33|1227.21|2.69|20|10|海王生物,343|-0.63|1219.45|2.39|12|19|益丰药房,456|-1.11|1205.94|2.08|4|27|一心堂,94|0.10|1207.2|2.43|12|19|益丰药房
BK1043|专业服务,41|0.68|1485.58||||,46|0.06|1486.49||||,77|-0.98|1471.95||||,49|0.72|1482.49||||,69|-0.34|1477.44||||,26|-0.03|1476.97||||,49|0.81|1488.99||||,29|0.02|1489.36||||,55|-0.11|1487.76||||,15|-0.49|1480.4||||,49|-1.36|1460.2||||,26|-0.20|1457.23||||,16|-2.99|1413.72||||,21|1.92|1440.92||||,32|1.41|1461.25||||,73|-0.98|1446.95||||,31|0.40|1452.71||||,74|0.44|1459.04||||,24|1.12|1475.4||||,64|-0.89|1462.24||||,55|-1.04|1447.02||||,50|-1.06|1431.75||||,25|1.83|1457.98||||,52|0.40|1463.75||||,23|-0.28|1459.72||||,49|0.00|1459.65||||,10|-0.45|1453.09||||,20|0.57|1461.41||||,39|0.13|1463.25||||,21|-0.86|1450.7||||,80|-0.47|1443.91||||,33|0.46|1450.53||||,23|1.84|1477.22||||,54|0.26|1481.12||||,65|-1.08|1465.15||||,21|1.55|1487.87||||,27|1.14|1504.87||||,13|0.65|1514.62||||,64|-0.81|1502.42||||,83|-1.56|1478.91||||,19|0.55|1487.07||||,18|2.36|1522.19||||,35|1.51|1545.12||||,29|0.18|1547.97||||,15|1.82|1576.11||||,51|0.89|1590.08||||,13|3.21|1641.15||||,58|-1.46|1617.24||||,23|0.90|1631.73||||,66|-1.06|1614.43||||,13|1.13|1632.61||||,50|0.92|1647.56||||,39|0.00|1647.6||||,45|0.60|1657.55||||,32|1.06|1675.12||||,40|1.25|1696.06||||,78|-2.42|1655.01||||,23|0.15|1657.52||||,40|-0.43|1650.37||||,56|-1.18|1630.86||||,53|-0.54|1622.1||||,11|-1.21|1602.51||||,32|2.47|1642.09||||,49|-0.93|1626.47||||,38|0.24|1630.44|3.44|21|20|安车检测,35|1.58|1656.19|3.13|38|3|西测测试,67|-0.66|1645.27|2.60|13|27|三联虹普,54|-0.43|1638.22|2.69|13|28|国义招标,41|-0.27|1633.72|2.98|18|23|电科院,35|-0.60|1623.87|2.48|9|32|谱尼测试,288|1.12|1644.43|2.47|22|11|电科院,324|0.51|1652.86|2.57|22|10|中钢天源,175|0.23|1656.58|2.39|18|14|安邦护卫,242|0.59|1666.41|2.29|22|11|信测标准,324|-2.54|1624.05|2.97|2|31|华测检测,337|-3.65|1564.71|2.97|2|31|中金辐照,162|-0.29|1560.15|2.35|13|20|电科院,126|1.58|1584.87|2.50|29|2|电科院,170|1.91|1615.07|2.40|31|2|安邦护卫,242|-0.95|1599.79|2.68|8|25|电科院,156|1.95|1630.97|2.16|31|2|零点有数,376|-0.66|1620.22|2.00|6|27|联检科技,346|-1.18|1601.03|1.94|7|26|天溯计量,352|-1.20|1581.79|1.96|4|28|中金辐照,218|0.28|1586.14|2.25|17|15|谱尼测试,288|-1.77|1558.01|2.10|3|29|天溯计量,91|1.63|1583.47|2.29|24|9|胜科纳米,320|-2.78|1539.42|2.05|2|31|安邦护卫,407|-3.15|1490.95|2.03|0|33|北京人力,300|-5.58|1407.74|2.76|0|33|锋尚文化,113|4.04|1464.55|2.12|32|1|信测标准,429|0.86|1477.12|1.85|26|6|安邦护卫,328|-1.74|1451.42|1.71|3|30|安邦护卫,321|0.90|1464.54|1.46|29|3|米奥会展,320|-0.04|1463.9|1.59|15|18|实朴检测,156|-0.84|1451.61|1.76|8|24|北矿检测,190|1.68|1476.02|1.59|31|1|胜科纳米,174|-1.10|1459.74|1.43|8|25|中纺标,226|-2.30|1426.23|1.34|1|31|华测检测,340|0.78|1437.42|1.15|23|10|建研院,163|4.18|1497.44|1.78|33|0|零点有数,294|-1.56|1474.13|1.44|3|30|信测标准,227|0.88|1487.06|1.41|28|5|开普检测,236|0.12|1488.84|1.45|13|20|实朴检测,84|1.65|1513.44|1.74|28|4|信测标准,183|-0.26|1509.43|1.93|11|21|电科院,241|1.38|1530.19|1.88|25|8|信测标准,149|0.56|1538.71|1.86|18|15|实朴检测,190|0.92|1552.89|2.76|27|6|华测检测,327|-0.59|1543.75|2.16|11|21|信测标准,261|0.11|1545.41|1.71|14|18|零点有数,249|-0.91|1531.28|2.55|8|25|国检集团
BK1044|生物制品,83|-0.68|1133.89||||,68|-0.48|1128.41||||,69|-0.69|1120.68||||,16|1.46|1137||||,52|0.11|1138.26||||,9|0.84|1147.83||||,44|0.96|1158.89||||,20|0.36|1163.05||||,84|-2.04|1139.27||||,31|-1.05|1127.32||||,64|-1.79|1107.13||||,47|-0.62|1100.3||||,52|-3.81|1058.33||||,31|1.52|1074.37||||,35|1.38|1089.25||||,15|0.13|1090.65||||,57|-0.13|1089.18||||,75|0.43|1093.86||||,79|-0.22|1091.41||||,84|-1.81|1071.65||||,30|-0.43|1067.01||||,17|-0.24|1064.43||||,71|0.57|1070.47||||,71|-0.10|1069.42||||,44|-0.86|1060.19||||,48|0.01|1060.31||||,14|-0.71|1052.74||||,29|0.37|1056.66||||,83|-1.47|1041.11||||,36|-1.47|1025.82||||,25|0.93|1035.36||||,53|0.05|1035.86||||,52|1.30|1049.29||||,77|-0.32|1045.93||||,44|-0.55|1040.18||||,64|0.51|1045.53||||,71|0.12|1046.81||||,56|-0.35|1043.13||||,70|-0.92|1033.54||||,56|-0.78|1025.53||||,47|-0.05|1024.97||||,9|3.70|1062.86||||,80|0.44|1067.57||||,7|1.63|1085||||,31|1.08|1096.74||||,12|2.47|1123.83||||,71|0.59|1130.51||||,4|2.53|1159.1||||,66|-0.28|1155.83||||,73|-1.59|1137.42||||,62|-1.01|1125.94||||,74|-0.17|1124.01||||,60|-0.85|1114.44||||,48|0.47|1119.71||||,80|-0.52|1113.88||||,26|1.61|1131.76||||,8|2.36|1158.47||||,57|-0.90|1148.07||||,83|-2.47|1119.76||||,69|-1.57|1102.13||||,61|-0.92|1092.03||||,59|-2.79|1061.56||||,50|1.82|1080.86||||,24|-0.14|1089.03||||,39|0.15|1090.64|1.59|32|44|诺诚健华-U,74|0.74|1098.68|1.25|58|17|万泽股份,15|0.39|1102.94|1.23|41|34|百利天恒,71|-0.62|1096.07|1.04|15|56|特宝生物,53|-0.72|1088.2|1.12|11|65|万泽股份,37|-0.64|1081.19|1.05|13|63|欧林生物,354|0.65|1088.98|0.90|43|14|万泽股份,171|1.19|1101.91|1.01|48|9|长春高新,333|-0.69|1094.32|1.14|10|46|万泽股份,347|0.17|1096.21|0.93|31|27|万泽股份,319|-2.54|1068.42|1.53|8|49|ST未名,255|-2.94|1037|1.52|3|55|通化东宝,268|-0.81|1028.58|1.18|10|48|欧林生物,284|0.78|1036.59|0.92|44|10|诺思兰德,40|3.17|1069.47|1.18|56|1|万泽股份,183|-0.65|1062.48|1.23|11|45|万泽股份,93|2.47|1088.75|1.14|55|2|荣昌生物,408|-0.79|1080.1|0.97|18|40|无锡晶海,251|-0.75|1071.98|1.17|13|45|欧林生物,208|-0.45|1067.19|1.10|16|40|卫光生物,187|0.41|1071.57|1.04|37|21|*ST四环,95|-0.65|1064.65|1.05|17|39|三生国健,97|1.60|1081.68|1.07|39|17|欧林生物,177|-2.18|1058.08|1.28|2|56|三生国健,179|-1.89|1038.04|1.21|5|53|三生国健,395|-5.94|976.4|1.59|0|58|万泰生物,215|3.39|1009.52|1.13|58|0|智翔金泰-U,466|0.40|1013.52|0.94|38|18|万泽股份,191|-1.08|1002.59|0.94|10|48|赛伦生物,22|3.64|1039.12|1.32|57|1|康弘药业,168|0.66|1045.94|1.55|36|22|三生国健,135|-0.74|1038.25|1.36|15|43|百普赛斯,11|4.83|1088.39|1.98|57|0|万泽股份,39|0.56|1094.51|1.92|25|32|三生国健,306|-2.70|1064.94|1.72|4|54|诺思兰德,434|0.17|1066.7|1.48|31|27|赛伦生物,396|2.03|1088.31|1.58|52|6|万泽股份,277|-1.49|1072.1|1.63|9|49|万泽股份,82|1.47|1087.84|1.56|48|9|万泽股份,225|0.17|1089.71|1.42|19|38|君实生物-U,163|1.01|1100.68|1.51|39|17|欧林生物,31|1.29|1114.88|1.94|46|11|赛伦生物,408|0.53|1120.77|1.61|33|24|万泽股份,421|-1.15|1107.85|1.43|12|46|无锡晶海,465|-0.57|1101.54|1.29|17|41|赛伦生物,439|-1.21|1088.21|1.19|11|47|赛伦生物,112|0.92|1098.2|1.20|39|18|昊帆生物,427|-2.22|1073.78|1.36|4|54|诺唯赞
BK1045|房地产服务,64|0.35|1241.32||||,75|-0.68|1232.82||||,21|0.45|1238.32||||,21|1.39|1255.55||||,53|0.11|1256.99||||,34|-0.25|1253.91||||,81|0.38|1258.68||||,14|0.69|1267.38||||,14|1.08|1281.05||||,64|-1.89|1256.9||||,78|-2.14|1229.99||||,5|0.68|1238.41||||,19|-3.03|1200.93||||,16|2.15|1226.75||||,52|1.04|1239.52||||,35|-0.30|1235.74||||,53|-0.09|1234.61||||,10|1.86|1257.53||||,26|1.03|1270.51||||,6|0.76|1280.15||||,70|-1.25|1264.09||||,73|-1.58|1244.18||||,70|0.59|1251.46||||,55|0.36|1255.92||||,56|-1.07|1242.5||||,2|2.39|1272.25||||,86|-3.19|1231.7||||,85|-1.83|1209.22||||,52|-0.14|1207.55||||,9|-0.09|1206.47||||,75|-0.20|1204.06||||,8|1.52|1222.41||||,1|3.41|1264.12||||,79|-0.39|1259.18||||,84|-2.22|1231.25||||,61|0.55|1237.99||||,81|-0.10|1236.72||||,44|0.00|1236.78||||,26|-0.07|1235.96||||,80|-1.34|1219.43||||,36|0.18|1221.66||||,39|1.57|1240.87||||,56|0.99|1253.12||||,58|-0.39|1248.21||||,10|1.98|1272.97||||,45|0.98|1285.46||||,75|0.43|1291.03||||,30|-0.51|1284.47||||,65|-0.22|1281.67||||,39|-0.27|1278.25||||,69|-1.30|1261.69||||,44|1.16|1276.27||||,9|1.23|1291.96||||,62|-0.05|1291.31||||,48|0.69|1300.27||||,71|0.43|1305.82||||,51|-1.45|1286.84||||,79|-1.68|1265.25||||,32|-0.15|1263.3||||,6|2.60|1296.2||||,63|-1.10|1281.92||||,13|-1.21|1266.35||||,43|1.99|1291.52||||,8|0.96|1333.63||||,52|-0.13|1331.87|3.85|5|12|皇庭国际,57|1.12|1346.8|4.14|17|2|全新好,19|0.32|1351.16|4.14|7|12|皇庭国际,63|-0.52|1344.18|3.35|4|16|锦和商管,69|-1.21|1327.97|3.22|3|17|锦和商管,46|-0.74|1318.12|2.58|6|13|全新好,204|1.62|1346.49|3.41|9|2|宁波富达,21|4.46|1406.59|5.86|10|1|皇庭国际,477|-2.06|1377.66|5.75|1|10|皇庭B,375|0.07|1378.61|3.80|5|6|新大正,450|-3.62|1328.67|3.94|0|12|招商积余,208|-2.56|1294.62|3.86|0|12|宁波富达,329|-1.05|1281.08|3.10|4|6|皇庭B,225|1.06|1294.63|2.68|8|3|皇庭国际,144|2.06|1321.27|2.94|11|1|世联行,423|-1.93|1295.78|2.61|1|11|宁波富达,260|1.40|1313.88|3.16|8|2|珠江股份,157|0.24|1317.05|2.87|6|5|招商积余,307|-0.98|1304.13|2.21|2|8|世联行,176|-0.22|1301.28|3.19|3|8|世联行,112|0.84|1312.15|3.94|9|3|我爱我家,23|0.92|1324.2|5.92|5|5|世联行,363|-0.36|1319.39|4.70|6|4|世联行,361|-3.02|1279.61|4.06|0|12|珠江股份,207|-2.07|1253.12|3.56|1|11|珠江股份,280|-5.48|1184.39|4.66|1|11|招商积余,134|3.92|1230.82|3.77|12|0|中天服务,159|2.30|1259.07|2.95|12|0|珠江股份,153|-0.95|1247.07|2.75|1|10|皇庭B,349|0.80|1257.03|3.73|9|2|ST明诚,46|1.52|1276.1|3.15|9|2|宁波富达,304|-1.53|1256.6|3.67|2|9|珠江股份,277|1.26|1272.38|3.31|8|4|宁波富达,465|-3.12|1232.69|3.26|0|12|宁波富达,343|-2.88|1197.21|2.45|0|12|ST明诚,156|1.72|1217.75|2.05|9|1|宁波富达,218|3.70|1262.82|2.67|12|0|中天服务,444|-2.44|1232.02|2.30|1|11|宁波富达,358|0.34|1236.26|1.89|7|4|皇庭B,54|1.30|1252.34|2.66|8|3|中天服务,59|2.03|1277.82|4.04|10|1|皇庭国际,466|-2.05|1251.62|2.72|0|12|招商积余,383|0.69|1260.21|1.81|7|3|中天服务,166|0.43|1265.69|3.75|6|5|世联行,293|0.49|1271.95|3.01|7|3|宁波富达,56|1.03|1285.06|3.59|7|5|皇庭国际,461|-1.15|1270.26|2.93|2|9|ST明诚,309|-1.32|1253.44|2.47|0|11|珠江股份
BK1200|电力设备,,,,,,,,,,,,,,,,,,,,,,,,,,,,,,,,,,,,,,,,,,,,,,,,,,,,,,,,,,,,,,,,,,,,,,,162|1.93|7182.21|3.82|314|81|森源电气,165|1.26|7272.36|4.36|276|116|诺德股份,98|0.90|7337.49|4.75|241|153|科力远,246|0.57|7379.4|4.28|206|187|北京科锐,215|-1.76|7249.3|4.53|86|313|华盛昌,287|-3.24|7014.58|4.88|55|342|欧晶科技,44|1.14|7094.89|4.32|233|163|顺钠股份,59|2.01|7237.82|4.77|314|83|顺钠股份,237|1.52|7347.62|4.79|280|116|顺钠股份,56|0.86|7411.17|5.58|224|172|顺钠股份,224|1.55|7526.06|5.13|302|94|北京科锐,74|1.14|7611.97|5.73|213|183|风范股份,213|-0.60|7566.41|5.28|118|278|金时科技,355|-1.21|7475.18|5.51|119|279|璞泰来,373|-0.62|7428.67|4.80|130|264|维科技术,394|-2.58|7236.92|4.76|51|348|协鑫集成,211|0.77|7292.68|4.28|247|152|长城科技,272|-2.60|7103.08|3.92|52|348|吉鑫科技,39|-0.34|7079.02|5.09|143|254|中利集团,76|-3.42|6836.78|5.33|56|344|中利集团,285|3.05|7045.16|4.97|336|62|新能泰山,375|1.29|7136.21|4.92|303|93|新能泰山,323|-1.73|7012.77|4.45|92|306|新能泰山,216|1.29|7103.09|4.11|291|106|新能泰山,441|-0.91|7038.46|4.31|108|288|科达利,418|-2.58|6856.99|4.24|50|349|新能泰山,236|1.46|6956.96|3.81|326|73|通达股份,360|-2.09|6811.65|3.83|53|346|新能泰山,291|-2.61|6633.93|3.58|47|352|华盛昌,291|1.04|6702.77|3.07|286|109|新能泰山,149|4.35|6994.27|4.06|384|17|东方电气,174|-0.92|6930.19|3.54|105|291|中恒电气,46|1.83|7057.32|4.03|330|67|中恒电气,141|0.59|7099.01|3.77|228|167|中恒电气,95|1.52|7206.61|3.86|302|92|中恒电气,176|-0.22|7190.82|4.24|160|238|圣阳股份,165|1.68|7311.89|4.03|328|72|龙蟠科技,96|1.12|7393.82|3.93|226|171|大金重工,164|1.07|7472.59|4.31|257|135|通达股份,274|-0.35|7446.45|4.09|135|262|新宏泰,154|0.62|7492.59|3.98|239|161|东方电缆,360|-1.68|7366.83|4.15|72|329|大连电瓷
BK1201|电子,,,,,,,,,,,,,,,,,,,,,,,,,,,,,,,,,,,,,,,,,,,,,,,,,,,,,,,,,,,,,,,,,,,,,,,231|1.42|11600.1|3.02|369|125|风华高科,142|1.48|11771.6|3.22|355|135|有研硅,46|1.85|11989.22|3.51|376|115|广合科技,449|-0.38|11943.33|3.36|175|318|共达电声,264|-2.14|11687.2|3.56|86|408|泰晶科技,452|-5.24|11075.18|4.00|24|470|亚世光电,156|-0.25|11047.23|2.79|162|328|佰维存储,23|2.78|11354.16|3.75|420|74|华灿光电,417|0.36|11395.29|3.76|266|220|奥士康,387|-1.63|11209.85|3.58|70|417|绿联科技,25|3.55|11607.48|3.23|469|27|金安国纪,339|-0.53|11546.48|3.33|168|319|可立克,363|-1.26|11401.12|3.21|89|405|科森科技,331|-1.09|11277.02|2.99|91|401|南亚新材,47|1.60|11457.44|3.25|359|132|深华发Ａ,442|-3.19|11091.97|3.14|48|449|深华发Ａ,27|2.55|11374.96|2.95|442|51|深华发Ａ,276|-2.61|11077.52|2.73|40|457|深华发Ａ,197|-2.00|10856.42|3.20|73|423|深华发Ａ,393|-5.93|10212.79|3.51|18|477|杰美特,246|3.24|10543.42|2.90|464|33|华塑控股,177|2.21|10776.85|2.87|451|42|奥瑞德,407|-2.21|10538.9|2.70|60|437|可立克,228|1.24|10670.08|2.50|364|131|泰晶科技,309|0.02|10672.43|2.46|201|283|锴威特,416|-2.56|10399.67|2.44|43|453|恒玄科技,56|2.61|10671.42|2.45|463|34|奥瑞德,432|-2.70|10383.41|2.46|40|458|光莆股份,26|-0.39|10343|2.12|155|338|易天股份,241|1.30|10477.57|2.12|376|118|福蓉科技,31|6.23|11129.96|3.53|494|5|东山精密,38|0.21|11153.59|3.39|192|305|彩虹股份,132|1.22|11290|3.38|350|147|彩虹股份,154|0.51|11347.85|2.97|247|246|泰晶科技,54|2.11|11587.85|3.30|408|86|京泉华,290|-0.66|11511.52|3.31|141|358|福蓉科技,167|1.67|11703.67|3.18|410|84|世运电路,47|1.85|11920.06|3.61|351|143|天通股份,213|0.85|12020.89|4.08|291|203|天通股份,178|0.03|12024|4.10|190|310|泰晶科技,22|2.35|12306.44|4.06|419|80|海星股份,417|-2.08|12050.81|4.11|86|413|亿道信息
BK1202|房地产,,,,,,,,,,,,,,,,,,,,,,,,,,,,,,,,,,,,,,,,,,,,,,,,,,,,,,,,,,,,,,,,,,,,,,,315|0.89|2250.8|1.53|69|32|凤凰股份,68|2.34|2303.4|2.33|92|9|皇庭国际,475|-2.02|2256.87|2.25|10|92|黑牡丹,349|0.17|2260.72|1.46|61|37|京基智农,309|-2.48|2204.63|1.86|6|99|西藏城投,214|-2.62|2146.94|1.88|5|101|京投发展,272|-0.83|2129.15|1.46|25|73|华丽家族,254|0.90|2148.41|1.26|84|13|西藏城投,191|1.78|2186.64|1.33|96|7|大龙地产,354|-1.43|2155.3|1.40|10|93|西藏城投,281|1.28|2182.86|1.22|84|13|首开股份,183|0.14|2186.01|1.25|45|47|西藏城投,165|-0.31|2179.2|1.26|28|64|汇丽B,113|0.12|2181.91|1.66|42|54|京投发展,142|0.68|2196.7|1.49|69|25|京投发展,32|0.60|2209.82|2.41|54|41|中洲控股,428|-0.81|2191.98|1.85|30|69|沙河股份,268|-2.57|2135.63|1.57|3|101|*ST阳光,122|-1.48|2104.06|1.59|11|93|京投发展,252|-5.35|1991.47|2.08|3|102|首开股份,169|3.66|2064.41|1.68|104|1|西藏城投,220|2.03|2106.33|1.44|98|5|汇丽B,152|-0.95|2086.3|1.33|19|78|天保基建,293|1.03|2107.78|1.36|78|18|上实发展,307|0.03|2108.36|1.37|43|50|宁波富达,207|-1.09|2085.34|1.43|14|82|三湘印象,426|0.20|2089.43|1.30|56|33|宁波富达,346|-1.99|2047.84|1.34|9|90|京能置业,257|-2.45|1997.67|1.23|10|94|华夏幸福,279|1.10|2019.68|1.04|70|28|京能置业,270|3.21|2084.47|1.35|104|0|中天服务,221|-1.16|2060.26|1.22|17|84|京能置业,260|0.76|2075.85|1.13|74|22|金 融 街,91|0.94|2095.33|1.44|68|30|金 融 街,53|2.14|2140.08|2.19|89|12|盈新发展,458|-1.88|2099.95|2.09|14|88|京投发展,382|0.69|2114.42|1.46|61|31|京投发展,176|0.36|2121.94|1.78|46|49|京投发展,443|-0.34|2114.62|1.54|32|59|黑牡丹,167|0.09|2116.59|1.42|40|56|苏州高新,259|0.11|2119|1.43|38|54|苏州高新,173|-0.52|2107.97|1.49|22|74|苏州高新
BK1203|非银金融,,,,,,,,,,,,,,,,,,,,,,,,,,,,,,,,,,,,,,,,,,,,,,,,,,,,,,,,,,,,,,,,,,,,,,,404|0.14|2746.78|0.66|50|27|国网英大,199|1.00|2774.33|1.02|69|13|拉卡拉,365|-0.81|2751.98|0.79|9|68|国网英大,187|0.87|2775.99|0.78|57|18|南华期货,167|-1.22|2742|1.05|10|68|南华期货,110|-1.38|2704.09|1.20|11|67|国盛证券,448|-1.95|2651.32|1.00|4|75|南华期货,352|0.31|2659.56|0.73|52|21|新力金融,225|1.57|2701.4|0.78|76|3|瑞达期货,371|-1.50|2660.84|0.83|5|74|拉卡拉,362|0.76|2681.02|0.64|69|8|*ST仁东,207|0.01|2681.2|0.66|39|33|第一创业,78|0.46|2693.53|0.74|42|29|南华期货,377|-1.33|2657.82|0.73|7|72|*ST仁东,255|0.07|2659.81|0.78|29|39|中油资本,40|0.49|2672.95|1.24|56|22|爱建集团,335|-0.16|2668.66|0.81|28|49|爱建集团,55|-0.91|2644.33|1.00|12|68|中油资本,212|-2.10|2588.81|0.99|5|75|*ST仁东,114|-4.19|2480.37|1.22|3|77|南华期货,438|1.86|2526.49|0.95|76|4|渤海租赁,396|1.18|2556.3|0.87|77|3|四川双马,415|-2.26|2498.41|0.76|1|79|江苏金租,335|0.83|2519.22|0.69|73|8|中油资本,397|-0.41|2508.79|0.71|25|52|南华期货,191|-1.03|2482.92|0.75|12|68|江苏金租,303|1.14|2511.18|0.70|73|6|爱建集团,295|-1.75|2467.17|0.67|6|74|四川双马,43|-0.86|2446.03|0.72|10|70|翠微股份,417|0.32|2453.85|0.68|39|36|翠微股份,227|3.58|2541.8|1.27|80|1|第一创业,399|-2.13|2487.58|0.78|3|77|*ST仁东,24|2.26|2543.76|1.53|78|3|南华期货,220|0.20|2548.82|0.93|51|24|海德股份,248|0.64|2565.2|0.82|68|10|仁东控股,271|-0.55|2551.12|0.66|12|69|渤海租赁,396|0.63|2567.13|0.80|63|12|海南华铁,292|-0.26|2560.33|0.71|19|57|拉卡拉,399|0.05|2561.68|0.67|33|41|仁东控股,391|-0.87|2539.37|0.66|9|70|仁东控股,122|0.81|2560.04|0.90|57|17|建元信托,239|-0.88|2537.61|0.78|8|72|浙江东方
BK1204|国防军工,,,,,,,,,,,,,,,,,,,,,,,,,,,,,,,,,,,,,,,,,,,,,,,,,,,,,,,,,,,,,,,,,,,,,,,331|0.81|7188.11|4.03|94|46|亚星锚链,156|1.31|7282.45|4.48|96|46|航天发展,64|1.47|7389.69|4.35|97|44|鸿远电子,356|0.13|7399.56|4.21|65|74|海兰信,34|2.73|7601.47|6.86|95|46|华如科技,485|-6.72|7090.54|6.28|7|134|华如科技,41|1.34|7185.79|4.35|96|43|航天彩虹,415|-0.21|7170.62|4.13|61|77|泰豪科技,406|0.52|7207.88|3.80|90|50|泰豪科技,408|-1.80|7077.97|3.94|23|116|北斗星通,152|1.99|7219.07|3.54|123|18|航天电器,464|-1.42|7116.49|3.51|21|118|晶品特装,475|-2.33|6950.34|3.36|13|128|光威复材,445|-2.32|6789.03|2.99|13|126|北斗星通,192|0.39|6815.56|2.70|89|52|中科海讯,386|-2.50|6645.39|2.52|10|130|西测测试,64|1.81|6765.7|2.58|109|29|西测测试,258|-2.53|6594.42|2.41|12|128|西测测试,402|-3.13|6388.13|2.51|5|134|航天电器,216|-5.12|6060.76|3.03|7|133|航天南湖,222|3.36|6264.63|2.81|131|9|长城军工,203|2.12|6397.68|2.85|128|12|长城军工,380|-2.04|6267.23|2.54|14|127|西测测试,358|0.76|6314.96|2.04|111|29|华丰科技,67|1.34|6399.41|2.51|108|31|广联航空,179|-0.96|6337.98|2.90|31|109|光电股份,386|0.58|6374.55|2.40|95|45|理工导航,336|-1.91|6253.02|2.10|14|128|雷科防务,156|-1.80|6140.35|1.87|20|121|华丰科技,425|0.24|6155.07|1.68|84|58|航天电器,114|4.70|6444.66|2.66|140|2|电科蓝天,176|-0.93|6384.93|2.20|27|115|航天电器,294|0.64|6425.67|2.33|98|41|陕西华达,78|1.02|6490.97|2.14|101|40|博云新材,28|2.57|6657.6|2.85|125|17|海特高新,132|0.08|6662.99|3.34|54|87|博云新材,351|0.85|6719.43|2.74|97|43|博云新材,113|0.87|6777.7|2.79|93|45|博云新材,22|2.74|6963.6|4.10|127|12|泰豪科技,373|-0.79|6908.54|3.86|31|108|奥普光电,276|0.05|6912.01|3.68|69|70|光电股份,320|-1.38|6816.56|4.01|33|109|博云新材
BK1205|机械设备,,,,,,,,,,,,,,,,,,,,,,,,,,,,,,,,,,,,,,,,,,,,,,,,,,,,,,,,,,,,,,,,,,,,,,,226|1.45|5190.92|2.97|457|139|山东墨龙,277|0.70|5227.39|3.08|368|225|中捷资源,84|1.16|5288.18|3.17|366|224|泰嘉股份,306|0.31|5304.64|3.01|277|315|泰嘉股份,217|-1.77|5210.5|3.61|116|481|展鹏科技,343|-3.70|5017.84|3.96|58|544|山东墨龙,237|-0.66|4984.82|2.89|206|390|山东墨龙,88|1.80|5074.38|2.99|504|93|卓郎智能,314|1.15|5132.59|2.70|425|172|同力天启,355|-1.43|5059.02|3.05|104|496|中南文化,83|2.56|5188.47|2.66|564|37|中南文化,296|-0.33|5171.29|2.90|185|408|中南文化,434|-1.66|5085.44|2.89|73|527|中南文化,301|-0.96|5036.76|2.68|139|451|中南文化,277|-0.07|5033.24|2.90|268|323|标准股份,379|-2.45|4909.91|2.63|57|544|卓郎智能,113|1.46|4981.54|2.44|456|141|同力天启,355|-2.99|4832.72|2.56|38|565|长龄液压,293|-2.45|4714.24|2.58|61|543|正泰电源,322|-5.66|4447.25|2.99|16|590|正泰电源,199|3.49|4602.48|2.42|579|23|中南文化,226|2.00|4694.58|2.38|565|34|江顺科技,316|-1.72|4613.94|2.30|58|539|中国铁物,236|1.23|4670.47|2.25|481|111|乐惠国际,257|0.24|4681.75|2.34|312|275|亿利达,134|-0.73|4647.5|2.66|168|419|神州高铁,187|1.69|4726.09|2.77|507|90|卓郎智能,278|-1.68|4646.89|2.39|98|503|必创科技,140|-1.71|4567.65|2.13|95|505|九州一轨,281|1.09|4617.66|1.87|427|165|同宇新材,100|5.01|4849.07|2.74|598|8|联德股份,175|-0.92|4804.23|2.45|141|462|博杰股份,190|1.04|4853.96|2.60|478|115|泰坦股份,213|0.23|4865.16|2.26|256|342|宇晶股份,137|1.13|4920.27|2.52|437|159|泰金新能,301|-0.70|4885.92|2.42|145|453|航天工程,199|1.50|4959.45|2.42|508|88|联德股份,81|1.30|5023.92|2.54|385|214|科瑞技术,199|0.89|5068.82|2.80|407|188|泰嘉股份,293|-0.42|5047.34|2.45|202|396|必得科技,161|0.57|5076|2.53|342|248|冰轮环境,399|-1.90|4979.67|2.66|83|519|佳力图
BK1206|基础化工,,,,,,,,,,,,,,,,,,,,,,,,,,,,,,,,,,,,,,,,,,,,,,,,,,,,,,,,,,,,,,,,,,,,,,,75|3.06|4091.13|3.14|400|39|美邦股份,95|1.92|4169.84|3.91|356|80|澄星股份,196|0.07|4172.88|3.85|204|230|金正大,250|0.54|4195.57|3.56|252|176|新金路,159|-1.13|4148.12|4.31|108|325|金牛化工,300|-3.37|4008.23|4.66|56|384|金牛化工,200|-0.51|3987.64|3.57|154|281|凌玮科技,287|0.75|4017.51|3.19|291|144|石英股份,65|2.78|4129.18|3.71|379|61|金正大,305|-1.25|4077.6|4.61|93|340|乐凯胶片,341|0.86|4112.55|3.56|283|149|道明光学,72|1.14|4159.56|4.12|254|182|百川股份,108|0.11|4164.14|4.81|182|258|吉林化纤,153|-0.14|4158.48|5.11|179|256|恒天海龙,354|-0.46|4139.26|5.11|176|259|三房巷,323|-2.12|4051.69|4.57|56|386|三房巷,318|-0.01|4051.31|3.88|234|203|诚志股份,430|-3.61|3904.91|4.02|26|415|兴化股份,389|-3.03|3786.72|3.53|34|406|恒天海龙,149|-4.74|3607.12|3.93|37|405|金煤科技,350|2.79|3707.83|3.27|396|46|恒天海龙,262|1.84|3776.2|3.00|398|43|国风新材,136|-0.84|3744.32|3.07|101|333|大东南,70|2.36|3832.87|3.32|395|43|苏利股份,205|0.43|3849.41|3.47|252|183|中农联合,382|-2.21|3764.25|3.03|42|401|星辉环材,244|1.41|3817.34|2.66|372|69|星辉环材,241|-1.50|3759.95|2.61|79|364|星辉环材,261|-2.47|3666.99|2.59|53|392|苏利股份,40|3.47|3794.37|2.99|400|43|东岳硅材,366|2.34|3883.11|3.40|385|57|百龙创园,189|-1.01|3843.77|2.91|105|335|诚志股份,267|0.73|3871.7|2.65|303|133|大东南,211|0.24|3880.81|2.80|203|232|安迪苏,339|0.24|3889.95|2.75|233|196|苏利股份,346|-0.94|3853.33|2.60|97|344|乐凯胶片,177|1.62|3915.74|2.55|371|67|宝丽迪,143|0.59|3938.72|2.89|220|212|宝丽迪,269|0.59|3961.91|3.00|271|157|普利特,182|0.01|3962.45|2.95|208|227|安诺其,173|0.54|3983.71|2.88|243|195|安诺其,264|-0.97|3944.88|3.23|128|311|安诺其
BK1207|计算机,,,,,,,,,,,,,,,,,,,,,,,,,,,,,,,,,,,,,,,,,,,,,,,,,,,,,,,,,,,,,,,,,,,,,,,466|-1.27|9728.06|4.14|118|238|*ST云创,381|0.28|9755.6|3.81|203|148|星环科技-U,168|0.27|9782.15|4.05|150|206|锐明技术,91|1.75|9953.82|4.69|284|69|格尔软件,433|-3.37|9618.19|4.90|34|323|科远智慧,425|-4.68|9168.26|4.81|17|341|众诚科技,193|-0.48|9124.41|3.21|112|245|延华智能,97|1.76|9284.89|3.73|308|49|神州信息,161|1.93|9464.41|3.48|313|41|美利云,46|1.18|9576.32|4.94|210|144|优刻得-W,181|1.81|9749.72|4.90|316|41|觅睿科技,389|-0.71|9680.67|4.31|82|273|御银股份,293|-0.93|9590.47|4.06|82|274|金溢科技,448|-2.39|9360.8|3.86|36|320|浪潮软件,137|0.70|9426.06|3.16|232|123|盛视科技,353|-2.30|9209.47|3.15|32|323|觅睿科技,29|2.52|9441.28|3.30|329|31|美利云,92|-1.44|9305.03|3.51|56|302|美利云,480|-4.14|8919.69|3.75|8|350|中润光学,315|-5.65|8416.05|3.80|15|344|*ST云创,299|3.00|8668.17|3.17|335|21|真视通,249|1.89|8832.4|3.15|332|27|大位科技,446|-2.64|8599.02|2.90|28|330|中润光学,300|0.99|8683.97|2.38|286|72|*ST汇科,264|0.20|8701.57|2.54|174|179|云赛智联,291|-1.44|8575.89|2.59|47|310|泛微网络,158|1.84|8733.93|2.66|319|40|美利云,445|-2.84|8486.09|2.60|21|336|友车科技,110|-1.55|8354.86|2.47|48|308|网达软件,371|0.63|8407.37|2.29|242|115|中安科,33|6.17|8926.33|3.86|358|1|行云科技,406|-2.15|8734.03|3.36|49|311|宏景科技,192|1.03|8823.85|3.36|272|83|御银股份,239|0.12|8834.03|2.93|149|202|启明星辰,120|1.37|8955.2|3.43|293|62|税友股份,314|-0.78|8885.39|3.13|75|280|盛视科技,61|2.50|9107.22|3.62|336|23|真视通,245|-0.05|9102.26|3.20|121|233|品高股份,249|0.69|9164.99|3.39|240|111|魅视科技,475|-1.65|9013.6|3.04|45|312|博实结,85|1.13|9115.38|3.60|271|84|恒为科技,345|-1.57|8972.37|3.52|57|300|佳华科技
BK1208|建筑材料,,,,,,,,,,,,,,,,,,,,,,,,,,,,,,,,,,,,,,,,,,,,,,,,,,,,,,,,,,,,,,,,,,,,,,,76|3.01|4262.62|2.50|66|11|山东玻纤,81|2.15|4354.25|3.52|65|13|南  玻Ａ,380|-0.88|4315.82|2.88|18|56|青龙管业,437|-0.29|4303.16|2.47|43|33|万里石,192|-1.49|4239.01|2.64|17|59|凯伦股份,270|-3.13|4106.4|2.65|6|72|韩建河山,256|-0.75|4075.47|2.08|20|56|中旗新材,351|0.31|4088.23|1.92|48|28|中国巨石,272|1.37|4144.16|1.84|59|17|红墙股份,319|-1.30|4090.08|2.03|9|66|东宏股份,215|1.58|4154.81|1.94|67|8|法狮龙,302|-0.36|4139.89|1.84|26|47|塔牌集团,237|-0.69|4111.48|1.91|19|53|扬子新材,173|-0.22|4102.62|2.13|28|42|ST纳川,342|-0.38|4087.11|2.13|25|50|ST纳川,195|-1.26|4035.58|2.14|16|58|振石股份,271|0.29|4047.14|1.78|39|35|晶雪节能,407|-3.31|3913.16|1.76|0|75|塔牌集团,246|-2.29|3823.69|1.81|5|71|金隅冀东,150|-4.75|3642.05|2.37|5|72|韩建河山,126|3.96|3786.39|2.28|74|3|科顺股份,216|2.06|3864.53|1.90|70|5|友邦吊顶,291|-1.60|3802.71|1.57|6|68|法狮龙,294|1.01|3841.29|1.42|62|11|凯伦股份,100|1.08|3882.7|1.86|51|23|宏和科技,292|-1.45|3826.56|1.56|13|62|兔 宝 宝,267|1.31|3876.57|1.69|62|11|山东玻纤,311|-1.82|3805.91|1.48|8|68|濮耐股份,374|-3.03|3690.52|1.55|6|71|友邦吊顶,180|1.54|3747.53|1.38|61|15|森泰股份,236|3.49|3878.28|1.76|77|0|法狮龙,246|-1.26|3829.3|1.55|13|64|友邦吊顶,126|1.24|3876.9|1.74|59|13|凯盛新能,101|0.84|3909.53|2.03|41|34|宏和科技,358|0.15|3915.33|2.11|32|40|宏和科技,308|-0.75|3886.1|1.77|22|54|宏和科技,178|1.61|3948.85|1.90|68|7|北玻股份,321|-0.39|3933.59|2.03|24|53|科创新材,180|0.98|3972.22|2.21|50|24|开尔新材,281|-0.38|3956.99|1.91|22|53|四川金顶,243|0.18|3964.15|2.10|28|48|九鼎新材,212|-0.76|3934.2|2.46|21|54|国际复材
BK1209|建筑装饰,,,,,,,,,,,,,,,,,,,,,,,,,,,,,,,,,,,,,,,,,,,,,,,,,,,,,,,,,,,,,,,,,,,,,,,161|1.95|3420.64|2.21|142|25|百利科技,214|0.93|3452.52|2.87|102|58|再升科技,163|0.31|3463.38|2.11|77|86|圣晖集成,151|1.04|3499.53|2.16|117|43|高新发展,247|-2.07|3427.18|2.38|26|137|汇绿生态,269|-3.11|3320.44|2.35|11|154|汇绿生态,125|-0.03|3319.54|1.90|69|93|誉帆科技,272|0.82|3346.78|2.02|126|39|汇绿生态,136|2.16|3418.93|2.44|148|18|诚邦股份,155|-0.51|3401.51|2.91|44|119|宁波建工,162|1.89|3465.96|2.86|146|16|宁波建工,213|-0.02|3465.4|3.05|64|100|中国能建,235|-0.68|3441.76|4.02|48|114|中国能建,111|0.13|3446.24|4.15|87|75|亚翔集成,341|-0.37|3433.34|3.80|60|100|亚翔集成,205|-1.33|3387.53|2.76|30|134|雅博股份,228|0.65|3409.41|2.57|88|77|雅博股份,233|-2.44|3326.37|2.43|13|153|深桑达Ａ,233|-2.21|3252.83|2.45|20|146|矩阵股份,239|-5.25|3082.1|2.76|7|160|杰恩设计,86|4.26|3213.37|2.21|162|5|雅博股份,130|2.44|3291.69|2.55|153|11|再升科技,345|-1.82|3231.64|2.03|17|149|再升科技,413|0.50|3247.82|1.59|112|47|德才股份,137|0.77|3272.89|1.81|106|53|安徽建工,213|-1.12|3236.27|2.05|34|125|中化岩土,291|1.21|3275.41|2.13|122|39|柏诚股份,283|-1.70|3219.89|1.77|30|134|中工国际,369|-3.00|3123.24|1.62|11|155|园林股份,161|1.68|3175.62|1.43|131|31|镇海股份,165|4.13|3306.75|1.91|162|4|中工国际,249|-1.28|3264.57|1.55|31|134|华建集团,287|0.67|3286.44|1.50|111|46|蒙草生态,281|-0.07|3284.07|1.47|69|91|美丽生态,205|0.82|3310.9|1.61|115|47|利柏特,240|-0.45|3296.13|1.62|55|102|交建股份,200|1.50|3345.6|1.64|127|26|德才股份,235|-0.01|3345.27|1.71|60|103|金 螳 螂,264|0.61|3365.67|1.80|98|59|中衡设计,180|0.02|3366.47|1.93|69|86|中衡设计,337|-0.24|3358.26|1.63|59|99|金 螳 螂,270|-1.01|3324.19|1.84|40|120|中衡设计
BK1210|交通运输,,,,,,,,,,,,,,,,,,,,,,,,,,,,,,,,,,,,,,,,,,,,,,,,,,,,,,,,,,,,,,,,,,,,,,,232|1.42|2724.83|0.82|107|22|招商轮船,210|0.95|2750.77|1.27|96|28|招商轮船,200|0.04|2751.99|0.99|53|69|保税科技,161|1.00|2779.41|0.98|103|26|万林物流,105|-0.13|2775.77|1.78|53|78|南 京 港,31|0.87|2799.81|2.11|57|75|招商南油,474|-2.85|2720.1|1.88|11|121|富临运业,386|0.05|2721.45|1.39|76|50|天顺股份,298|1.22|2754.68|1.19|114|16|东航物流,389|-1.66|2709.08|1.48|10|120|宏川智慧,361|0.76|2729.64|1.08|102|28|嘉友国际,174|0.18|2734.6|1.02|66|62|远大控股,111|0.08|2736.81|1.13|70|59|广汇物流,221|-0.47|2723.85|1.04|36|87|厦门象屿,125|0.75|2744.37|1.12|81|41|海航科技,161|-1.04|2715.94|1.06|24|101|世盟股份,314|0.01|2716.28|1.00|53|74|招商轮船,133|-1.91|2664.34|1.03|8|124|福然德,110|-1.36|2628.14|0.93|21|111|福然德,196|-5.01|2496.36|1.36|3|131|海通发展,252|3.21|2576.55|1.07|131|3|招商南油,232|1.97|2627.35|1.16|117|14|吉祥航空,79|-0.40|2616.77|1.02|50|76|中远海特,439|0.15|2620.77|0.87|75|51|宏川智慧,288|0.10|2623.36|0.83|62|61|唐山港,161|-0.86|2600.82|0.85|29|98|天顺股份,327|0.95|2625.47|0.94|88|37|锦江航运,106|-0.48|2612.86|0.95|43|84|招商轮船,200|-2.09|2558.32|0.89|11|120|重庆路桥,355|0.71|2576.45|0.79|79|49|中远海发,356|2.46|2639.8|1.13|126|8|华夏航空,318|-1.73|2594.17|0.83|9|122|海通发展,345|0.40|2604.65|0.83|83|43|远大控股,419|-0.82|2583.21|0.77|23|108|厦门空港,386|-0.02|2582.62|0.71|63|59|中信海直,117|0.17|2587.12|0.73|59|64|申通快递,386|0.68|2604.65|0.68|88|37|申通快递,317|-0.37|2594.98|0.69|33|86|世盟股份,292|0.50|2607.83|0.78|76|46|恒基达鑫,122|0.31|2615.99|0.70|85|42|海通发展,368|-0.42|2605.01|0.62|31|88|申通快递,201|-0.69|2586.93|0.75|42|86|远大控股
BK1211|汽车,,,,,,,,,,,,,,,,,,,,,,,,,,,,,,,,,,,,,,,,,,,,,,,,,,,,,,,,,,,,,,,,,,,,,,,309|0.95|4934.71|2.35|232|76|天润工业,396|0.21|4944.95|2.34|167|145|跃岭股份,184|0.18|4953.65|2.19|142|164|天润工业,403|-0.08|4949.66|1.92|124|182|长源东谷,328|-2.56|4823.12|2.53|36|279|飞龙股份,294|-3.35|4661.72|2.60|21|298|新铝时代,288|-0.88|4620.69|1.83|74|238|三联锻造,197|1.19|4675.8|1.75|270|44|兴民智通,206|1.68|4754.31|1.72|273|41|中原内配,403|-1.74|4671.43|2.05|25|297|万通智控,113|2.28|4778.14|1.66|302|18|飞龙股份,273|-0.27|4765.3|1.83|114|203|腾龙股份,316|-1.06|4714.81|1.76|60|257|坤泰股份,302|-0.96|4669.52|1.69|54|256|纳百川,289|-0.12|4663.78|1.66|158|153|一彬科技,183|-1.15|4609.96|2.16|56|262|海马汽车,201|0.82|4647.56|1.77|215|97|奥福科技,298|-2.68|4522.9|1.62|16|307|奥福科技,331|-2.63|4404.05|1.74|24|293|朗博科技,152|-4.77|4193.85|2.36|19|302|爱玛科技,337|2.86|4313.96|1.88|301|17|湖南天雁,240|1.94|4397.67|1.74|294|24|新泉股份,232|-1.27|4341.61|1.72|59|259|华阳变速,342|0.81|4376.93|1.54|246|69|建设工业,251|0.26|4388.24|1.62|154|159|华达科技,87|-0.37|4371.99|1.84|109|206|松芝股份,230|1.50|4437.39|1.78|269|50|华培动力,227|-1.46|4372.72|1.65|53|267|川环科技,177|-1.90|4289.67|1.45|48|273|嵘泰股份,380|0.59|4314.85|1.35|200|111|文灿股份,171|4.07|4490.49|1.97|317|4|长源东谷,117|-0.59|4464.07|1.64|75|240|长源东谷,100|1.35|4524.48|1.92|267|51|长源东谷,252|0.05|4526.96|1.93|133|179|长源东谷,243|0.66|4556.63|1.96|209|104|新朋股份,201|-0.32|4542.06|1.84|100|214|长源东谷,213|1.45|4607.93|1.93|276|40|苏常柴Ａ,148|0.56|4633.85|1.88|151|164|圣龙股份,298|0.47|4655.81|2.02|181|134|飞龙股份,252|-0.29|4642.26|1.89|98|214|海泰科,180|0.50|4665.64|2.02|177|134|富特科技,347|-1.60|4591|2.35|58|262|通达电气
BK1212|轻工制造,,,,,,,,,,,,,,,,,,,,,,,,,,,,,,,,,,,,,,,,,,,,,,,,,,,,,,,,,,,,,,,,,,,,,,,285|1.12|3921.45|2.33|127|38|顶固集创,212|0.94|3958.44|3.09|122|41|高乐股份,339|-0.70|3930.88|3.05|49|117|悦心健康,335|0.20|3938.8|2.53|83|83|金富科技,335|-2.57|3837.51|3.23|18|152|岳阳林纸,246|-2.86|3727.85|3.00|13|157|沪江材料,251|-0.72|3700.94|2.32|37|131|王力安防,177|1.28|3748.42|2.17|139|29|王力安防,203|1.70|3812.05|2.11|145|25|王力安防,210|-0.76|3782.91|2.59|37|130|王力安防,136|2.11|3862.81|2.44|154|13|王力安防,252|-0.21|3854.87|2.83|54|113|冠豪高新,317|-1.06|3813.86|2.61|33|132|松霖科技,230|-0.56|3792.44|2.45|53|110|京华激光,241|0.17|3799.03|2.60|87|74|舒华体育,189|-1.24|3752.02|2.48|31|137|顺灏股份,153|1.11|3793.64|2.56|120|48|金富科技,290|-2.67|3692.32|2.73|12|159|大胜达,215|-2.11|3614.47|2.61|18|153|大胜达,339|-5.74|3406.87|3.50|9|161|顺灏股份,136|3.91|3540.22|2.91|165|5|荣晟环保,255|1.87|3606.41|2.67|151|16|舒华体育,176|-1.03|3569.18|2.66|33|137|金富科技,253|1.13|3609.48|2.37|131|36|舒华体育,283|0.11|3613.61|2.26|95|71|联翔股份,236|-1.21|3569.78|2.10|28|140|顺灏股份,252|1.37|3618.7|2.32|144|24|大胜达,193|-1.27|3572.74|2.14|27|142|松炀资源,314|-2.75|3474.36|2.25|16|154|裕同科技,140|1.82|3537.62|2.30|137|33|高乐股份,254|3.35|3656.25|2.82|162|9|联翔股份,233|-1.22|3611.81|2.61|30|140|松炀资源,176|1.08|3650.88|2.82|141|29|青山纸业,339|-0.39|3636.63|2.76|48|116|珠江钢琴,252|0.63|3659.51|2.80|105|57|鸿博股份,211|-0.35|3646.85|2.54|48|115|大胜达,262|1.25|3692.33|2.76|136|30|大胜达,256|-0.12|3687.76|3.04|49|121|金富科技,216|0.84|3718.58|2.95|119|44|舒华体育,112|0.40|3733.53|2.85|71|92|昇兴股份,352|-0.31|3722.1|3.51|54|114|金富科技,243|-0.88|3689.28|3.28|48|119|齐心集团
BK1213|商贸零售,,,,,,,,,,,,,,,,,,,,,,,,,,,,,,,,,,,,,,,,,,,,,,,,,,,,,,,,,,,,,,,,,,,,,,,360|0.60|2619.29|1.49|76|20|苏美达,223|0.89|2642.57|1.73|74|23|茂业商业,402|-1.04|2615.06|1.71|21|79|锦和商管,230|0.65|2632|1.42|76|21|赫美集团,366|-2.69|2561.24|2.24|7|94|赫美集团,200|-2.51|2496.92|2.33|6|95|翠微股份,342|-1.12|2468.85|1.70|17|77|全新好,200|1.19|2498.15|1.52|89|10|茂业商业,227|1.57|2537.35|1.45|88|11|苏美达,245|-0.95|2513.19|1.56|14|86|吉宏股份,276|1.30|2545.76|1.34|94|7|全新好,326|-0.46|2533.95|1.34|27|66|新世界,224|-0.65|2517.58|1.37|24|76|国联股份,196|-0.35|2508.65|1.57|30|68|赫美集团,119|0.79|2528.53|1.52|71|25|汇通能源,185|-1.18|2498.7|1.71|15|82|全新好,322|-0.05|2497.39|1.55|46|53|汇通能源,241|-2.46|2436.07|1.50|1|100|永辉超市,238|-2.23|2381.85|1.59|8|90|浙江东日,284|-5.53|2250.23|2.06|1|100|吉峰科技,143|3.84|2336.55|1.78|99|1|狮头股份,252|1.87|2380.35|1.66|97|5|狮头股份,207|-1.17|2352.44|1.49|9|88|南京商旅,219|1.27|2382.28|1.28|89|12|狮头股份,218|0.39|2391.6|1.42|61|36|狮头股份,204|-1.08|2365.81|1.64|16|85|南京商旅,356|0.77|2384.09|1.42|73|24|若羽臣,215|-1.39|2350.84|1.22|10|91|吉峰科技,313|-2.75|2286.13|1.25|2|100|爱施德,121|2.01|2332.07|1.34|94|8|南京商旅,304|2.93|2400.5|1.78|101|2|华远控股,342|-1.83|2356.47|1.53|8|95|华远控股,203|0.97|2379.44|1.46|82|17|华远控股,277|-0.06|2377.95|1.50|37|58|华远控股,245|0.65|2393.43|1.51|67|24|华远控股,190|-0.29|2386.54|1.90|29|70|居然智家,296|1.12|2413.19|1.73|90|9|星徽股份,247|-0.06|2411.73|2.19|37|63|狮头股份,270|0.58|2425.77|2.01|57|43|吉宏股份,346|-0.65|2410.1|1.76|24|77|中兴商业,354|-0.32|2402.47|1.59|33|66|中信金属,129|-0.21|2397.32|2.06|31|65|中兴商业
BK1214|社会服务,,,,,,,,,,,,,,,,,,,,,,,,,,,,,,,,,,,,,,,,,,,,,,,,,,,,,,,,,,,,,,,,,,,,,,,437|-0.26|4909.48|2.62|38|44|电科院,295|0.63|4940.34|2.47|62|23|中钢天源,277|-0.41|4920.15|2.40|25|61|安邦护卫,124|1.34|4986.15|3.26|73|14|中公教育,381|-2.79|4846.88|3.62|6|80|*ST云网,211|-2.60|4720.78|3.24|10|77|中金辐照,192|-0.47|4698.65|2.31|32|53|电科院,185|1.26|4757.65|2.79|68|15|行动教育,192|1.77|4841.69|2.34|82|5|安邦护卫,224|-0.86|4800.11|2.37|20|67|创业黑马,189|1.76|4884.4|2.09|81|5|三峡旅游,351|-0.56|4857.29|1.88|17|68|中体产业,183|-0.43|4836.24|2.01|29|55|天溯计量,233|-0.57|4808.6|2.26|26|58|三峡旅游,133|0.72|4843.42|2.15|61|23|谱尼测试,234|-1.50|4770.82|2.07|12|73|天溯计量,236|0.57|4798.08|1.87|45|39|胜科纳米,214|-2.34|4685.83|1.82|3|84|安邦护卫,189|-1.97|4593.42|2.04|11|74|九华旅游,410|-6.06|4314.89|3.00|1|86|*ST云网,180|3.59|4469.77|2.32|83|3|信测标准,149|2.36|4575.21|2.45|79|7|桂林旅游,262|-1.47|4508.04|2.16|11|76|安邦护卫,312|0.94|4550.62|1.75|79|7|祥源文旅,379|-0.28|4537.94|1.84|33|50|力盛体育,122|-0.66|4508.1|2.21|23|63|中体产业,180|1.74|4586.65|2.15|77|8|锦江酒店,273|-1.66|4510.7|1.91|13|74|*ST云网,266|-2.51|4397.45|1.72|3|82|行动教育,255|1.25|4452.24|1.71|68|19|中体产业,206|3.81|4621.75|2.58|85|0|桂林旅游,387|-2.09|4525.33|2.16|6|80|信测标准,218|0.90|4566.07|2.31|69|18|西藏旅游,297|-0.17|4558.44|1.86|30|54|实朴检测,246|0.65|4587.92|2.15|57|26|信测标准,90|0.43|4607.59|2.62|43|40|行动教育,132|1.80|4690.59|3.05|76|10|西藏旅游,408|-1.02|4642.78|2.80|22|63|实朴检测,343|0.31|4656.99|2.90|51|34|华测检测,297|-0.44|4636.66|2.55|26|59|行动教育,370|-0.43|4616.66|2.31|26|59|零点有数,226|-0.83|4578.52|2.54|24|63|国检集团
BK1215|通信,,,,,,,,,,,,,,,,,,,,,,,,,,,,,,,,,,,,,,,,,,,,,,,,,,,,,,,,,,,,,,,,,,,,,,,290|1.10|7917.67|2.25|87|39|长江通信,463|-0.25|7897.93|2.07|53|71|国安股份,30|2.11|8064.84|2.47|101|27|通鼎互联,259|0.50|8105.23|2.56|77|50|烽火通信,190|-1.48|7985.18|2.53|38|91|烽火通信,392|-4.40|7634.12|2.83|14|116|通鼎互联,144|-0.17|7620.91|1.99|51|76|意华股份,72|1.89|7765.14|2.24|106|24|世嘉科技,401|0.57|7809.58|1.76|83|42|联特科技,171|-0.59|7763.6|2.24|43|83|平治信息,21|3.76|8055.84|2.43|120|9|瑞斯康达,135|0.47|8093.6|2.97|55|72|瑞斯康达,399|-1.42|7978.83|2.47|27|101|光迅科技,436|-2.22|7801.55|2.36|19|110|瑞斯康达,245|0.15|7813.55|2.04|76|54|二六三,474|-3.95|7504.69|1.96|4|126|神宇股份,6|3.73|7784.45|2.12|119|10|瑞斯康达,98|-1.52|7666.5|2.02|25|105|铭普光磁,294|-2.45|7478.38|2.50|22|107|光库科技,386|-5.91|7036.19|2.33|3|127|瑞斯康达,149|3.80|7303.42|2.05|124|6|鼎信通讯,26|3.66|7571.03|2.23|121|9|铭普光磁,436|-2.51|7380.77|2.09|11|119|铭普光磁,371|0.72|7433.64|1.82|93|35|德科立,96|1.11|7515.83|1.98|85|43|亨通光电,340|-1.76|7383.75|2.03|29|99|特发信息,109|2.10|7538.5|1.98|114|15|铭普光磁,305|-1.79|7403.78|1.94|21|109|汇源通信,15|0.16|7415.29|1.96|50|79|汇源通信,320|0.90|7481.71|1.72|83|45|汇源通信,70|5.49|7892.17|2.44|123|6|汇源通信,43|0.14|7903.27|2.49|42|87|中嘉博创,394|0.12|7912.51|2.52|67|59|中嘉博创,146|0.57|7957.38|2.38|58|66|瑞斯康达,119|1.38|8067.4|2.48|88|40|中嘉博创,332|-0.85|7998.46|2.31|34|94|中嘉博创,28|3.14|8249.51|2.56|116|12|超讯通信,72|1.38|8363.23|2.49|71|55|剑桥科技,244|0.74|8424.77|2.41|73|54|通鼎互联,413|-1.06|8335.47|2.40|31|97|ST恒信,17|2.62|8554.14|2.68|103|24|武汉凡谷,392|-1.85|8395.89|2.79|26|101|移为通信
BK1216|医药生物,,,,,,,,,,,,,,,,,,,,,,,,,,,,,,,,,,,,,,,,,,,,,,,,,,,,,,,,,,,,,,,,,,,,,,,356|0.64|5014.06|1.44|362|138|天目药业,233|0.83|5055.62|1.64|393|106|长春高新,343|-0.71|5019.66|1.68|97|397|海翔药业,219|0.69|5054.26|1.45|340|153|多瑞医药,311|-2.50|4928.07|2.08|55|448|九安医疗,244|-2.84|4787.89|2.08|31|473|康惠股份,298|-0.92|4744.08|1.57|95|407|亚虹医药-U,229|1.04|4793.26|1.38|406|87|益诺思,81|2.57|4916.6|1.66|477|26|国际医学,184|-0.65|4884.43|1.74|103|389|海欣股份,146|2.03|4983.64|1.46|465|30|信立泰,310|-0.38|4964.73|1.47|130|359|宝莱特,252|-0.76|4927.24|1.54|113|384|硕世生物,134|-0.05|4924.74|1.67|196|282|蓝帆医疗,202|0.36|4942.7|1.54|320|173|东方海洋,151|-0.97|4894.87|1.73|119|371|基蛋生物,182|0.95|4941.58|1.47|338|150|基蛋生物,240|-2.45|4820.49|1.60|20|486|九安医疗,236|-2.22|4713.26|1.67|34|473|美诺华,342|-5.75|4442.05|2.25|7|500|健民集团,133|3.92|4616.25|1.85|500|6|美诺华,395|1.18|4670.75|1.55|413|82|双鹭药业,188|-1.07|4620.94|1.60|93|407|海森药业,26|3.46|4781.02|2.06|490|17|美诺华,122|0.91|4824.57|2.13|339|161|东诚药业,111|-0.59|4796.08|2.12|133|361|津药药业,22|3.87|4981.71|2.79|492|12|津药药业,52|0.41|5002.03|3.33|219|280|重药控股,281|-2.56|4874.02|3.05|46|461|津药药业,348|0.73|4909.83|2.85|319|180|新天药业,417|1.65|4990.88|3.00|429|76|美诺华,375|-2.01|4890.6|2.93|57|450|益佰制药,273|0.72|4925.62|2.70|364|129|万泽股份,442|-1.00|4876.21|2.23|95|404|科源制药,228|0.71|4911.06|2.21|335|152|沃华医药,20|1.55|4987.34|3.36|373|121|瑞康医药,453|0.07|4990.66|2.94|238|254|昂利康,424|-1.17|4932.05|2.44|90|417|昂利康,389|0.13|4938.67|2.14|252|239|润达医疗,375|-0.80|4899.01|1.94|108|391|奥美医疗,165|0.56|4926.57|1.89|293|202|九安医疗,308|-1.31|4861.84|2.13|85|415|罗欣药业
BK1217|综合,,,,,,,,,,,,,,,,,,,,,,,,,,,,,,,,,,,,,,,,,,,,,,,,,,,,,,,,,,,,,,,,,,,,,,,126|2.30|14518.3|1.81|17|2|上海三毛,267|0.73|14623.87|2.04|12|5|南京新百,319|-0.63|14532.41|1.78|5|13|漳州发展,178|0.91|14664.56|1.61|13|6|云维股份,178|-1.33|14469.97|2.46|1|17|粤桂股份,158|-2.07|14170.59|2.98|2|17|南京公用,380|-1.27|13990.57|2.18|5|14|漳州发展,311|0.63|14079.08|1.81|14|4|综艺股份,78|2.62|14448.06|1.97|17|1|粤桂股份,159|-0.52|14372.79|3.08|4|15|东阳光,406|0.42|14432.5|2.17|13|5|云维股份,264|-0.24|14398.15|2.44|5|12|粤桂股份,222|-0.64|14306.17|2.28|4|14|东阳光,159|-0.16|14282.91|2.38|9|9|中国宝安,316|-0.25|14247.2|2.09|9|10|悦达投资,211|-1.35|14054.2|1.99|1|18|亚泰集团,278|0.25|14089.63|1.80|12|7|东阳光,204|-2.28|13768.65|1.95|0|20|粤桂股份,367|-2.85|13376.93|2.14|1|19|悦达投资,270|-5.44|12649.18|2.54|1|19|粤桂股份,208|3.42|13082.2|1.97|19|1|宁波联合,71|2.79|13447.65|1.94|18|1|漳州发展,91|-0.50|13381.01|1.82|4|14|南京新百,255|1.13|13532|1.68|16|3|粤桂股份,82|1.19|13692.45|2.29|10|7|漳州发展,231|-1.19|13529.81|2.28|3|15|漳州发展,452|-0.22|13500.25|1.96|10|5|东阳光,114|-0.56|13424.04|2.27|4|13|漳州发展,388|-3.16|13000.05|1.87|1|18|东阳光,85|2.46|13320.01|1.87|16|1|泰达股份,394|2.03|13590.48|2.31|18|1|东阳光,347|-1.86|13337.28|1.90|2|17|天宸股份,377|0.21|13364.94|1.86|11|7|中国宝安,191|0.34|13410.04|1.95|13|5|三木集团,309|0.37|13459.15|2.19|10|8|粤桂股份,354|-0.96|13329.34|1.69|5|13|上海三毛,299|1.10|13475.78|1.68|14|3|东阳光,339|-0.52|13405.52|1.75|5|14|宁波联合,306|0.46|13467.39|1.73|13|5|粤桂股份,361|-0.73|13368.46|1.67|7|12|浙农股份,297|-0.05|13362.04|2.02|8|10|东阳光,163|-0.48|13298.11|2.02|4|14|综艺股份
BK1218|出版,,,,,,,,,,,,,,,,,,,,,,,,,,,,,,,,,,,,,,,,,,,,,,,,,,,,,,,,,,,,,,,,,,,,,,,453|-0.62|2225.69|1.77|11|15|中信出版,149|1.39|2256.72|1.69|23|4|中信出版,274|-0.39|2247.97|1.87|8|20|世纪天鸿,226|0.66|2262.82|1.25|19|4|中信出版,419|-3.26|2189.04|1.72|0|28|皖新传媒,253|-2.92|2125.06|1.71|0|28|中南传媒,446|-1.95|2083.61|1.30|0|27|粤 传 媒,239|0.99|2104.33|1.11|24|4|天舟文化,213|1.65|2139.03|1.17|25|3|新华传媒,138|-0.28|2133.04|1.34|11|17|粤 传 媒,283|1.27|2160.07|1.07|25|2|荣信文化,128|0.51|2170.98|1.07|13|12|中国科传,138|-0.18|2167.18|1.19|12|15|中国科传,378|-1.33|2138.37|1.20|4|22|*ST华闻,88|1.05|2160.72|1.14|26|1|粤 传 媒,202|-1.31|2132.37|0.98|4|24|中原传媒,163|1.07|2155.13|1.10|20|7|世纪天鸿,33|-0.34|2147.87|1.12|7|21|中国科传,327|-2.60|2092.03|1.21|0|28|中原传媒,415|-6.11|1964.13|1.52|0|28|粤 传 媒,225|3.34|2029.75|1.18|28|0|中国科传,173|2.23|2075.08|1.20|28|0|出版传媒,289|-1.59|2042.15|1.03|1|27|内蒙新华,366|0.73|2056.98|0.95|21|7|中原传媒,123|0.90|2075.58|1.08|25|3|粤 传 媒,124|-0.66|2061.81|1.19|8|19|新华传媒,306|1.10|2084.51|1.06|23|3|龙版传媒,234|-1.48|2053.72|0.91|1|27|内蒙新华,373|-3.03|1991.47|0.95|1|27|*ST华闻,150|1.75|2026.35|0.97|22|6|粤 传 媒,112|4.74|2122.48|1.30|28|0|粤 传 媒,120|-0.61|2109.59|1.68|7|21|新华文轩,104|1.32|2137.52|1.47|23|4|出版传媒,487|-1.97|2095.45|1.46|3|25|粤 传 媒,367|0.11|2097.8|1.92|17|10|中信出版,320|-0.83|2080.49|1.50|6|22|*ST华闻,315|1.03|2101.91|1.61|22|5|粤 传 媒,320|-0.38|2093.91|1.40|8|19|南方传媒,143|1.16|2118.19|1.43|19|9|中信出版,193|-0.05|2117.06|1.30|13|13|中信出版,434|-0.89|2098.32|1.05|3|23|中国科传,134|-0.31|2091.84|1.30|10|17|中国科传
BK1219|电视广播Ⅱ,,,,,,,,,,,,,,,,,,,,,,,,,,,,,,,,,,,,,,,,,,,,,,,,,,,,,,,,,,,,,,,,,,,,,,,473|-1.64|1638.57|3.06|2|12|电广传媒,415|0.14|1640.8|2.39|10|4|东方明珠,456|-1.65|1613.78|2.44|1|13|歌华有线,326|0.24|1617.6|1.98|8|5|东方明珠,490|-4.75|1540.77|3.13|0|14|湖北广电,379|-4.23|1475.56|2.80|0|14|无线传媒,292|-0.89|1462.36|1.82|3|11|流金科技,209|1.13|1478.83|1.68|12|2|贵广网络,270|1.38|1499.2|1.32|13|1|天威视讯,117|-0.12|1497.33|2.09|6|6|歌华有线,241|1.49|1519.63|1.94|13|0|电广传媒,385|-0.70|1508.99|1.55|5|9|歌华有线,344|-1.16|1491.55|1.46|4|10|江苏有线,398|-1.59|1467.78|1.55|1|13|贵广网络,60|1.36|1487.72|1.51|13|1|贵广网络,301|-1.86|1460.01|1.30|0|14|湖北广电,81|1.68|1484.58|1.43|13|0|贵广网络,51|-0.77|1473.1|1.79|2|11|贵广网络,426|-3.29|1424.57|2.01|0|14|湖北广电,385|-5.89|1340.6|2.50|0|14|贵广网络,313|2.95|1380.21|1.88|14|0|吉视传媒,139|2.40|1413.35|1.70|14|0|流金科技,351|-1.84|1387.29|1.44|1|13|流金科技,86|2.14|1417.04|1.44|13|1|贵广网络,69|1.32|1435.78|1.75|10|3|贵广网络,159|-0.86|1423.48|1.85|3|11|流金科技,228|1.52|1445.05|2.20|11|3|电广传媒,478|-3.40|1395.93|1.85|0|14|新媒股份,276|-2.53|1360.66|1.63|1|13|江苏有线,209|1.41|1379.78|1.47|10|4|无线传媒,37|6.08|1463.71|2.74|14|0|电广传媒,393|-2.10|1432.95|1.99|0|13|歌华有线,434|-0.18|1430.4|1.81|6|8|北投科技,374|-0.51|1423.17|1.24|4|10|贵广网络,73|1.84|1449.32|2.57|13|1|江苏有线,446|-1.66|1425.19|1.92|1|13|新媒股份,153|1.74|1450.01|1.85|14|0|贵广网络,284|-0.24|1446.57|1.90|6|7|流金科技,384|0.16|1448.93|1.88|8|5|流金科技,466|-1.49|1427.41|1.98|1|12|吉视传媒,404|-0.66|1418|1.50|2|12|东方明珠,237|-0.87|1405.71|1.53|4|10|广电网络
BK1220|广告营销,,,,,,,,,,,,,,,,,,,,,,,,,,,,,,,,,,,,,,,,,,,,,,,,,,,,,,,,,,,,,,,,,,,,,,,477|-1.92|6207.3|5.09|5|23|ST联合,489|-1.04|6143.02|4.37|9|19|遥望科技,439|-1.44|6054.7|4.09|5|24|国脉文化,211|0.71|6097.79|4.03|22|5|浙文互联,486|-4.53|5821.44|5.48|1|29|ST联合,441|-5.04|5528.33|4.64|0|30|分众传媒,165|-0.32|5510.63|2.95|9|18|佳云科技,86|1.81|5610.12|3.05|29|1|佳云科技,382|0.72|5650.38|2.25|22|8|龙韵股份,67|0.71|5690.7|3.31|23|6|三人行,383|0.64|5727.09|3.77|22|6|龙韵股份,476|-1.68|5630.63|3.00|2|28|分众传媒,424|-1.56|5542.59|2.61|1|28|智度股份,413|-1.74|5446|2.68|2|28|分众传媒,35|1.88|5548.17|2.70|28|2|天地在线,223|-1.44|5468.44|2.62|2|28|天地在线,104|1.56|5554|2.15|29|1|兆讯传媒,145|-1.96|5444.98|2.22|1|29|天地在线,406|-3.14|5273.87|2.46|0|30|兆讯传媒,403|-6.01|4957.06|3.10|0|30|分众传媒,250|3.22|5116.88|2.62|29|1|龙韵股份,154|2.33|5236.04|2.41|28|2|三人行,365|-1.92|5135.44|1.97|1|29|ST联合,150|1.66|5220.85|1.94|29|1|天地在线,240|0.32|5237.51|1.91|23|6|三人行,74|-0.24|5225.14|3.22|8|21|天地在线,392|0.51|5251.53|3.22|22|7|省广集团,453|-2.96|5095.9|2.71|0|30|三人行,441|-3.58|4913.5|2.28|0|30|ST联合,118|2.04|5013.71|1.92|26|4|元隆雅图,9|7.55|5392.31|5.04|30|0|浙文互联,415|-2.22|5272.81|5.60|4|25|ST联合,374|0.24|5285.29|4.00|17|12|分众传媒,334|-0.36|5266.35|3.25|8|21|ST华扬,141|1.12|5325.14|4.28|25|4|易点天下,448|-1.73|5232.96|3.33|2|27|元隆雅图,58|2.52|5364.78|4.59|29|1|浙文互联,266|-0.16|5356.05|4.41|7|21|蓝色光标,47|2.16|5471.67|5.13|28|2|三人行,447|-1.26|5402.58|4.08|6|24|ST华扬,388|-0.54|5373.23|3.73|7|22|三人行,88|0.15|5381.03|4.85|6|23|旗天科技
BK1221|数字媒体,,,,,,,,,,,,,,,,,,,,,,,,,,,,,,,,,,,,,,,,,,,,,,,,,,,,,,,,,,,,,,,,,,,,,,,488|-3.19|7752.12|11.09|4|11|风语筑,488|-0.85|7686.26|8.53|9|6|卓创资讯,347|-0.72|7631.07|7.65|3|12|生 意 宝,275|0.41|7662.64|7.77|7|8|昆仑万维,482|-4.41|7324.95|7.32|0|15|卓创资讯,443|-5.05|6955.19|6.49|0|15|生 意 宝,196|-0.50|6920.58|4.13|3|12|凡拓数创,167|1.33|7012.3|4.51|14|1|风语筑,369|0.82|7070.04|3.85|9|5|卓创资讯,60|0.80|7126.42|4.53|10|5|凡拓数创,320|1.00|7197.93|4.66|14|1|三六五网,461|-1.25|7108.04|3.84|2|12|*ST返利,210|-0.60|7065.7|3.29|3|12|生 意 宝,461|-2.58|6883.24|3.58|0|15|芒果超媒,80|1.13|6961.12|2.86|13|2|掌阅科技,293|-1.80|6836.08|2.83|2|12|值得买,50|2.06|6976.66|2.56|15|0|卓创资讯,43|-0.56|6937.41|4.55|4|11|昆仑万维,463|-3.78|6675.42|4.18|0|15|凡拓数创,401|-5.99|6275.61|4.11|0|15|芒果超媒,305|2.98|6462.34|3.41|14|1|卓创资讯,192|2.17|6602.3|3.34|14|1|昆仑万维,310|-1.68|6491.7|2.67|2|13|*ST返利,319|0.91|6550.71|2.43|13|2|生 意 宝,134|0.79|6602.59|3.27|14|1|中文在线,226|-1.16|6526.05|2.77|2|13|卓创资讯,210|1.60|6630.29|2.88|14|1|昆仑万维,448|-2.87|6439.98|2.82|0|15|芒果超媒,340|-2.86|6255.86|2.13|0|15|凡拓数创,136|1.83|6370.58|2.28|15|0|中文在线,12|7.24|6831.56|5.86|15|0|值得买,474|-2.93|6631.11|3.88|1|14|*ST返利,186|1.05|6700.84|3.27|12|3|*ST返利,407|-0.71|6653.1|2.35|2|13|三六五网,48|2.21|6800.01|3.46|13|1|凡拓数创,356|-0.97|6734.38|2.88|2|13|三六五网,70|2.33|6891.53|3.87|15|0|凡拓数创,252|-0.09|6885.25|3.09|6|9|三六五网,49|2.15|7032.96|4.49|13|2|中文在线,194|-0.05|7029.13|4.48|7|8|风语筑,390|-0.56|6989.96|3.47|3|12|掌阅科技,178|-0.57|6949.97|4.07|3|11|风语筑
BK1222|影视院线,,,,,,,,,,,,,,,,,,,,,,,,,,,,,,,,,,,,,,,,,,,,,,,,,,,,,,,,,,,,,,,,,,,,,,,495|-7.79|4709.04|8.60|0|19|*ST天择,493|-1.67|4630.61|8.03|10|8|上海电影,495|-2.87|4497.81|6.97|1|17|*ST天择,407|-0.13|4491.97|5.17|9|8|*ST天择,476|-4.05|4309.91|6.39|0|18|*ST天择,393|-4.40|4120.23|5.56|0|18|北京文化,168|-0.35|4105.69|3.53|5|12|横店影视,309|0.64|4131.99|3.84|11|7|欢瑞世纪,300|1.21|4182.13|3.28|16|2|华谊兄弟,140|-0.29|4169.93|3.64|4|13|华智数媒,434|0.09|4173.48|3.79|13|5|华智数媒,433|-0.92|4135.22|2.92|2|16|华智数媒,289|-0.93|4096.96|2.85|3|14|华智数媒,384|-1.44|4038|2.87|1|17|欢瑞世纪,74|1.19|4086.21|2.60|15|1|百纳千成,262|-1.61|4020.37|2.54|0|18|上海电影,240|0.54|4042.17|2.21|12|5|捷成股份,141|-1.95|3963.4|2.46|0|17|华策影视,383|-2.96|3846.13|2.95|0|18|金逸影视,148|-4.72|3664.58|3.45|0|18|金逸影视,295|3.02|3775.12|2.77|18|0|慈文传媒,311|1.67|3838.04|2.44|18|0|华谊兄弟,313|-1.70|3772.61|2.02|0|18|金逸影视,186|1.39|3824.99|1.86|18|0|幸福蓝海,73|1.26|3873.33|2.31|17|1|万达电影,69|-0.18|3866.22|2.64|5|12|光线传媒,237|1.44|3921.81|2.38|17|0|金逸影视,450|-2.88|3809.03|2.18|0|18|欢瑞世纪,415|-3.33|3682.11|1.99|0|18|上海电影,189|1.49|3736.84|1.91|15|3|欢瑞世纪,76|5.35|3936.86|4.51|18|0|欢瑞世纪,298|-1.58|3874.72|3.74|3|15|光线传媒,280|0.70|3901.8|3.68|14|3|华谊兄弟,147|0.56|3923.65|3.34|9|8|华谊兄弟,97|1.51|3982.86|3.60|17|1|光线传媒,461|-1.95|3905.37|3.35|1|17|*ST天择,20|3.43|4039.42|4.96|18|0|华谊兄弟,76|1.33|4093.31|6.84|11|6|博纳影业,371|0.21|4102.06|5.94|11|7|华策影视,47|1.16|4149.56|5.51|12|6|北京文化,494|-2.71|4037.03|5.09|2|16|华策影视,191|-0.64|4011.02|5.86|6|12|华谊兄弟
BK1223|其他电子Ⅱ,,,,,,,,,,,,,,,,,,,,,,,,,,,,,,,,,,,,,,,,,,,,,,,,,,,,,,,,,,,,,,,,,,,,,,,259|1.25|14884.49|4.46|25|8|瑞可达,285|0.66|14982.97|3.69|25|8|创益通,52|1.78|15249.3|4.53|25|8|创益通,435|-0.28|15206.21|4.37|10|23|好利科技,388|-2.86|14771.99|4.85|5|28|久之洋,455|-5.33|13984.09|5.40|1|31|可立克,112|0.08|13995.19|3.57|12|20|京泉华,108|1.71|14234.81|4.20|25|7|伊戈尔,232|1.56|14456.22|3.77|27|5|香农芯创,311|-1.27|14271.98|4.18|6|25|百邦科技,23|3.66|14793.89|3.54|31|1|好利科技,309|-0.37|14738.57|4.15|10|21|可立克,470|-2.10|14429.41|4.51|3|29|英唐智控,402|-1.63|14194.39|3.42|5|27|深圳华强,23|2.38|14531.68|4.47|25|7|雅创电子,415|-2.81|14123.18|5.37|6|27|沃尔核材,20|2.93|14537.43|6.00|30|3|中电港,392|-3.25|14065.67|4.92|2|31|瑞可达,276|-2.40|13727.65|6.38|3|30|盈方微,276|-5.47|12976.2|5.73|1|32|深圳华强,177|3.61|13445.27|5.02|33|0|富信科技,151|2.35|13761.85|7.14|31|1|睿能科技,288|-1.58|13543.98|5.85|7|25|可立克,416|0.50|13611.2|5.37|22|10|英唐智控,403|-0.45|13549.71|4.43|12|18|洁美科技,468|-3.51|13074|4.09|0|31|久之洋,134|1.99|13334.69|4.26|28|4|好利科技,443|-2.79|12962.77|4.15|2|30|百邦科技,152|-1.78|12731.48|3.49|7|25|英唐智控,201|1.43|12913.17|3.14|23|9|深圳华强,15|7.10|13830.4|6.43|32|0|中电港,40|0.20|13857.47|5.69|18|14|英唐智控,27|2.17|14158.86|6.84|25|8|盈方微,268|-0.02|14156.16|6.02|18|15|旭光电子,58|2.04|14444.24|5.99|24|8|京泉华,416|-1.34|14251.06|5.45|7|25|维峰电子,33|3.04|14683.64|4.97|29|4|睿能科技,59|1.60|14918.28|6.44|21|12|富信科技,119|1.32|15115.84|7.49|19|14|京泉华,382|-0.82|14992.49|6.25|10|23|英唐智控,76|1.21|15173.38|6.28|24|9|深圳华强,424|-2.14|14848.84|6.50|4|28|旭光电子
BK1224|纺织制造,,,,,,,,,,,,,,,,,,,,,,,,,,,,,,,,,,,,,,,,,,,,,,,,,,,,,,,,,,,,,,,,,,,,,,,215|1.53|2914.73|2.46|27|5|金春股份,351|0.42|2927.07|2.36|14|16|台华新材,310|-0.60|2909.6|2.35|8|24|聚杰微纤,190|0.86|2934.51|1.89|19|12|联发股份,263|-2.14|2871.61|2.66|4|27|聚杰微纤,185|-2.40|2802.77|2.63|3|28|百隆东方,236|-0.66|2784.39|2.07|8|24|金春股份,296|0.72|2804.52|1.91|23|9|华纺股份,188|1.79|2854.65|2.06|30|2|华孚时尚,275|-1.09|2823.54|2.38|6|26|百隆东方,167|1.88|2876.76|2.15|26|5|联发股份,300|-0.34|2866.92|2.20|11|21|百隆东方,192|-0.48|2853.25|3.42|10|20|江南高纤,238|-0.58|2836.59|3.70|9|23|健盛集团,264|0.02|2837.21|3.03|19|11|台华新材,294|-1.80|2786.14|2.96|5|27|健盛集团,229|0.61|2803.12|2.38|21|10|华升股份,192|-2.25|2740.16|2.54|3|28|云中马,421|-3.28|2650.39|2.61|2|30|夜光明,367|-5.86|2495.19|2.93|0|32|健盛集团,94|4.20|2600.07|3.08|31|1|江南高纤,82|2.73|2671.02|2.81|31|1|江南高纤,332|-1.76|2623.92|2.83|4|27|孚日股份,141|1.72|2669.12|2.62|28|4|华孚时尚,147|0.73|2688.66|2.40|21|11|富春染织,140|-0.77|2667.99|2.13|7|24|健盛集团,260|1.33|2703.58|2.24|25|7|孚日股份,226|-1.44|2664.77|2.04|6|26|迎丰股份,368|-3.00|2584.91|2.07|1|31|百隆东方,146|1.79|2631.22|1.88|27|5|江南高纤,284|3.08|2712.28|2.70|32|0|华孚时尚,65|-0.22|2706.4|2.89|12|20|富春染织,47|1.83|2755.96|2.85|25|6|新澳股份,114|0.75|2776.74|3.22|14|16|江南高纤,265|0.55|2792.03|3.94|15|14|孚日股份,411|-1.29|2756.15|3.17|7|24|迎丰股份,140|1.78|2805.23|3.90|27|4|华升股份,206|0.20|2810.92|3.28|11|20|华升股份,115|1.35|2848.87|2.98|25|6|华升股份,147|0.19|2854.16|3.55|18|12|聚杰微纤,379|-0.50|2839.99|3.23|11|21|云中马,248|-0.91|2814.11|2.99|8|23|聚杰微纤
BK1225|服装家纺,,,,,,,,,,,,,,,,,,,,,,,,,,,,,,,,,,,,,,,,,,,,,,,,,,,,,,,,,,,,,,,,,,,,,,,320|0.86|2620.17|1.55|45|16|安奈儿,320|0.53|2633.98|1.76|39|18|洪兴股份,215|-0.08|2631.96|1.60|18|41|洪兴股份,220|0.68|2649.89|1.65|39|20|洪兴股份,284|-2.27|2589.61|2.35|11|49|比音勒芬,224|-2.67|2520.42|2.24|3|57|ST雪发,283|-0.87|2498.52|1.84|14|47|天创时尚,252|0.92|2521.4|1.55|48|12|奥康国际,132|2.18|2576.33|1.56|56|5|水星家纺,237|-0.90|2553.01|1.65|11|49|酷特智能,168|1.88|2601.06|1.32|59|1|哈森股份,199|0.08|2603.17|1.53|23|35|真爱美家,230|-0.66|2585.94|1.47|14|44|真爱美家,222|-0.47|2573.66|1.72|21|39|真爱美家,320|-0.26|2566.97|1.40|31|27|众望布艺,193|-1.24|2535.09|1.61|8|52|酷特智能,204|0.81|2555.52|1.46|45|14|安奈儿,260|-2.54|2490.7|1.46|3|57|ST雪发,261|-2.35|2432.14|1.55|7|52|康隆达,336|-5.72|2293|2.30|1|60|ST起步,63|4.47|2395.56|1.89|58|3|浪莎股份,109|2.53|2456.18|1.65|58|3|哈森股份,119|-0.73|2438.16|1.57|14|45|探路者,291|1.03|2463.35|1.42|46|13|棒杰股份,65|1.34|2496.44|1.77|50|11|棒杰股份,188|-1.01|2471.16|1.69|12|47|棒杰股份,196|1.65|2511.9|1.76|52|6|美邦服饰,251|-1.55|2472.95|1.75|8|52|中胤时尚,379|-3.07|2397.03|1.48|3|58|奥康国际,252|1.26|2427.14|1.36|43|14|如意集团,272|3.20|2504.89|1.54|59|2|璞源材料,168|-0.88|2482.89|1.35|9|51|歌力思,248|0.81|2502.91|1.35|44|13|酷特智能,316|-0.27|2496.13|1.30|22|37|梦洁股份,352|0.16|2500.16|1.34|33|25|天创时尚,253|-0.49|2487.79|1.33|22|36|哈森股份,196|1.51|2525.45|1.67|49|10|真爱美家,285|-0.24|2519.35|1.68|18|41|安奈儿,229|0.79|2539.13|1.56|48|11|真爱美家,102|0.50|2551.85|1.72|35|26|天创时尚,344|-0.29|2544.44|1.63|19|40|梦洁股份,215|-0.77|2524.74|1.85|14|43|泰慕士
BK1226|普钢,,,,,,,,,,,,,,,,,,,,,,,,,,,,,,,,,,,,,,,,,,,,,,,,,,,,,,,,,,,,,,,,,,,,,,,134|2.22|974.72|1.57|22|2|武进不锈,20|4.50|1018.57|3.71|24|0|安阳钢铁,158|0.35|1022.15|3.75|14|7|华菱钢铁,46|2.61|1048.84|4.27|22|0|杭钢股份,101|-0.03|1048.57|3.73|12|11|马钢股份,282|-3.20|1015.06|3.18|0|24|柳钢股份,350|-1.15|1003.37|2.42|2|20|包钢股份,382|0.07|1004.08|2.00|12|8|八一钢铁,357|0.88|1012.92|1.74|17|4|杭钢股份,219|-0.83|1004.56|1.78|3|19|杭钢股份,460|-1.02|994.35|1.88|4|20|武进不锈,176|0.16|995.98|1.78|12|7|南钢股份,25|2.04|1016.28|2.14|22|2|酒钢宏兴,48|0.62|1022.55|2.62|15|8|酒钢宏兴,492|-4.21|979.54|2.73|0|24|本钢板Ｂ,12|1.49|994.1|2.21|16|8|安阳钢铁,417|-0.76|986.57|2.21|4|20|酒钢宏兴,454|-4.02|946.94|2.47|0|24|本钢板Ｂ,387|-3.01|918.39|1.86|0|24|宝钢股份,174|-4.92|873.19|2.05|0|24|本钢板Ｂ,314|2.95|898.97|1.67|24|0|马钢股份,187|2.19|918.64|1.68|22|0|杭钢股份,389|-2.11|899.29|1.40|2|21|新兴铸管,241|1.18|909.92|1.16|21|0|八一钢铁,102|1.06|919.59|1.18|19|2|凌钢股份,217|-1.13|909.21|1.27|4|17|杭钢股份,304|1.11|919.32|1.63|20|1|包钢股份,323|-1.85|902.27|1.42|0|22|本钢板Ｂ,174|-1.88|885.32|1.55|1|22|包钢股份,402|0.43|889.16|1.43|14|9|包钢股份,222|3.66|921.67|1.65|22|0|杭钢股份,113|-0.55|916.6|1.71|7|16|马钢股份,451|-0.34|913.45|1.63|12|10|*ST八钢,185|0.38|916.91|2.19|10|5|包钢股份,437|-0.42|913.07|2.11|8|14|杭钢股份,324|-0.83|905.51|1.31|2|19|杭钢股份,126|1.83|922.05|1.34|22|0|武进不锈,345|-0.53|917.12|1.10|5|17|*ST八钢,451|-0.39|913.55|1.54|6|13|新兴铸管,261|-0.30|910.77|1.13|11|12|本钢板Ｂ,271|0.06|911.3|1.22|6|14|杭钢股份,323|-1.40|898.52|1.71|5|17|马钢股份
BK1227|特钢Ⅱ,,,,,,,,,,,,,,,,,,,,,,,,,,,,,,,,,,,,,,,,,,,,,,,,,,,,,,,,,,,,,,,,,,,,,,,85|2.87|2518.41|1.40|12|1|常宝股份,50|3.07|2595.71|2.58|13|0|抚顺特钢,8|3.49|2686.34|2.56|9|2|常宝股份,38|2.81|2761.85|3.30|12|1|常宝股份,85|0.25|2768.62|3.03|4|9|广大特材,370|-4.07|2656.04|2.88|0|13|中信特钢,131|-0.08|2653.91|2.01|5|8|广大特材,224|1.06|2682.05|1.66|9|4|广大特材,260|1.41|2719.98|1.75|9|4|常宝股份,407|-1.80|2671.09|1.95|1|12|广大特材,359|0.77|2691.66|1.55|9|4|翔楼新材,479|-1.76|2644.35|1.58|1|11|中信特钢,336|-1.13|2614.4|1.59|5|7|西宁特钢,271|-0.77|2594.27|1.55|1|12|西宁特钢,471|-2.52|2528.82|1.95|1|12|翔楼新材,111|-0.72|2510.64|1.53|5|8|西宁特钢,284|0.22|2516.21|1.21|7|6|常宝股份,434|-3.69|2423.34|1.28|0|13|甬金股份,300|-2.48|2363.17|1.23|0|13|久立特材,383|-5.89|2223.9|1.70|0|13|中信特钢,154|3.78|2307.9|1.23|13|0|常宝股份,355|1.44|2341.05|1.13|12|1|久立特材,285|-1.58|2304.1|0.87|1|12|中信特钢,378|0.70|2320.22|0.70|11|2|甬金股份,224|0.37|2328.75|0.89|7|6|西宁特钢,357|-1.90|2284.47|0.91|0|13|方大特钢,92|2.21|2334.85|0.94|13|0|金洲管道,299|-1.76|2293.79|0.91|1|12|久立特材,260|-2.46|2237.39|0.80|1|12|中信特钢,460|-0.15|2233.93|0.75|8|5|广大特材,111|4.75|2339.95|1.08|13|0|常宝股份,98|-0.45|2329.43|1.02|5|8|久立特材,142|1.19|2357.2|1.00|8|4|盛德鑫泰,286|-0.12|2354.41|0.98|6|7|金洲管道,396|-0.09|2352.34|1.06|5|7|金洲管道,205|-0.33|2344.6|0.95|3|9|广大特材,98|2.03|2392.19|1.23|12|1|方大特钢,152|0.55|2405.27|1.15|8|4|盛德鑫泰,278|0.55|2418.47|1.30|9|4|盛德鑫泰,342|-0.63|2403.21|1.05|2|11|方大特钢,230|0.24|2409.06|1.21|7|6|金洲管道,247|-0.90|2387.32|1.47|2|11|金洲管道
BK1228|冶钢原料,,,,,,,,,,,,,,,,,,,,,,,,,,,,,,,,,,,,,,,,,,,,,,,,,,,,,,,,,,,,,,,,,,,,,,,62|3.30|4367.66|2.14|10|0|钒钛股份,22|4.34|4557.16|3.39|9|1|大中矿业,181|0.19|4565.65|2.31|4|5|大中矿业,41|2.72|4689.74|3.25|9|1|方大炭素,97|0.08|4693.37|3.74|7|3|海南矿业,252|-2.92|4556.22|3.43|1|9|海南矿业,392|-1.34|4495.38|2.30|1|9|方大炭素,236|1.00|4540.51|3.57|5|5|方大炭素,456|-0.75|4506.23|2.81|2|8|广东明珠,31|1.56|4576.55|2.95|6|4|海南矿业,468|-1.65|4501.08|2.84|2|8|方大炭素,121|0.63|4529.4|3.01|7|3|方大炭素,58|0.88|4569.45|2.93|4|6|海南矿业,343|-1.16|4516.42|3.30|4|6|大中矿业,474|-2.58|4400.03|2.61|0|10|鄂尔多斯,295|-1.83|4319.45|1.79|0|10|宝地矿业,441|-0.91|4280.02|1.72|5|5|鄂资Ｂ股,445|-3.90|4113.1|1.95|0|10|鄂资Ｂ股,137|-1.60|4047.48|1.60|1|9|大中矿业,88|-3.77|3895.09|2.08|1|9|大中矿业,181|3.59|4034.76|1.86|10|0|大中矿业,277|1.79|4106.99|1.68|10|0|广东明珠,47|0.03|4108.31|1.45|2|7|广东明珠,110|1.96|4188.67|1.58|9|0|大中矿业,388|-0.37|4173.11|1.29|2|6|鄂尔多斯,391|-2.32|4076.26|1.40|0|8|方大炭素,336|0.89|4112.59|1.06|7|2|河钢资源,173|-1.10|4067.24|1.12|2|7|大中矿业,182|-1.93|3988.68|0.93|1|8|广东明珠,300|0.98|4027.75|0.93|7|2|宝地矿业,261|3.33|4161.82|1.23|9|0|河钢资源,302|-1.60|4095.04|0.98|2|7|河钢资源,116|1.26|4146.63|1.19|8|1|广东明珠,102|0.84|4181.28|1.14|4|4|大中矿业,267|0.54|4204.04|1.15|6|2|大中矿业,300|-0.70|4174.76|1.37|2|7|鄂尔多斯,17|3.69|4328.73|1.29|9|0|大中矿业,184|0.31|4342.13|1.39|6|3|钒钛股份,484|-0.94|4301.14|1.22|2|5|金岭矿业,238|-0.21|4292.25|1.08|2|7|鄂尔多斯,215|0.35|4307.35|1.37|6|1|方大炭素,395|-1.86|4227.18|1.25|0|9|鄂尔多斯
BK1229|地面兵装Ⅱ,,,,,,,,,,,,,,,,,,,,,,,,,,,,,,,,,,,,,,,,,,,,,,,,,,,,,,,,,,,,,,,,,,,,,,,72|3.15|4766.28|5.29|12|0|捷强装备,373|0.31|4781.08|5.36|6|6|银河电子,177|0.20|4790.58|4.32|7|5|国科军工,439|-0.30|4776.02|4.18|4|8|长城军工,18|5.79|5052.36|9.55|12|0|北方导航,435|-4.88|4805.91|6.97|2|10|国科军工,24|2.13|4908.07|5.72|10|2|国科军工,450|-1.09|4854.8|4.68|3|8|银河电子,486|-1.86|4764.33|3.30|3|9|ST应急,466|-2.62|4639.73|3.75|1|11|银河电子,364|0.75|4674.5|3.07|9|3|捷强装备,475|-1.67|4596.33|3.51|1|10|光电股份,482|-2.47|4482.63|2.91|0|12|ST应急,392|-1.53|4413.87|2.64|2|10|捷强装备,326|-0.28|4401.33|1.92|7|5|国科军工,361|-2.34|4298.49|2.21|1|11|捷强装备,305|0.10|4302.75|2.07|5|7|银河电子,117|-1.81|4224.93|2.43|2|10|甘化科工,462|-3.77|4065.46|2.49|0|12|光电股份,319|-5.65|3835.78|3.15|1|11|捷强装备,2|8.60|4165.58|4.25|12|0|长城军工,8|4.73|4362.59|5.93|12|0|长城军工,491|-4.02|4187.26|4.12|0|12|ST应急,60|2.53|4293.3|3.90|12|0|甘化科工,276|0.15|4299.74|3.60|6|6|银河电子,235|-1.21|4247.83|3.84|2|10|光电股份,448|-0.16|4240.95|4.02|8|4|光电股份,104|-0.46|4221.24|3.17|4|8|北方长龙,188|-1.99|4137.34|2.78|2|10|捷强装备,362|0.65|4164.34|1.91|10|2|甘化科工,405|1.91|4243.77|3.02|11|1|银河电子,68|-0.24|4233.76|2.79|2|10|光电股份,253|0.79|4267.05|3.16|10|2|国科军工,40|1.56|4333.69|2.57|11|1|光电股份,302|0.41|4351.59|2.89|5|7|北方导航,339|-0.90|4312.34|3.55|1|11|银河电子,355|0.83|4348.14|2.62|9|2|光电股份,202|0.23|4358.29|2.75|6|6|光电股份,31|2.51|4467.84|3.54|11|0|光电股份,427|-1.14|4417.01|3.18|2|10|长城军工,233|0.22|4426.6|2.63|3|6|光电股份,408|-1.98|4338.97|3.02|1|11|ST应急
BK1230|航海装备Ⅱ,,,,,,,,,,,,,,,,,,,,,,,,,,,,,,,,,,,,,,,,,,,,,,,,,,,,,,,,,,,,,,,,,,,,,,,214|1.55|6579.36|7.33|6|4|亚星锚链,433|0.02|6580.82|7.56|4|6|中国船舶,193|0.11|6588.33|4.80|4|6|中科海讯,76|1.93|6715.73|5.95|7|3|海兰信,110|-0.29|6696.48|7.38|4|6|天海防务,403|-4.52|6393.78|6.32|1|9|*ST松发,15|3.22|6599.64|5.56|10|0|江龙船艇,468|-1.80|6480.78|4.46|2|8|中国船舶,313|1.15|6555.16|4.02|8|2|海兰信,479|-2.84|6368.78|4.18|1|9|海兰信,314|1.04|6434.93|3.44|8|2|*ST松发,467|-1.46|6340.68|3.24|1|9|*ST松发,488|-2.67|6171.69|3.00|0|10|中船防务,442|-2.29|6030.47|2.46|0|10|中国海防,41|1.73|6134.88|3.79|7|3|中科海讯,463|-3.54|5917.78|3.02|0|10|中国船舶,215|0.74|5961.56|2.13|7|3|海兰信,373|-3.08|5777.74|2.30|0|10|中国船舶,433|-3.33|5585.35|2.34|0|10|中国海防,363|-5.84|5259.11|3.14|0|10|*ST松发,124|3.98|5468.19|2.60|10|0|江龙船艇,291|1.74|5563.28|2.45|10|0|江龙船艇,471|-3.13|5389.13|2.11|0|10|中船防务,275|1.08|5447.17|1.57|10|0|天海防务,231|0.36|5466.53|1.66|7|2|*ST松发,152|-0.83|5420.96|2.47|2|8|海兰信,334|0.91|5470.46|1.76|8|1|*ST松发,217|-1.40|5393.65|1.55|0|10|*ST松发,241|-2.38|5265.07|1.38|1|9|*ST松发,148|1.78|5358.83|1.86|9|1|中国船舶,187|3.93|5569.64|2.56|10|0|海兰信,281|-1.51|5485.58|1.84|0|10|海兰信,220|0.90|5534.76|2.14|9|1|海兰信,249|0.08|5539.21|1.83|8|2|海兰信,109|1.45|5619.8|2.37|9|1|海兰信,267|-0.54|5589.21|2.21|1|9|中船防务,264|1.23|5658.23|1.94|10|0|海兰信,146|0.58|5690.99|2.00|6|3|中科海讯,4|4.91|5970.43|4.49|10|0|松发股份,79|0.81|6018.93|3.70|4|6|松发股份,488|-1.97|5900.62|3.05|3|7|中国船舶,12|2.37|6040.46|4.93|8|2|中国船舶
BK1231|航空装备Ⅱ,,,,,,,,,,,,,,,,,,,,,,,,,,,,,,,,,,,,,,,,,,,,,,,,,,,,,,,,,,,,,,,,,,,,,,,329|0.82|5663.27|2.94|31|15|中航重机,290|0.66|5700.37|2.63|23|25|菲利华,49|1.83|5804.56|3.13|33|15|钢研高纳,391|0.00|5804.66|2.85|18|29|广联航空,55|1.32|5881.27|4.45|23|25|航天彩虹,491|-7.58|5435.27|4.56|0|48|航天彩虹,28|1.87|5536.73|3.06|33|14|航天彩虹,413|-0.18|5526.52|2.76|22|24|西部超导,344|0.99|5581.16|3.09|36|11|航发科技,430|-2.03|5467.81|2.84|5|42|广联航空,197|1.70|5560.51|2.34|43|5|广联航空,483|-1.82|5459.5|2.43|7|41|*ST观典,456|-1.90|5355.54|2.59|6|42|光威复材,430|-2.15|5240.24|2.18|5|41|新兴装备,230|0.22|5252.02|1.90|25|23|中无人机,310|-1.99|5147.66|1.86|6|42|中简科技,144|1.16|5207.12|1.72|34|12|广联航空,410|-3.34|5033.13|1.78|2|46|广联航空,404|-3.13|4875.41|1.76|0|47|ST炼石,189|-4.99|4632.02|2.21|1|47|洪都航空,362|2.74|4758.91|1.85|44|4|迈信林,161|2.29|4868.06|1.79|46|1|洪都航空,353|-1.85|4778|1.44|5|43|派克新材,404|0.57|4805.12|1.22|39|9|江航装备,77|1.23|4864.05|1.47|38|9|广联航空,196|-1.04|4813.47|1.74|9|38|*ST立航,382|0.61|4843.07|1.38|35|13|超卓航科,325|-1.86|4752.88|1.32|4|44|航发动力,213|-2.19|4648.59|1.18|2|46|菲利华,473|-0.43|4628.44|1.05|25|23|航新科技,117|4.70|4845.93|1.78|47|1|广联航空,314|-1.70|4763.68|1.38|5|43|爱乐达,237|0.83|4803.3|1.64|38|11|航发动力,70|1.08|4855.26|1.77|33|14|博云新材,38|2.40|4971.87|1.85|44|4|海特高新,79|0.57|5000.07|2.35|21|28|博云新材,343|0.89|5044.69|2.30|28|20|博云新材,134|0.67|5078.62|2.22|29|19|博云新材,78|1.74|5166.91|2.55|42|6|博云新材,441|-1.22|5103.72|2.47|7|41|*ST立航,301|-0.06|5100.5|2.36|23|25|爱乐达,257|-0.95|5051.88|2.92|15|34|博云新材
BK1232|航天装备Ⅱ,,,,,,,,,,,,,,,,,,,,,,,,,,,,,,,,,,,,,,,,,,,,,,,,,,,,,,,,,,,,,,,,,,,,,,,391|0.31|6249.15|2.67|5|4|星网宇达,31|3.72|6481.38|5.13|9|0|电科蓝天,44|1.90|6604.66|4.85|7|2|电科蓝天,186|0.88|6662.85|4.32|6|3|理工导航,15|6.15|7072.8|7.58|8|1|中天火箭,494|-8.30|6485.93|5.79|0|9|理工导航,13|3.32|6701.38|3.51|9|0|航天环宇,264|0.86|6759.1|4.26|4|5|航天环宇,419|0.34|6781.98|3.87|5|4|理工导航,263|-1.02|6712.71|3.71|3|6|电科蓝天,134|2.12|6855.29|3.71|9|0|电科蓝天,491|-2.06|6714.3|2.93|0|8|电科蓝天,496|-3.59|6473.53|2.70|0|9|新余国科,476|-3.01|6278.61|3.72|1|8|理工导航,378|-0.69|6235.25|2.88|4|5|电科蓝天,456|-3.42|6021.72|2.56|0|9|新余国科,12|3.31|6221.27|3.73|8|1|电科蓝天,148|-1.97|6098.82|2.45|0|9|航天环宇,447|-3.50|5885.57|2.26|0|9|电科蓝天,192|-5.00|5591.33|2.94|1|8|电科蓝天,425|2.05|5706.06|2.59|8|1|新余国科,410|1.09|5768.27|2.14|8|1|新余国科,230|-1.26|5695.74|2.51|2|7|航天环宇,482|-0.81|5649.78|1.84|4|5|星网宇达,21|2.64|5799.07|2.85|9|0|航天环宇,23|0.91|5851.99|4.24|6|3|航天环宇,406|0.37|5873.71|2.88|2|7|理工导航,428|-2.65|5717.79|1.94|0|9|新余国科,78|-1.25|5646.43|1.82|1|8|理工导航,430|0.18|5656.57|1.58|3|6|新余国科,41|6.01|5996.41|2.87|9|0|电科蓝天,339|-1.83|5886.74|2.34|1|8|航天电子,463|-0.46|5859.48|1.97|4|5|新余国科,53|1.30|5935.85|1.78|8|1|理工导航,5|5.22|6245.61|4.05|9|0|航天环宇,38|1.20|6320.38|4.88|6|2|电科蓝天,385|0.68|6363.59|2.98|4|5|理工导航,159|0.48|6393.87|2.48|6|3|理工导航,2|6.16|6787.8|6.04|8|1|中国卫星,58|1.01|6856.63|6.31|4|5|理工导航,490|-2.33|6697.2|4.47|0|9|新余国科,284|-1.11|6622.59|5.31|2|7|中国卫星
BK1233|军工电子Ⅱ,,,,,,,,,,,,,,,,,,,,,,,,,,,,,,,,,,,,,,,,,,,,,,,,,,,,,,,,,,,,,,,,,,,,,,,389|0.31|8059.96|3.93|40|23|雷科防务,102|1.87|8210.32|4.81|54|9|航天发展,59|1.60|8341.57|5.41|46|16|鸿远电子,402|-0.08|8335.31|5.01|30|31|国光电气,29|3.22|8603.45|8.44|48|14|华如科技,477|-6.54|8041.02|8.24|4|58|华如科技,100|0.20|8056.87|5.19|34|27|全信股份,389|0.04|8059.94|5.38|30|32|泰豪科技,403|0.54|8103.68|4.66|38|24|泰豪科技,347|-1.41|7989.14|5.24|13|48|北斗星通,76|2.60|8196.87|5.08|54|8|航天电器,440|-0.97|8117.63|5.09|12|50|晶品特装,478|-2.41|7922.29|4.78|7|55|航天电器,453|-2.51|7723.57|4.03|5|57|北斗星通,159|0.59|7769.2|3.33|46|16|富吉瑞,402|-2.62|7565.53|3.15|3|58|西测测试,25|2.62|7763.46|3.56|55|6|西测测试,156|-2.03|7605.94|3.17|8|53|西测测试,379|-2.91|7384.61|3.55|5|56|航天电器,198|-5.03|7013.43|3.94|4|57|航天南湖,322|2.92|7218.12|3.66|57|4|富吉瑞,306|1.69|7340.35|3.59|52|10|晶品特装,327|-1.73|7213.01|3.56|7|55|西测测试,361|0.75|7266.78|2.72|46|15|华丰科技,43|1.63|7384.98|3.70|48|14|富吉瑞,222|-1.14|7300.62|3.76|12|50|兴图新科,370|0.66|7349.16|3.26|42|20|泰豪科技,373|-2.19|7188.39|3.01|6|57|雷科防务,98|-1.45|7083.85|2.65|14|48|华丰科技,401|0.44|7114.88|2.32|37|26|航天电器,90|5.18|7483.33|3.59|63|0|富吉瑞,70|-0.25|7464.62|3.10|19|44|航天电器,309|0.58|7507.79|3.09|37|22|陕西华达,88|0.97|7580.61|2.70|41|22|兴图新科,22|2.90|7800.54|3.84|58|5|航天长峰,166|-0.16|7787.87|4.46|25|37|宏明电子,364|0.78|7848.42|3.57|46|16|泰豪科技,89|1.23|7945.21|3.92|46|14|国博电子,26|2.72|8161.21|5.31|56|5|泰豪科技,397|-0.91|8087.15|5.00|14|46|奥普光电,129|0.77|8149.08|5.57|40|23|天微电子,430|-2.25|7966.01|4.78|7|55|华如科技
BK1234|环保设备Ⅱ,,,,,,,,,,,,,,,,,,,,,,,,,,,,,,,,,,,,,,,,,,,,,,,,,,,,,,,,,,,,,,,,,,,,,,,208|1.61|3606.65|2.11|21|6|法尔胜,141|1.48|3660.03|3.65|16|9|法尔胜,57|1.63|3719.56|3.50|23|4|法尔胜,154|1.04|3758.14|3.94|15|12|恒誉环保,243|-2.05|3681.09|3.80|4|22|法尔胜,363|-4.02|3533.07|3.92|1|26|*ST节能,127|-0.04|3531.76|2.84|9|16|法尔胜,82|1.82|3596.05|3.13|24|3|先河环保,215|1.63|3654.84|2.41|22|5|恒誉环保,179|-0.63|3631.9|2.89|5|22|恒誉环保,140|2.08|3707.41|2.55|24|2|恒誉环保,196|0.12|3711.8|3.52|7|18|皖仪科技,280|-0.89|3678.86|3.25|5|20|法尔胜,144|-0.09|3675.4|2.52|7|20|法尔胜,170|0.50|3693.77|3.39|14|13|法尔胜,169|-1.07|3654.3|2.69|5|22|法尔胜,102|1.57|3711.67|2.69|20|7|恒誉环保,254|-2.51|3618.38|2.49|2|25|法尔胜,336|-2.68|3521.56|2.59|3|24|美埃科技,137|-4.52|3362.42|3.19|4|23|严牌股份,30|4.94|3528.53|3.09|25|2|华宏科技,236|1.96|3597.82|3.33|21|6|法尔胜,453|-2.76|3498.61|2.86|3|24|严牌股份,137|1.73|3559.16|2.70|20|5|法尔胜,214|0.40|3573.56|2.24|13|14|法尔胜,349|-1.84|3507.79|3.00|4|23|法尔胜,71|2.40|3591.82|3.98|25|2|华宏科技,246|-1.52|3537.21|3.74|8|19|法尔胜,69|-1.20|3494.93|3.18|8|19|森远股份,170|1.60|3550.85|2.75|19|8|法尔胜,209|3.79|3685.46|4.15|26|1|创元科技,37|0.25|3694.66|3.53|12|14|华宏科技,332|0.49|3712.62|4.66|20|7|盈峰环境,179|0.40|3727.39|4.06|14|13|先河环保,196|0.83|3758.49|5.35|16|10|盈峰环境,101|0.28|3768.96|5.49|11|16|青达环保,83|2.20|3852|4.41|20|6|盈峰环境,234|-0.01|3851.75|5.48|9|18|盈峰环境,61|2.00|3928.83|5.20|20|5|严牌股份,137|0.23|3937.85|4.75|17|10|先河环保,172|0.54|3959.3|5.87|17|10|法尔胜,364|-1.70|3892.16|5.48|8|19|法尔胜
BK1235|环境治理,,,,,,,,,,,,,,,,,,,,,,,,,,,,,,,,,,,,,,,,,,,,,,,,,,,,,,,,,,,,,,,,,,,,,,,137|2.21|2650.08|1.76|99|10|高能环境,109|1.78|2697.13|2.27|84|22|清水源,66|1.46|2736.49|2.83|80|28|金圆股份,137|1.17|2768.61|3.19|75|29|中国天楹,253|-2.12|2709.85|2.93|18|88|中国天楹,204|-2.54|2641.13|3.54|12|94|飞南资源,140|-0.14|2637.56|2.73|43|65|*ST凯鑫,186|1.26|2670.67|2.41|88|19|京源环保,87|2.52|2737.99|3.14|99|10|华新环保,190|-0.70|2718.94|3.10|33|73|惠城环保,246|1.46|2758.76|2.40|85|21|祥龙电业,205|0.05|2760.13|2.71|48|60|绿色动力,246|-0.74|2739.76|2.62|29|79|绿色动力,217|-0.47|2726.98|2.59|36|69|同兴科技,360|-0.52|2712.78|2.64|31|75|深水海纳,296|-1.83|2663.02|2.16|12|95|深水海纳,195|0.86|2685.96|2.05|72|31|京源环保,176|-2.16|2628|2.16|10|95|圣元环保,205|-2.06|2573.75|2.65|16|89|中兰环保,288|-5.54|2431.19|2.93|2|107|雪浪环境,33|4.90|2550.34|2.91|107|2|海天股份,93|2.63|2617.53|2.87|99|10|雪浪环境,400|-2.17|2560.66|2.22|12|95|中再资环,315|0.94|2584.61|2.20|75|31|祥龙电业,271|0.17|2589.02|2.15|45|62|雪浪环境,377|-2.15|2533.29|2.14|11|98|雪浪环境,346|0.85|2554.73|2.03|76|29|万德斯,285|-1.70|2511.24|1.90|14|94|万德斯,375|-3.03|2435.03|1.98|5|104|德林海,178|1.55|2472.82|1.61|78|27|清水源,161|4.18|2576.2|2.08|108|1|福鞍股份,242|-1.25|2544.05|1.89|18|90|中兰环保,204|0.97|2568.83|1.87|85|20|上海洗霸,356|-0.45|2557.35|1.94|33|64|德创环保,295|0.43|2568.46|1.88|63|35|碧水源,222|-0.40|2558.28|1.77|29|73|科净源,95|2.04|2610.36|1.77|89|16|金圆股份,276|-0.20|2605.04|1.94|31|76|福鞍股份,207|0.87|2627.64|1.94|73|31|华新科技,161|0.11|2630.51|1.86|53|52|同兴科技,258|0.12|2633.6|1.69|45|56|中持股份,160|-0.47|2621.1|2.13|36|65|福鞍股份
BK1236|轨交设备Ⅱ,,,,,,,,,,,,,,,,,,,,,,,,,,,,,,,,,,,,,,,,,,,,,,,,,,,,,,,,,,,,,,,,,,,,,,,147|2.10|2032.44|1.12|29|3|天宜新材,436|0.01|2032.7|1.29|16|16|朗进科技,102|0.85|2049.89|1.04|24|8|朗进科技,264|0.48|2059.64|1.09|16|14|天宜新材,261|-2.14|2015.63|1.48|4|27|中国通号,320|-3.48|1945.42|1.38|1|30|必得科技,195|-0.49|1935.97|1.28|9|23|天宜新材,90|1.79|1970.72|1.08|30|2|必得科技,190|1.78|2005.81|0.95|29|3|今创集团,287|-1.13|1983.07|1.03|6|26|九州一轨,115|2.28|2028.3|0.94|31|0|鼎汉技术,347|-0.53|2017.55|1.19|9|22|中国通号,351|-1.22|1992.95|1.07|6|25|长青科技,228|-0.51|1982.79|1.28|7|25|朗进科技,353|-0.45|1973.89|1.05|9|23|工大高科,371|-2.40|1926.46|0.97|2|30|雷尔伟,129|1.29|1951.25|0.92|23|7|九州一轨,366|-3.04|1891.96|0.86|0|32|工大高科,267|-2.38|1846.92|1.07|4|28|中国中车,450|-6.31|1730.44|1.34|0|32|时代电气,83|4.27|1804.34|0.90|32|0|九州一轨,202|2.13|1842.85|0.94|31|1|中国铁物,209|-1.17|1821.23|1.65|2|29|中国铁物,248|1.16|1842.31|1.53|26|4|九州一轨,99|1.10|1862.55|1.88|22|10|神州高铁,7|3.82|1933.66|2.33|28|4|神州高铁,481|-1.73|1900.26|3.47|10|21|朗进科技,334|-1.90|1864.18|2.35|3|28|九州一轨,229|-2.30|1821.38|1.95|5|27|九州一轨,353|0.72|1834.47|1.33|19|12|九州一轨,145|4.38|1914.91|1.51|32|0|九州一轨,335|-1.81|1880.18|1.21|3|29|科安达,196|0.99|1898.88|1.47|28|3|中国铁物,371|-0.50|1889.34|1.01|7|23|九州一轨,319|0.33|1895.58|0.89|21|10|永贵电器,228|-0.41|1887.9|0.93|8|23|雷尔伟,184|1.60|1918.14|0.90|26|5|永贵电器,164|0.46|1926.87|1.08|18|14|必得科技,252|0.67|1939.69|1.03|21|10|永贵电器,165|0.10|1941.67|0.83|11|19|必得科技,303|-0.06|1940.44|0.96|11|18|工大高科,198|-0.68|1927.16|1.23|9|22|众合科技
BK1237|自动化设备,,,,,,,,,,,,,,,,,,,,,,,,,,,,,,,,,,,,,,,,,,,,,,,,,,,,,,,,,,,,,,,,,,,,,,,372|0.51|11146.6|3.14|52|36|华工科技,276|0.70|11225.01|2.97|51|36|安达智能,78|1.24|11363.69|3.24|54|33|杰普特,427|-0.26|11333.73|2.87|30|58|杰普特,251|-2.11|11095.07|3.87|16|72|德龙激光,386|-4.31|10617.34|4.17|5|83|科瑞技术,149|-0.20|10595.85|3.21|31|56|光韵达,51|2.11|10819.64|3.36|77|11|凯迪股份,378|0.78|10904.12|2.81|57|30|田中精机,425|-1.93|10693.26|3.38|15|73|合康新能,56|2.84|10997.23|2.75|87|1|大族激光,241|-0.15|10980.99|3.08|30|58|华工科技,375|-1.31|10837.18|3.01|14|74|博众精工,342|-1.16|10711.84|2.76|19|68|光韵达,298|-0.17|10693.29|2.72|44|41|德龙激光,374|-2.41|10435.33|2.63|13|75|港迪技术,126|1.32|10572.63|2.27|68|19|劲拓股份,378|-3.12|10242.89|2.47|5|82|华工科技,217|-2.12|10025.42|2.86|11|76|智立方,387|-5.92|9432.33|3.12|0|88|德龙激光,340|2.85|9701.54|2.46|84|4|英诺激光,146|2.37|9931.69|2.45|83|5|凯迪股份,278|-1.55|9777.71|2.35|15|73|智立方,154|1.64|9937.94|2.11|69|19|田中精机,351|-0.17|9921.53|1.76|35|48|田中精机,295|-1.47|9775.88|1.88|16|70|科捷智能,43|2.92|10061.8|2.02|84|3|智立方,239|-1.50|9910.67|1.98|14|74|瑞松科技,23|-0.34|9877.37|2.13|26|61|劲拓股份,396|0.45|9921.51|1.85|54|33|科瑞技术,61|5.59|10476.36|2.96|88|0|科瑞技术,119|-0.60|10413.3|2.81|22|66|博杰股份,194|1.01|10518.71|2.65|70|18|奥普特,172|0.41|10561.78|2.34|42|44|科瑞技术,143|1.10|10678.25|2.90|68|20|大族激光,297|-0.69|10604.93|2.83|23|65|智云股份,187|1.58|10772.19|2.81|75|10|大族激光,41|2.01|10988.29|3.98|67|20|科瑞技术,206|0.87|11083.79|3.59|53|35|大豪科技,209|-0.10|11072.16|3.10|35|52|杰普特,164|0.57|11134.8|3.02|62|23|博杰股份,447|-2.47|10859.65|3.46|9|79|大族激光
BK1238|IT服务Ⅱ,,,,,,,,,,,,,,,,,,,,,,,,,,,,,,,,,,,,,,,,,,,,,,,,,,,,,,,,,,,,,,,,,,,,,,,465|-1.19|10098.42|5.63|38|94|*ST云创,450|-0.08|10090.3|5.25|72|58|航天宏图,112|0.73|10164.14|6.00|65|67|华胜天成,56|2.41|10408.66|7.11|117|16|新炬网络,442|-3.46|10048.21|6.50|13|120|科远智慧,448|-5.15|9530.39|6.31|6|127|中远海科,134|-0.09|9522.07|4.26|56|78|*ST云创,85|1.82|9695.06|5.17|112|22|神州信息,128|2.19|9907.65|4.88|119|13|美利云,17|2.19|10124.66|6.58|91|40|优刻得-W,309|1.09|10235.16|6.30|108|25|博睿数据,443|-0.99|10134.31|5.45|25|108|南网数字,349|-1.21|10011.67|5.17|22|111|宏景科技,466|-2.75|9736.11|4.86|13|121|浪潮软件,162|0.58|9792.27|3.78|86|47|城地香江,369|-2.39|9558.66|3.72|8|122|东方国信,17|3.08|9852.97|4.23|129|5|美利云,61|-0.99|9755.7|4.35|24|110|美利云,490|-4.75|9292.01|4.82|0|134|ST智知,295|-5.57|8774.33|4.54|7|127|*ST云创,348|2.81|9020.66|3.86|125|7|真视通,105|2.54|9249.83|4.09|129|5|大位科技,448|-2.67|9002.63|3.65|15|119|万达信息,332|0.84|9078.42|2.92|100|33|天亿马,201|0.47|9121.27|3.23|72|59|海峡创新,289|-1.44|8989.63|3.16|22|110|海量数据,138|1.96|9166.17|3.43|112|21|美利云,463|-3.08|8883.69|3.17|5|127|海峡创新,169|-1.86|8718.14|3.10|18|114|君逸数码,440|0.13|8729.1|2.61|75|57|天玑科技,18|6.95|9335.92|4.64|134|0|大位科技,423|-2.28|9123.43|3.82|15|119|宏景科技,284|0.68|9185.9|3.49|91|40|志晟信息,244|0.10|9194.69|3.32|57|71|东方国信,116|1.43|9326.48|3.72|110|22|税友股份,322|-0.83|9249.5|3.51|21|110|杰创智能,26|3.16|9542.08|4.43|126|7|真视通,265|-0.16|9526.68|3.80|41|92|品高股份,223|0.81|9603.82|3.90|83|48|皖通科技,490|-1.96|9415.23|3.64|14|118|浩云科技,54|1.60|9566.22|4.90|105|28|金证股份,303|-1.26|9445.54|4.52|26|108|佳华科技
BK1239|白色家电,,,,,,,,,,,,,,,,,,,,,,,,,,,,,,,,,,,,,,,,,,,,,,,,,,,,,,,,,,,,,,,,,,,,,,,325|0.84|3686.25|0.92|10|1|澳柯玛,389|0.24|3695.24|0.88|9|1|海信家电,393|-0.95|3660.11|1.00|2|10|惠而浦,442|-0.32|3648.55|0.80|4|8|深康佳Ｂ,293|-2.33|3563.57|0.94|0|12|格力电器,122|-1.51|3509.82|0.94|1|11|惠而浦,373|-1.23|3466.54|0.89|0|12|雪祺电气,218|1.10|3504.54|0.67|12|0|深康佳Ａ,337|1.04|3540.87|0.59|9|1|雪祺电气,273|-1.07|3503.09|0.77|1|11|深康佳Ｂ,227|1.54|3557.09|0.71|11|0|TCL智家,307|-0.37|3543.95|0.76|4|7|长虹美菱,283|-0.89|3512.24|0.68|4|7|格力电器,50|0.61|3533.69|0.96|7|5|澳柯玛,323|-0.27|3524.22|0.85|5|6|深康佳Ａ,59|-0.09|3521.19|0.81|6|6|海信家电,296|0.13|3525.64|0.61|5|5|雪祺电气,178|-2.18|3448.64|0.67|0|12|虹美菱B,120|-1.43|3399.29|0.70|0|11|虹美菱B,176|-4.93|3231.77|1.17|0|12|深康佳Ｂ,293|3.02|3329.41|0.80|11|1|雪祺电气,302|1.70|3385.93|0.68|11|1|深康佳Ａ,220|-1.22|3344.72|0.59|0|11|TCL智家,448|0.06|3346.66|0.93|6|6|深康佳Ａ,429|-0.69|3323.51|0.82|4|7|澳柯玛,40|0.22|3330.89|1.11|6|6|美的集团,98|2.17|3403.2|1.11|12|0|深康佳Ａ,252|-1.55|3350.39|0.94|1|11|美的集团,399|-3.23|3242.17|0.71|0|12|TCL智家,486|-1.02|3209.01|0.82|4|8|惠而浦,357|2.46|3287.88|0.86|12|0|深康佳Ａ,373|-2.00|3222.03|0.67|0|10|海信家电,79|1.50|3270.42|0.63|9|2|惠而浦,282|-0.08|3267.69|0.69|3|8|深康佳Ａ,332|0.27|3276.49|0.71|7|5|深康佳Ｂ,251|-0.49|3260.32|0.71|4|7|海信家电,369|0.73|3284.14|0.73|10|2|深康佳Ａ,475|-1.74|3227.16|0.77|1|10|美的集团,205|0.87|3255.23|0.77|10|2|深康佳Ａ,43|1.19|3293.83|1.05|6|6|TCL智家,380|-0.51|3277.1|0.72|2|10|深康佳Ｂ,171|-0.52|3260.1|0.82|6|6|惠而浦
BK1240|厨卫电器,,,,,,,,,,,,,,,,,,,,,,,,,,,,,,,,,,,,,,,,,,,,,,,,,,,,,,,,,,,,,,,,,,,,,,,273|1.17|6982.55|1.07|7|1|帅丰电器,191|1.03|7054.75|1.28|8|1|浙江美大,313|-0.60|7012.62|1.18|3|6|浙江美大,134|1.20|7096.73|1.28|4|5|亿田智能,125|-0.61|7053.73|2.24|1|8|亿田智能,150|-1.94|6916.92|1.80|2|7|奥普科技,462|-2.23|6762.8|1.68|0|9|火星人,69|1.90|6891.35|1.48|8|1|亿田智能,252|1.43|6989.96|1.31|8|1|帅丰电器,128|-0.20|6975.78|1.30|2|7|亿田智能,233|1.51|7081.29|1.06|9|0|亿田智能,425|-0.89|7018.42|0.98|2|5|万和电气,226|-0.65|6972.56|1.21|3|6|奥普科技,10|2.43|7141.69|3.30|7|2|日出东方,382|-0.73|7089.76|4.05|3|6|帅丰电器,227|-1.46|6986.27|2.41|1|8|华帝股份,142|1.16|7067.37|2.04|5|4|亿田智能,32|-0.19|7053.93|2.87|2|7|日出东方,466|-3.89|6779.87|4.04|0|9|老板电器,78|-3.45|6545.99|3.87|2|7|火星人,339|2.86|6733.35|3.04|8|1|奥普科技,458|0.50|6767.01|3.28|3|6|华帝股份,386|-2.08|6626.36|2.63|2|7|帅丰电器,90|2.13|6767.25|2.62|8|1|奥普科技,361|-0.21|6752.71|3.30|4|5|华帝股份,185|-0.97|6686.88|2.66|2|6|老板电器,276|1.26|6771.1|3.07|7|2|亿田智能,310|-1.82|6647.72|3.05|1|8|华帝股份,429|-3.46|6417.7|2.81|1|8|老板电器,319|0.90|6475.41|2.25|6|3|帅丰电器,291|3.03|6671.46|2.84|8|1|亿田智能,476|-2.95|6474.67|2.38|0|9|亿田智能,103|1.32|6560.43|2.23|7|2|华帝股份,480|-1.71|6448.35|1.59|2|7|日出东方,121|1.37|6536.66|1.97|6|3|亿田智能,123|0.12|6544.63|1.81|3|4|日出东方,27|3.15|6750.56|1.71|7|1|帅丰电器,488|-2.32|6593.92|1.55|0|9|老板电器,447|-0.37|6569.31|1.47|4|5|奥普科技,140|0.22|6583.65|1.40|5|4|帅丰电器,423|-0.80|6531.12|1.10|1|7|亿田智能,292|-1.17|6454.75|1.58|2|7|火星人
BK1241|黑色家电,,,,,,,,,,,,,,,,,,,,,,,,,,,,,,,,,,,,,,,,,,,,,,,,,,,,,,,,,,,,,,,,,,,,,,,304|0.99|4682.69|2.33|6|4|四川九洲,453|-0.09|4678.41|2.16|3|6|同洲电子,236|-0.21|4668.8|2.17|5|3|创维数字,261|0.49|4691.5|3.35|6|4|四川长虹,351|-2.64|4567.73|2.89|0|10|海信视像,285|-3.22|4420.52|3.26|1|9|极米科技,301|-0.93|4379.62|1.89|2|8|辰奕智能,47|2.14|4473.43|1.31|9|1|兆驰股份,247|1.46|4538.66|3.73|10|0|兆驰股份,446|-2.32|4433.58|3.68|2|8|四川长虹,173|1.84|4514.97|2.49|9|1|辰奕智能,69|1.23|4570.28|4.11|7|3|兆驰股份,322|-1.07|4521.15|3.14|2|8|*ST高斯,42|0.70|4553|3.91|4|6|兆驰股份,184|0.42|4572.13|3.03|9|1|*ST高斯,281|-1.73|4493.12|2.64|2|8|海信视像,158|1.08|4541.75|1.80|7|2|*ST高斯,267|-2.57|4425.11|2.10|1|9|同洲电子,117|-1.42|4362.45|2.20|2|8|同洲电子,250|-5.34|4129.41|2.46|0|10|*ST高斯,192|3.51|4274.2|1.72|10|0|极米科技,209|2.10|4364.13|1.85|9|1|兆驰股份,309|-1.67|4291.32|1.66|1|9|*ST高斯,429|0.34|4305.86|1.41|6|4|极米科技,411|-0.53|4283.07|1.51|4|6|*ST高斯,113|-0.60|4257.17|1.57|2|8|海信视像,89|2.22|4351.78|1.53|9|1|极米科技,397|-2.35|4249.31|1.42|0|10|海信视像,109|-1.53|4184.16|1.27|3|7|极米科技,332|0.81|4217.94|1.16|7|3|辰奕智能,129|4.56|4410.2|2.33|10|0|兆驰股份,109|-0.53|4386.86|1.75|3|6|创维数字,183|1.05|4433.13|1.53|9|1|同洲电子,428|-0.89|4393.84|1.30|2|8|兆驰股份,239|0.67|4423.09|1.49|7|3|四川九洲,80|0.57|4448.12|3.67|5|5|四川长虹,265|1.23|4502.83|2.49|8|2|极米科技,107|0.98|4547.06|2.46|7|3|兆驰股份,287|0.51|4570.27|2.98|5|5|四川长虹,213|-0.13|4564.53|2.32|4|6|创维数字,45|1.71|4642.72|3.52|6|4|兆驰股份,78|0.35|4659.05|4.19|3|7|兆驰股份
BK1242|家电零部件Ⅱ,,,,,,,,,,,,,,,,,,,,,,,,,,,,,,,,,,,,,,,,,,,,,,,,,,,,,,,,,,,,,,,,,,,,,,,277|1.15|5673.46|3.46|26|9|禾盛新材,422|0.09|5678.55|3.12|15|21|盾安环境,145|0.48|5705.98|3.20|19|15|同星科技,381|0.05|5708.64|2.80|13|22|三星新材,321|-2.54|5563.66|3.92|4|32|华翔股份,336|-3.64|5361.16|3.99|1|35|合肥高科,173|-0.37|5341.21|2.77|11|23|瑞德智能,158|1.39|5415.28|2.81|30|6|东方电热,282|1.34|5487.61|2.15|32|3|金海高科,402|-1.74|5392.04|2.84|3|33|金海高科,62|2.73|5539.05|2.70|36|0|禾盛新材,349|-0.53|5509.56|3.13|8|24|盾安环境,378|-1.32|5436.94|2.60|4|32|同星科技,255|-0.69|5399.46|2.34|8|27|立霸股份,189|0.40|5421.31|2.47|15|20|和晶科技,279|-1.71|5328.53|3.18|5|31|海立股份,122|1.37|5401.59|2.59|27|9|金海高科,283|-2.64|5258.79|2.85|3|33|天银机电,251|-2.31|5137.31|3.02|4|32|东方电热,350|-5.78|4840.21|4.04|2|34|朗科智能,301|2.99|4984.95|3.34|33|3|奇精机械,238|1.95|5082.21|3.08|31|4|康盛股份,200|-1.13|5024.73|3.24|5|30|天银机电,408|0.54|5052.05|2.62|28|8|和而泰,90|1.15|5110.18|2.69|21|15|宏昌科技,79|-0.28|5095.87|2.89|11|25|春光科技,166|1.81|5188.21|2.76|33|3|宏昌科技,199|-1.29|5121.15|2.69|8|28|天银机电,232|-2.31|5002.63|2.28|3|33|宏昌科技,405|0.40|5022.68|1.99|22|14|天银机电,142|4.41|5244.04|3.33|35|1|金海高科,96|-0.45|5220.47|3.65|12|24|海立股份,173|1.09|5277.5|3.61|30|6|康盛股份,176|0.40|5298.71|3.24|16|18|康盛股份,233|0.69|5335.08|4.64|28|8|华翔股份,207|-0.34|5317.17|4.43|10|26|宏昌科技,163|1.69|5406.9|4.05|33|3|联合精密,85|1.28|5475.88|4.30|21|15|康盛股份,155|1.11|5536.65|3.55|23|13|康盛股份,292|-0.41|5514.12|5.57|13|23|联合精密,194|0.43|5537.91|4.80|19|17|康盛股份,313|-1.34|5463.95|5.77|7|29|天银机电
BK1243|其他家电Ⅱ,,,,,,,,,,,,,,,,,,,,,,,,,,,,,,,,,,,,,,,,,,,,,,,,,,,,,,,,,,,,,,,,,,,,,,,174|1.85|1510.94|3.91|3|0|融捷健康,337|0.47|1518.03|2.94|2|1|荣泰健康,384|-0.89|1504.49|2.32|1|2|融捷健康,432|-0.28|1500.3|2.39|2|1|荣泰健康,484|-4.50|1432.83|4.17|0|3|融捷健康,318|-3.48|1383.02|3.67|0|3|奥佳华,312|-0.97|1369.56|2.36|1|2|融捷健康,175|1.30|1387.34|1.94|3|0|奥佳华,242|1.50|1408.11|2.22|3|0|融捷健康,370|-1.49|1387.09|2.25|0|3|奥佳华,208|1.61|1409.45|1.52|3|0|荣泰健康,398|-0.74|1399.08|1.73|0|3|奥佳华,325|-1.08|1383.96|1.64|0|3|奥佳华,138|-0.06|1383.18|1.93|1|2|荣泰健康,180|0.45|1389.36|1.60|3|0|融捷健康,248|-1.56|1367.75|1.68|0|3|荣泰健康,84|1.68|1390.74|1.54|3|0|融捷健康,376|-3.11|1347.53|1.86|0|3|荣泰健康,457|-3.61|1298.82|2.17|0|3|融捷健康,358|-5.82|1223.25|2.92|0|3|荣泰健康,37|4.80|1282|2.65|3|0|融捷健康,456|0.50|1288.44|1.72|2|1|奥佳华,149|-0.94|1276.3|1.85|1|2|融捷健康,201|1.36|1293.61|1.36|3|0|荣泰健康,139|0.77|1303.59|1.59|3|0|融捷健康,105|-0.55|1296.41|1.75|0|3|融捷健康,147|1.90|1321.01|1.87|3|0|荣泰健康,219|-1.41|1302.44|1.38|0|3|融捷健康,327|-2.80|1265.91|1.82|0|3|荣泰健康,191|1.47|1284.56|1.41|3|0|奥佳华,269|3.22|1325.88|1.76|3|0|融捷健康,437|-2.37|1294.47|1.48|0|3|融捷健康,151|1.17|1309.67|1.48|3|0|奥佳华,435|-0.94|1297.39|1.24|0|3|荣泰健康,299|0.42|1302.89|1.37|2|0|融捷健康,270|-0.55|1295.75|1.50|0|3|荣泰健康,329|0.96|1308.2|1.34|3|0|荣泰健康,457|-1.44|1289.35|1.72|0|3|融捷健康,360|0.25|1292.63|1.38|2|1|奥佳华,388|-0.85|1281.64|1.34|0|3|荣泰健康,459|-1.14|1267.05|2.10|0|3|荣泰健康,217|-0.78|1257.21|2.03|1|2|荣泰健康
BK1244|小家电,,,,,,,,,,,,,,,,,,,,,,,,,,,,,,,,,,,,,,,,,,,,,,,,,,,,,,,,,,,,,,,,,,,,,,,236|1.39|2612.26|0.96|20|3|利仁科技,412|0.15|2616.05|1.04|9|13|ST德豪,368|-0.82|2594.69|1.16|4|18|开能健康,393|-0.03|2593.96|0.96|9|14|倍益康,415|-3.18|2511.56|1.54|1|22|莱克电气,243|-2.84|2440.26|1.23|1|22|新宝股份,252|-0.73|2422.56|1.04|6|16|利仁科技,101|1.74|2464.74|0.89|20|3|倍益康,193|1.77|2508.25|0.97|21|1|彩虹集团,279|-1.09|2480.82|1.13|3|19|倍益康,244|1.47|2517.33|0.87|19|3|富佳股份,280|-0.29|2510.1|0.84|8|15|倍益康,168|-0.32|2502.05|0.84|7|16|小熊电器,36|0.93|2525.42|1.08|16|5|倍益康,340|-0.37|2516.04|1.01|9|13|富佳股份,184|-1.17|2486.63|1.06|5|18|九阳股份,222|0.69|2503.91|1.49|13|10|开能健康,194|-2.25|2447.55|1.23|0|23|苏 泊 尔,109|-1.36|2414.37|1.16|3|20|倍轻松,205|-5.06|2292.25|1.55|1|22|倍轻松,264|3.14|2364.19|1.33|22|1|开能健康,256|1.86|2408.18|1.10|20|3|倍轻松,27|0.47|2419.59|1.65|7|15|德昌股份,436|0.19|2424.22|1.56|13|9|倍轻松,425|-0.64|2408.76|1.21|9|11|彩虹集团,252|-1.25|2378.62|1.05|1|17|鸿智科技,99|2.16|2430.05|1.37|20|1|彩虹集团,268|-1.62|2390.68|1.29|4|19|鸿智科技,256|-2.45|2332.17|1.11|1|22|苏 泊 尔,374|0.62|2346.61|0.87|15|7|利仁科技,311|2.87|2414.06|1.16|22|1|倍益康,351|-1.87|2368.94|1.04|3|20|富佳股份,226|0.88|2389.74|1.14|19|4|新宝股份,331|-0.34|2381.65|1.04|7|15|彩虹集团,176|0.94|2404|1.44|18|3|开能健康,95|0.32|2411.58|1.44|9|14|新宝股份,399|0.62|2426.59|2.00|17|5|彩虹集团,251|-0.07|2424.9|1.65|7|16|鸿智科技,74|1.82|2469.15|1.85|17|5|彩虹集团,290|-0.40|2459.24|1.96|6|17|莱克电气,205|0.39|2468.89|1.71|15|8|彩虹集团,72|0.39|2478.64|2.52|10|12|九阳股份
BK1245|照明设备Ⅱ,,,,,,,,,,,,,,,,,,,,,,,,,,,,,,,,,,,,,,,,,,,,,,,,,,,,,,,,,,,,,,,,,,,,,,,222|1.50|2737.81|2.05|11|4|民爆光电,332|0.48|2750.97|1.84|10|4|民爆光电,121|0.69|2769.94|2.06|9|6|小崧股份,279|0.41|2781.23|1.99|5|10|民爆光电,132|-0.73|2761.05|2.52|3|12|民爆光电,140|-1.81|2711.19|2.83|3|12|民爆光电,115|0.06|2712.93|1.90|8|7|民爆光电,10|4.05|2822.83|4.82|14|1|恒太照明,368|0.83|2846.18|3.77|7|7|联域股份,208|-0.75|2824.86|2.90|4|10|小崧股份,237|1.50|2867.16|2.28|13|2|勤上股份,149|0.33|2876.51|3.01|6|8|勤上股份,315|-1.04|2846.65|3.17|3|12|勤上股份,215|-0.46|2833.42|2.70|4|11|立达信,54|1.47|2875.2|2.60|10|5|海洋王,397|-2.60|2800.47|2.87|1|14|勤上股份,149|1.13|2832.09|2.11|11|3|勤上股份,395|-3.25|2740.08|2.96|0|15|粤照明Ｂ,135|-1.58|2696.66|2.90|1|13|格利尔,326|-5.68|2543.6|3.38|2|13|勤上股份,307|2.97|2619.14|2.32|13|2|民爆光电,135|2.42|2682.46|1.98|12|3|格利尔,163|-0.99|2655.87|1.95|2|11|欧普照明,234|1.23|2688.54|2.56|10|4|立达信,367|-0.25|2681.92|2.12|6|9|得邦照明,287|-1.44|2643.25|1.78|1|12|立达信,184|1.73|2689.09|1.64|15|0|联域股份,146|-0.86|2665.93|1.61|2|12|立达信,122|-1.59|2623.66|1.35|3|12|民爆光电,117|2.05|2677.52|1.41|13|1|民爆光电,139|4.47|2797.27|1.76|15|0|民爆光电,154|-0.78|2775.51|1.56|2|10|民爆光电,241|0.82|2798.35|1.58|10|4|民爆光电,246|0.08|2800.72|2.26|5|9|勤上股份,151|1.06|2830.41|2.41|10|5|民爆光电,41|1.18|2863.76|1.93|6|9|立达信,284|1.15|2896.76|1.78|14|1|立达信,101|1.06|2927.35|1.92|8|4|小崧股份,407|0.01|2927.61|1.98|7|7|*ST星光,132|0.24|2934.6|2.43|4|10|阳光照明,64|1.33|2973.72|3.34|8|6|立达信,315|-1.34|2933.8|2.33|1|13|立达信
BK1246|房屋建设Ⅱ,,,,,,,,,,,,,,,,,,,,,,,,,,,,,,,,,,,,,,,,,,,,,,,,,,,,,,,,,,,,,,,,,,,,,,,418|-0.01|2305.01|0.82|5|2|龙元建设,350|0.42|2314.79|1.85|4|2|上海建工,160|0.35|2322.89|0.94|3|4|龙元建设,71|2.12|2372.1|1.06|8|0|高新发展,186|-1.46|2337.55|1.40|1|6|陕建股份,194|-2.48|2279.59|1.56|1|6|陕建股份,398|-1.36|2248.63|1.37|1|7|高新发展,215|1.11|2273.54|0.98|7|1|龙元建设,51|2.93|2340.24|1.23|8|0|宁波建工,45|1.23|2369.14|1.14|3|3|宁波建工,165|1.89|2413.84|1.08|7|0|宁波建工,26|2.30|2469.24|2.68|7|1|宁波建工,163|-0.30|2461.86|2.33|4|4|宁波建工,376|-1.32|2429.28|2.22|4|4|重庆建工,435|-1.50|2392.85|1.68|1|7|高新发展,150|-0.96|2369.8|1.47|3|3|龙元建设,348|-0.25|2363.83|1.45|2|6|宁波建工,77|-1.29|2333.4|1.27|1|7|宁波建工,424|-3.29|2256.71|1.29|0|8|中国建筑,230|-5.21|2139.04|1.77|0|8|中国建筑,173|3.63|2216.74|1.09|8|0|龙元建设,25|3.69|2298.58|1.28|8|0|浙江建投,441|-2.55|2239.89|0.90|0|8|中国建筑,454|-0.06|2238.58|0.77|3|4|高新发展,109|1.04|2261.96|0.89|5|1|高新发展,49|0.10|2264.14|1.02|3|4|浙江建投,384|0.60|2277.62|1.09|4|3|宁波建工,320|-1.85|2235.46|0.90|1|7|中国建筑,225|-2.29|2184.27|0.68|0|8|中国建筑,230|1.33|2213.38|0.59|7|1|龙元建设,220|3.69|2295.15|1.15|8|0|高新发展,201|-1.07|2270.67|0.78|2|6|高新发展,419|-0.01|2270.46|0.63|3|3|高新发展,362|-0.47|2259.75|0.64|1|5|宁波建工,444|-0.47|2249.09|0.71|7|1|高新发展,404|-1.21|2221.93|0.81|2|4|高新发展,388|0.67|2236.91|0.73|5|1|宁波建工,373|-0.75|2220.06|1.03|2|6|高新发展,493|-1.26|2191.99|1.06|0|8|宁波建工,417|-1.07|2168.5|1.06|3|5|浙江建投,211|0.37|2176.6|0.84|3|3|宁波建工,80|0.29|2182.99|0.89|3|4|高新发展
BK1247|基础建设,,,,,,,,,,,,,,,,,,,,,,,,,,,,,,,,,,,,,,,,,,,,,,,,,,,,,,,,,,,,,,,,,,,,,,,122|2.31|2495.8|2.06|45|4|誉帆科技,195|1.03|2521.43|2.71|37|11|誉帆科技,122|0.69|2538.74|1.74|26|20|美丽生态,160|1.00|2564.17|1.95|32|13|成都路桥,202|-1.61|2522.84|2.25|11|35|汇绿生态,249|-2.88|2450.23|2.11|2|46|汇绿生态,106|0.14|2453.78|1.73|19|27|誉帆科技,203|1.17|2482.61|2.18|35|13|汇绿生态,72|2.66|2548.61|2.94|44|3|诚邦股份,182|-0.65|2531.97|3.80|11|36|汇绿生态,193|1.71|2575.36|3.71|41|4|汇绿生态,125|0.55|2589.63|3.32|23|23|中国能建,184|-0.44|2578.31|5.51|17|28|中国能建,58|0.57|2592.9|5.49|28|19|美丽生态,410|-1.10|2564.37|4.99|12|34|园林股份,258|-1.60|2523.45|3.30|6|42|节能铁汉,230|0.61|2538.77|3.05|21|27|诚邦股份,188|-2.21|2482.63|2.46|2|46|诚邦股份,206|-2.07|2431.26|2.72|6|42|汇绿生态,169|-4.90|2312.22|2.99|3|45|农尚环境,141|3.88|2401.84|2.50|47|1|普邦股份,129|2.44|2460.39|2.87|45|3|新疆交建,414|-2.26|2404.7|2.13|4|43|成都路桥,430|0.31|2412.23|1.52|30|17|园林股份,113|1.02|2436.89|1.90|34|11|安徽建工,153|-0.83|2416.57|2.03|11|34|安徽建工,414|0.32|2424.36|2.02|29|17|北新路桥,294|-1.74|2382.09|1.67|6|41|美丽生态,341|-2.86|2313.95|1.60|4|44|园林股份,192|1.47|2347.91|1.29|35|10|棕榈股份,202|3.83|2437.85|1.78|47|1|普邦股份,395|-2.11|2386.36|1.34|3|44|ST围海,278|0.70|2403.06|1.40|30|12|蒙草生态,273|-0.05|2401.83|1.30|19|27|美丽生态,193|0.84|2421.95|1.27|35|11|园林股份,273|-0.56|2408.38|1.39|16|29|交建股份,135|1.79|2451.5|1.55|34|8|宏润建设,190|0.28|2458.39|1.65|20|25|成都路桥,320|0.39|2467.96|1.73|25|19|农尚环境,153|0.15|2471.59|1.98|18|26|交建股份,347|-0.29|2464.3|1.53|16|27|汇绿生态,188|-0.63|2448.8|1.68|12|32|杭州园林
BK1248|专业工程,,,,,,,,,,,,,,,,,,,,,,,,,,,,,,,,,,,,,,,,,,,,,,,,,,,,,,,,,,,,,,,,,,,,,,,110|2.48|4401.79|3.70|33|8|百利科技,125|1.68|4475.53|4.46|28|10|再升科技,106|0.78|4510.22|4.00|21|20|圣晖集成,145|1.11|4560.28|3.85|31|8|华电科工,193|-1.53|4490.35|3.56|9|31|罗曼股份,346|-3.73|4323.03|3.51|5|36|东南网架,63|0.67|4352.1|2.78|20|19|宏盛华源,302|0.69|4382.32|2.72|31|10|华电科工,350|0.93|4423.24|2.58|30|11|鸿路钢构,141|-0.30|4409.92|2.91|14|26|宏盛华源,261|1.38|4470.93|2.92|32|9|再升科技,242|-0.15|4464.03|3.20|15|25|中国化学,216|-0.61|4436.78|3.16|14|26|森特股份,100|0.21|4445.9|3.88|22|17|亚翔集成,369|-0.60|4419.4|3.82|13|27|亚翔集成,140|-0.92|4378.74|2.62|8|33|雅博股份,221|0.70|4409.56|2.47|20|21|雅博股份,336|-2.85|4283.85|3.53|4|37|深桑达Ａ,167|-1.78|4207.72|3.03|8|33|柏诚股份,171|-4.90|4001.63|3.13|1|40|北方国际,64|4.47|4180.6|2.43|40|1|雅博股份,62|2.91|4302.06|3.20|39|2|再升科技,277|-1.55|4235.41|2.92|6|35|再升科技,431|0.30|4248.05|2.39|26|13|*ST天龙,174|0.59|4273.25|2.53|23|16|中铝国际,321|-1.62|4203.98|2.91|7|31|中化岩土,220|1.55|4269.16|3.45|33|7|柏诚股份,289|-1.73|4195.41|2.87|10|30|中工国际,323|-2.78|4078.8|2.57|4|36|志特新材,143|1.81|4152.72|2.49|30|10|镇海股份,97|5.10|4364.4|2.97|39|1|中工国际,173|-0.91|4324.5|2.66|10|30|柏诚股份,439|-0.21|4315.38|2.35|22|17|亚翔集成,400|-0.65|4287.26|2.59|16|23|圣晖集成,159|1.02|4330.97|2.91|26|14|利柏特,135|0.06|4333.77|2.81|16|22|罗曼股份,220|1.43|4395.6|2.65|30|8|镇海股份,327|-0.43|4376.5|2.38|12|28|百甲科技,404|0.02|4377.46|2.34|20|18|再升科技,321|-0.55|4353.58|2.57|13|25|上海港湾,450|-1.04|4308.44|2.25|11|29|镇海股份,382|-1.79|4231.13|2.39|5|34|精工钢构
BK1249|焦炭Ⅱ,,,,,,,,,,,,,,,,,,,,,,,,,,,,,,,,,,,,,,,,,,,,,,,,,,,,,,,,,,,,,,,,,,,,,,,13|6.81|981.6|4.23|7|0|陕西黑猫,138|1.49|996.22|4.98|7|0|山西焦化,469|-1.89|977.41|3.04|0|7|美锦能源,15|3.82|1014.71|4.71|7|0|山西焦化,74|0.65|1021.33|5.94|4|3|陕西黑猫,12|6.15|1084.14|10.77|7|0|陕西黑猫,495|-6.33|1015.54|7.28|0|7|开滦股份,448|-0.96|1005.77|6.09|2|5|美锦能源,454|-0.70|998.69|4.27|2|4|云煤能源,34|1.49|1013.6|6.94|6|1|开滦股份,489|-3.30|980.2|4.97|0|7|云煤能源,71|1.17|991.62|4.36|5|2|山西焦化,6|4.34|1034.67|7.42|7|0|陕西黑猫,23|1.40|1049.19|7.86|4|3|安泰集团,487|-3.65|1010.85|6.29|0|7|美锦能源,19|1.27|1023.69|6.40|3|4|安泰集团,489|-2.89|994.14|5.45|0|7|安泰集团,13|1.89|1012.89|6.02|3|4|陕西黑猫,211|-2.08|991.83|6.48|1|6|陕西黑猫,6|2.89|1020.5|7.59|6|1|云煤能源,471|0.77|1028.36|6.22|4|2|美锦能源,484|-0.18|1026.48|5.78|4|3|宝泰隆,86|-0.46|1021.74|5.77|3|4|宝泰隆,478|-0.66|1014.95|4.42|2|5|山西焦化,465|-1.54|999.35|4.89|2|5|陕西黑猫,496|-6.63|933.06|4.93|0|7|美锦能源,490|-2.16|912.95|3.23|2|5|美锦能源,50|0.46|917.15|2.70|4|1|云煤能源,494|-6.43|858.15|3.09|0|7|开滦股份,48|3.31|886.53|2.54|7|0|陕西黑猫,475|0.06|887.09|2.77|4|3|安泰集团,252|-1.30|875.54|1.96|0|5|山西焦化,474|-0.65|869.88|1.70|2|5|美锦能源,72|1.07|879.2|1.99|7|0|云煤能源,480|-1.48|866.23|1.83|0|7|美锦能源,359|-0.97|857.84|1.92|1|6|美锦能源,414|0.52|862.29|1.44|6|1|安泰集团,486|-2.28|842.59|1.78|0|7|开滦股份,189|0.93|850.45|1.61|6|0|陕西黑猫,143|0.21|852.25|1.88|4|3|陕西黑猫,294|-0.04|851.86|1.60|2|5|云煤能源,35|1.29|862.84|2.22|5|2|云煤能源
BK1250|煤炭开采,,,,,,,,,,,,,,,,,,,,,,,,,,,,,,,,,,,,,,,,,,,,,,,,,,,,,,,,,,,,,,,,,,,,,,,91|2.76|1718.76|1.73|28|0|山煤国际,355|0.40|1725.57|2.06|19|9|新大洲A,327|-0.65|1714.34|1.62|5|22|物产环能,30|3.11|1767.58|4.10|28|0|永泰能源,40|2.24|1807.14|4.85|24|4|中煤能源,25|1.93|1841.95|4.41|22|6|大有能源,359|-1.18|1820.18|2.98|6|19|晋控煤业,429|-0.54|1810.42|2.46|6|21|兖矿能源,461|-0.81|1795.8|1.10|4|22|辽宁能源,12|2.35|1837.93|2.64|26|0|兰花科创,482|-2.74|1787.58|1.71|1|26|新大洲A,37|1.96|1822.55|1.47|24|3|中煤能源,13|4.02|1895.81|2.11|26|1|郑州煤电,224|-0.48|1886.73|1.70|6|21|郑州煤电,466|-2.43|1840.93|1.56|0|27|伊泰Ｂ股,307|-1.97|1804.68|1.29|2|25|苏能股份,425|-0.78|1790.66|1.25|7|20|辽宁能源,19|0.75|1804.02|1.47|16|9|大有能源,34|-0.10|1802.26|1.46|12|15|郑州煤电,12|0.77|1816.19|2.38|14|12|辽宁能源,468|0.79|1830.53|1.70|17|10|辽宁能源,476|0.07|1831.73|2.01|13|13|辽宁能源,30|0.37|1838.57|1.83|14|11|辽宁能源,471|-0.57|1828.18|1.36|9|17|伊泰Ｂ股,383|-0.33|1822.17|1.52|11|15|电投能源,489|-4.41|1741.87|1.76|0|26|晋控煤业,442|-0.11|1740.04|1.35|10|14|甘肃能化,44|0.54|1749.47|0.94|16|8|中煤能源,393|-3.18|1693.79|0.87|1|24|伊泰Ｂ股,80|2.53|1736.58|0.86|25|0|中煤能源,488|-1.00|1719.16|1.21|8|17|新大洲A,134|-0.67|1707.56|0.75|8|17|恒源煤电,373|0.24|1711.64|0.73|14|11|晋控煤业,105|0.80|1725.37|0.83|19|5|辽宁能源,465|-0.82|1711.22|0.71|7|17|伊泰Ｂ股,167|-0.16|1708.42|0.73|12|12|电投能源,325|0.99|1725.4|0.66|19|6|新大洲A,418|-1.13|1705.88|0.92|4|22|新大洲A,373|0.21|1709.4|0.95|13|13|新大洲A,9|2.27|1748.12|1.19|26|0|甘肃能化,238|0.20|1751.64|0.96|14|12|伊泰Ｂ股,10|2.41|1793.94|1.30|22|4|昊华能源
BK1251|个护用品,,,,,,,,,,,,,,,,,,,,,,,,,,,,,,,,,,,,,,,,,,,,,,,,,,,,,,,,,,,,,,,,,,,,,,,271|1.18|782.4|2.02|11|2|延江股份,77|2.22|799.75|3.52|10|3|延江股份,253|-0.25|797.79|3.07|4|9|延江股份,419|-0.20|796.2|2.59|7|6|中顺洁柔,325|-2.54|775.95|3.47|1|12|延江股份,80|-0.90|768.99|3.37|2|11|延江股份,426|-1.66|756.22|2.44|1|12|登康口腔,416|-0.23|754.47|2.72|6|7|延江股份,82|2.56|773.82|2.50|12|1|延江股份,443|-2.25|756.41|2.52|0|13|诺邦股份,79|2.58|775.94|2.34|13|0|延江股份,357|-0.57|771.5|2.07|5|8|百亚股份,428|-1.58|759.33|1.86|0|13|豪悦护理,118|0.09|760.02|1.93|7|5|稳健医疗,136|0.70|765.32|2.54|9|4|两面针,106|-0.70|760|2.02|3|9|登康口腔,220|0.71|765.36|1.80|6|7|延江股份,317|-2.78|744.09|1.74|0|13|倍加洁,256|-2.33|726.77|1.98|1|12|百亚股份,435|-6.21|681.66|2.82|0|13|登康口腔,92|4.22|710.42|2.10|13|0|两面针,49|3.08|732.29|1.66|12|1|延江股份,290|-1.60|720.58|2.78|3|10|两面针,96|2.04|735.27|2.79|11|2|倍加洁,426|-0.64|730.56|1.36|6|6|洁雅股份,183|-0.97|723.46|1.37|1|11|润本股份,26|3.65|749.88|2.04|13|0|两面针,151|-0.92|743.01|5.18|3|10|延江股份,132|-1.67|730.58|3.56|3|10|延江股份,392|0.50|734.2|3.37|6|5|诺邦股份,326|2.75|754.39|3.28|12|1|润本股份,475|-2.95|732.17|3.01|0|13|诺邦股份,389|0.15|733.3|2.96|9|4|依依股份,454|-1.21|724.43|2.43|1|12|登康口腔,418|-0.27|722.45|2.39|7|6|倍加洁,55|0.83|728.45|2.62|10|3|稳健医疗,249|1.33|738.17|2.84|11|2|中顺洁柔,467|-1.53|726.84|2.31|1|12|豪悦护理,73|1.83|740.15|2.25|11|2|百亚股份,69|0.93|747.03|2.35|9|4|百亚股份,416|-0.74|741.49|2.21|5|8|登康口腔,268|-0.98|734.2|2.41|4|9|润本股份
BK1252|化妆品,,,,,,,,,,,,,,,,,,,,,,,,,,,,,,,,,,,,,,,,,,,,,,,,,,,,,,,,,,,,,,,,,,,,,,,402|0.18|2420.29|2.04|10|5|青松股份,187|1.06|2445.9|1.95|13|2|上海家化,391|-0.94|2422.85|1.59|2|13|锦盛新材,189|0.86|2443.64|1.74|10|5|青松股份,443|-3.47|2358.81|2.26|0|15|水羊股份,228|-2.72|2294.58|1.99|1|14|嘉亨家化,197|-0.51|2282.97|1.56|2|12|锦盛新材,340|0.39|2291.92|1.33|8|7|华业香料,352|0.92|2313.05|1.20|11|3|华业香料,396|-1.70|2273.81|1.81|2|13|锦盛新材,170|1.87|2316.22|1.28|15|0|嘉亨家化,243|-0.16|2312.58|1.27|5|10|嘉亨家化,379|-1.32|2282|1.27|2|13|上海家化,91|0.25|2287.78|1.24|8|5|上海家化,123|0.76|2305.28|1.28|11|4|上海家化,221|-1.43|2272.3|1.43|0|15|珀莱雅,244|0.46|2282.64|1.30|8|7|青松股份,111|-1.77|2242.27|1.46|1|14|科思股份,185|-1.95|2198.57|1.40|1|14|上海家化,465|-6.59|2053.67|2.05|0|15|水羊股份,238|3.28|2121.12|1.42|15|0|华业香料,447|0.64|2134.7|1.17|11|4|华业香料,105|-0.62|2121.48|1.12|3|12|嘉亨家化,151|1.66|2156.71|1.28|13|2|贝泰妮,158|0.68|2171.42|1.17|8|7|青松股份,162|-0.86|2152.74|1.14|3|12|嘉亨家化,118|2.06|2197.02|1.39|14|1|上海家化,184|-1.22|2170.13|1.16|2|13|芭薇股份,365|-2.97|2105.61|1.00|0|15|珀莱雅,349|0.73|2121.02|0.96|11|4|华业香料,244|3.46|2194.43|1.32|15|0|力合科创,432|-2.35|2142.81|1.13|0|15|芭薇股份,292|0.64|2156.61|0.94|11|4|丸美生物,264|0.00|2156.56|0.91|5|10|敷尔佳,271|0.53|2168.04|0.99|11|4|锦盛新材,236|-0.44|2158.54|1.00|4|8|嘉亨家化,331|0.95|2178.97|0.93|14|1|华业香料,123|0.78|2196.07|1.61|6|9|水羊股份,98|1.49|2228.85|1.31|11|4|锦盛新材,206|-0.09|2226.88|1.28|9|6|敷尔佳,260|0.11|2229.42|1.41|9|6|芭薇股份,81|0.29|2235.86|1.66|8|6|敷尔佳
BK1253|医疗美容,,,,,,,,,,,,,,,,,,,,,,,,,,,,,,,,,,,,,,,,,,,,,,,,,,,,,,,,,,,,,,,,,,,,,,,406|0.13|1389.31|0.84|2|2|华熙生物,177|1.15|1405.29|0.89|4|0|*ST美谷,422|-1.20|1388.49|0.98|0|4|锦波生物,479|-0.92|1375.67|0.81|1|3|华熙生物,461|-3.93|1321.65|1.15|0|4|*ST美谷,207|-2.54|1288.04|1.02|0|4|爱美客,174|-0.38|1283.15|0.68|2|2|爱美客,326|0.51|1289.73|0.60|2|2|*ST美谷,256|1.43|1308.14|0.65|4|0|华熙生物,393|-1.66|1286.43|0.79|0|4|华熙生物,163|1.89|1310.75|0.82|4|0|*ST美谷,60|1.30|1327.84|0.82|3|1|锦波生物,269|-0.84|1316.71|0.64|1|3|*ST美谷,155|-0.14|1314.83|0.68|2|2|华熙生物,288|-0.12|1313.24|0.50|3|1|华熙生物,118|-0.80|1302.71|0.64|0|4|爱美客,442|-0.93|1290.6|0.67|0|3|华熙生物,219|-2.36|1260.1|0.75|0|4|爱美客,291|-2.44|1229.35|0.82|1|3|锦波生物,453|-6.36|1151.17|1.14|0|4|*ST美谷,419|2.18|1176.27|0.73|4|0|锦波生物,435|0.78|1185.46|0.73|2|2|*ST美谷,397|-2.15|1159.97|0.60|0|4|*ST美谷,50|2.77|1192.11|1.17|4|0|华熙生物,389|-0.38|1187.56|1.45|1|3|*ST美谷,115|-0.62|1180.24|1.98|1|3|*ST美谷,16|4.19|1229.68|1.51|3|1|锦波生物,79|-0.16|1227.74|1.19|1|3|锦波生物,103|-1.48|1209.62|1.00|1|3|*ST美谷,428|0.21|1212.16|0.82|2|2|华熙生物,428|1.51|1230.52|0.84|3|1|爱美客,359|-1.93|1206.79|0.62|0|4|*ST美谷,244|0.81|1216.58|0.74|4|0|爱美客,391|-0.59|1209.39|0.87|1|3|锦波生物,129|1.24|1224.34|0.93|4|0|爱美客,27|1.40|1241.42|0.95|2|2|锦波生物,456|0.05|1242.02|0.94|2|2|*ST美谷,169|0.41|1247.14|0.66|2|2|锦波生物,349|0.28|1250.66|1.01|2|2|*ST美谷,377|-0.81|1240.55|0.77|1|3|锦波生物,200|0.42|1245.71|0.72|2|1|锦波生物,28|1.64|1266.12|1.04|3|1|锦波生物
BK1254|动物保健Ⅱ,,,,,,,,,,,,,,,,,,,,,,,,,,,,,,,,,,,,,,,,,,,,,,,,,,,,,,,,,,,,,,,,,,,,,,,179|1.83|5223.05|1.71|13|0|申联生物,189|1.04|5277.6|1.95|12|1|中牧股份,109|0.74|5316.9|2.09|4|8|贤丰控股,285|0.39|5337.86|3.79|9|4|*ST绿康,354|-2.65|5196.64|3.09|1|12|*ST绿康,198|-2.50|5066.96|2.79|3|10|大禹生物,203|-0.53|5040.2|2.55|4|9|中牧股份,361|0.28|5054.1|2.16|6|6|贤丰控股,107|2.35|5172.75|2.05|12|1|瑞普生物,316|-1.29|5105.94|1.87|0|13|中牧股份,382|0.64|5138.66|1.54|9|2|贤丰控股,374|-0.65|5105.18|1.43|2|11|金河生物,86|0.31|5121.15|2.60|7|6|金河生物,166|-0.19|5111.18|2.05|5|7|贤丰控股,108|0.85|5154.58|2.24|8|4|回盛生物,325|-2.12|5045.22|2.06|0|13|生物股份,191|0.89|5089.99|2.14|10|3|生物股份,450|-3.94|4889.69|2.59|0|13|普莱柯,322|-2.58|4763.44|2.04|0|13|生物股份,424|-6.16|4470.08|2.92|0|13|金河生物,325|2.92|4600.42|1.87|13|0|贤丰控股,401|1.17|4654.08|1.37|12|1|贤丰控股,172|-1.02|4606.67|1.26|2|11|瑞普生物,93|2.09|4703.1|1.45|12|1|申联生物,327|-0.06|4700.21|1.28|6|6|生物股份,209|-1.09|4648.86|1.30|3|10|驱动力,132|2.00|4741.96|1.28|12|1|回盛生物,9|3.17|4892.16|3.30|12|1|大禹生物,452|-3.83|4704.67|2.37|0|13|*ST绿康,13|4.88|4934.07|4.30|12|1|中牧股份,470|0.38|4952.73|4.16|10|3|*ST绿康,409|-2.17|4845.44|2.65|2|11|中牧股份,370|0.25|4857.79|2.67|9|4|*ST绿康,411|-0.75|4821.51|2.12|3|10|大禹生物,82|1.69|4902.85|2.27|12|1|大禹生物,44|1.13|4958.26|2.44|9|3|回盛生物,478|-0.31|4942.91|1.97|8|5|贤丰控股,193|0.28|4956.62|1.97|6|7|驱动力,419|-0.13|4950.26|1.66|3|9|驱动力,449|-1.26|4887.68|1.39|1|12|瑞普生物,275|0.05|4890.15|1.60|6|6|驱动力,349|-1.60|4811.8|1.58|0|13|金河生物
BK1255|林业Ⅱ,,,,,,,,,,,,,,,,,,,,,,,,,,,,,,,,,,,,,,,,,,,,,,,,,,,,,,,,,,,,,,,,,,,,,,,230|1.44|5572.01|8.96|4|0|平潭发展,163|1.26|5642.43|7.69|4|0|福建金森,305|-0.57|5610.5|11.86|2|2|永安林业,35|2.89|5772.42|20.02|4|0|平潭发展,301|-2.36|5635.96|18.58|1|3|平潭发展,128|-1.68|5541.33|21.04|0|4|平潭发展,31|1.75|5638.43|20.41|3|1|平潭发展,472|-1.84|5534.93|17.67|0|4|永安林业,255|1.43|5614.05|11.43|3|1|福建金森,488|-3.21|5433.59|11.23|1|3|ST景谷,293|1.21|5499.41|8.87|4|0|平潭发展,470|-1.63|5409.95|8.25|0|4|ST景谷,472|-2.11|5295.91|7.72|1|3|ST景谷,220|-0.47|5271.1|7.84|1|3|永安林业,111|0.84|5315.37|6.01|4|0|永安林业,171|-1.08|5258.03|7.58|1|3|永安林业,112|1.46|5334.95|6.13|4|0|ST景谷,140|-1.94|5231.66|5.70|1|3|ST景谷,361|-2.83|5083.54|7.12|0|4|永安林业,55|-2.88|4936.97|11.22|1|3|平潭发展,395|2.47|5059.12|9.08|3|1|永安林业,15|4.14|5268.76|12.05|4|0|平潭发展,395|-2.14|5155.98|12.03|1|3|ST景谷,382|0.69|5191.63|6.66|3|1|永安林业,9|4.08|5403.37|17.41|4|0|平潭发展,11|2.48|5537.56|17.94|2|2|平潭发展,493|-2.46|5401.46|19.71|1|3|ST景谷,43|0.54|5430.78|19.74|2|2|平潭发展,480|-4.56|5183.03|14.49|0|4|ST景谷,103|2.23|5298.71|12.87|3|1|福建金森,399|1.95|5402.21|12.95|4|0|永安林业,454|-2.52|5266.15|9.67|0|4|ST景谷,461|-0.42|5243.89|16.00|2|2|永安林业,159|0.50|5270.01|15.33|3|1|平潭发展,488|-1.77|5176.58|12.61|0|4|ST景谷,363|-0.97|5126.31|10.32|1|3|平潭发展,392|0.65|5159.56|7.47|3|1|福建金森,437|-1.27|5093.78|5.95|0|4|福建金森,70|1.85|5187.91|10.93|4|0|平潭发展,478|-1.69|5100.08|7.33|0|4|永安林业,291|-0.03|5098.8|5.65|1|3|平潭发展,52|0.86|5142.48|6.23|2|2|福建金森
BK1256|农产品加工,,,,,,,,,,,,,,,,,,,,,,,,,,,,,,,,,,,,,,,,,,,,,,,,,,,,,,,,,,,,,,,,,,,,,,,203|1.62|2622.48|1.51|25|1|冠农股份,254|0.76|2642.46|1.71|22|4|冠农股份,210|-0.01|2642.11|1.59|8|19|保龄宝,233|0.63|2658.88|1.76|17|7|*ST佳沃,134|-0.76|2638.59|2.87|9|19|中粮科技,106|-1.33|2603.5|3.56|8|19|广农糖业,128|-0.04|2602.54|3.51|13|14|京粮控股,455|-1.26|2569.74|2.82|6|22|华资实业,115|2.33|2629.5|2.95|26|1|中粮科技,57|0.84|2651.63|5.03|15|12|金龙鱼,442|-0.31|2643.52|3.06|13|12|一致魔芋,334|-0.51|2630.02|2.37|8|17|冠农股份,154|-0.28|2622.67|2.78|12|15|晨光生物,82|0.29|2630.38|3.52|15|11|道道全,256|0.07|2632.23|3.27|14|14|保龄宝,365|-2.36|2570.08|2.50|1|26|深粮控股,349|-0.26|2563.5|2.00|13|15|*ST佳沃,279|-2.64|2495.92|2.16|1|26|华资实业,138|-1.60|2455.91|2.37|7|21|*ST佳沃,175|-4.93|2334.91|2.89|2|26|*ST中基,374|2.63|2396.41|1.99|27|1|祖名股份,198|2.15|2447.97|2.20|25|2|冠农股份,89|-0.48|2436.22|1.99|7|21|华资实业,123|1.83|2480.89|2.24|24|4|冠农股份,70|1.30|2513.24|2.81|20|7|金健米业,354|-1.89|2465.74|2.77|2|24|嘉华股份,439|-0.07|2463.91|1.90|18|8|一致魔芋,112|-0.56|2450.05|1.75|8|19|一致魔芋,405|-3.25|2370.32|2.07|1|26|中粮糖业,145|1.80|2413.07|2.39|23|4|深粮控股,430|1.49|2449.08|2.46|21|6|*ST佳沃,167|-0.88|2427.59|2.12|7|21|嘉华股份,404|0.08|2429.48|1.84|21|7|国投中鲁,241|0.10|2431.98|2.34|16|11|深粮控股,401|-0.13|2428.92|1.78|10|15|安德利,352|-0.96|2405.61|1.69|6|21|一致魔芋,259|1.28|2436.3|1.84|22|5|安德利,205|0.22|2441.54|1.79|12|15|国投中鲁,211|0.85|2462.25|1.91|19|8|深粮控股,310|-0.48|2450.31|2.10|9|15|广农糖业,306|-0.07|2448.53|1.71|12|13|一致魔芋,101|0.00|2448.65|1.97|13|13|深粮控股
BK1257|农业综合Ⅱ,,,,,,,,,,,,,,,,,,,,,,,,,,,,,,,,,,,,,,,,,,,,,,,,,,,,,,,,,,,,,,,,,,,,,,,103|2.56|2837.45|2.51|3|0|辉隆股份,151|1.39|2876.93|3.33|3|0|辉隆股份,126|0.64|2895.35|3.30|2|1|大禹节水,97|1.69|2944.33|5.27|3|0|大禹节水,282|-2.25|2878.05|4.06|1|2|辉隆股份,36|0.59|2895|4.84|1|2|润农节水,50|0.93|2921.86|4.25|2|1|辉隆股份,463|-1.62|2874.41|4.78|0|3|辉隆股份,110|2.34|2941.56|4.56|3|0|辉隆股份,231|-0.89|2915.47|4.60|0|3|辉隆股份,453|-0.78|2892.76|3.28|1|2|润农节水,104|0.80|2916.01|2.97|2|1|辉隆股份,355|-1.23|2880.24|2.78|0|3|辉隆股份,107|0.16|2884.92|3.74|2|1|辉隆股份,244|0.16|2889.47|3.26|2|1|润农节水,424|-2.94|2804.49|3.26|0|3|润农节水,422|-0.77|2782.97|2.32|0|3|大禹节水,414|-3.37|2689.32|2.26|0|3|大禹节水,353|-2.76|2615.12|2.41|0|3|润农节水,458|-6.41|2447.51|3.15|0|3|大禹节水,398|2.47|2507.92|2.15|3|0|大禹节水,211|2.09|2560.43|2.05|3|0|辉隆股份,133|-0.81|2539.64|1.98|1|2|辉隆股份,79|2.28|2597.45|2.14|3|0|辉隆股份,166|0.66|2614.64|1.96|3|0|辉隆股份,344|-1.79|2567.92|2.00|0|3|大禹节水,362|0.71|2586.12|1.36|3|0|润农节水,130|-0.70|2568.12|1.20|0|3|润农节水,471|-4.30|2457.57|1.66|0|3|大禹节水,42|3.45|2542.29|1.79|3|0|辉隆股份,381|2.12|2596.22|2.00|3|0|润农节水,369|-1.98|2544.76|1.20|0|3|辉隆股份,300|0.62|2560.53|1.17|3|0|辉隆股份,367|-0.48|2548.25|1.00|1|2|大禹节水,336|0.24|2554.39|1.15|2|0|辉隆股份,319|-0.82|2533.43|1.18|0|3|润农节水,107|1.95|2582.86|2.34|3|0|辉隆股份,105|1.00|2608.73|1.96|2|1|润农节水,282|0.54|2622.91|1.59|2|1|润农节水,386|-0.84|2600.88|1.71|1|2|大禹节水,98|1.01|2627.15|1.30|2|1|润农节水,267|-0.98|2601.41|1.34|1|2|辉隆股份
BK1258|饲料,,,,,,,,,,,,,,,,,,,,,,,,,,,,,,,,,,,,,,,,,,,,,,,,,,,,,,,,,,,,,,,,,,,,,,,314|0.89|4127.41|1.39|14|3|百洋股份,256|0.75|4158.34|1.85|15|1|傲农生物,280|-0.43|4140.35|1.73|4|12|粤海饲料,157|1.02|4182.65|2.16|13|4|金新农,295|-2.33|4085.05|2.74|1|16|大北农,103|-1.29|4032.18|4.27|5|12|大北农,154|-0.24|4022.7|4.73|7|10|大北农,401|-0.06|4020.12|3.53|8|9|路斯股份,47|3.01|4141.18|3.71|16|1|邦基科技,191|-0.70|4112.36|4.39|5|11|天康生物,333|0.90|4149.35|3.13|13|4|百洋股份,258|-0.23|4139.97|2.64|6|10|海大集团,135|-0.12|4134.81|3.20|8|8|海大集团,124|0.03|4136.21|3.05|6|10|播恩集团,281|-0.08|4132.73|3.58|10|7|傲农生物,383|-2.47|4030.8|2.87|0|17|佩蒂股份,375|-0.47|4011.76|2.44|6|11|天马科技,137|-1.93|3934.37|2.45|2|15|天马科技,349|-2.75|3826.19|2.41|0|17|海大集团,479|-7.03|3557.27|3.90|0|17|乖宝宠物,368|2.67|3652.25|2.40|16|1|百洋股份,370|1.34|3701.12|2.00|16|1|金新农,280|-1.56|3643.45|1.76|1|16|粤海饲料,43|3.00|3752.74|2.11|16|1|粤海饲料,221|0.38|3767.05|2.55|9|7|天马科技,206|-1.09|3726.05|1.94|2|15|天马科技,114|2.07|3803.21|1.49|16|1|中宠股份,46|0.52|3822.84|2.28|10|6|海大集团,371|-3.01|3707.68|1.81|1|16|粤海饲料,142|1.81|3774.93|2.29|14|3|天康生物,384|2.08|3853.37|2.07|16|1|路斯股份,362|-1.94|3778.65|1.97|1|16|天马科技,368|0.26|3788.39|1.63|9|7|佩蒂股份,205|0.27|3798.8|2.08|11|6|粤海饲料,76|1.79|3866.73|3.45|14|3|傲农生物,22|1.47|3923.49|2.99|9|7|中宠股份,448|0.13|3928.45|2.19|8|9|播恩集团,295|-0.28|3917.45|2.11|5|12|乖宝宠物,187|0.94|3954.1|1.96|9|8|播恩集团,306|-0.46|3935.87|1.94|6|9|乖宝宠物,401|-0.65|3910.27|2.07|3|14|天马科技,425|-2.16|3825.97|2.04|2|15|中宠股份
BK1259|养殖业,,,,,,,,,,,,,,,,,,,,,,,,,,,,,,,,,,,,,,,,,,,,,,,,,,,,,,,,,,,,,,,,,,,,,,,281|1.14|4042.62|1.01|17|4|*ST天山,186|1.06|4085.6|1.26|19|2|*ST天山,233|-0.20|4077.53|1.19|9|12|益生股份,101|1.65|4144.79|1.41|20|1|立华股份,166|-1.22|4094.34|1.57|2|18|圣农发展,53|-0.19|4086.42|1.87|7|14|晓鸣股份,84|0.33|4099.73|1.68|13|8|晓鸣股份,464|-1.65|4032.06|1.44|1|21|京基智农,9|4.18|4200.58|2.77|22|0|湘佳股份,126|-0.20|4192.26|2.59|9|13|京基智农,409|0.40|4209.05|1.65|17|5|京基智农,109|0.79|4242.29|1.59|16|5|*ST天山,50|0.98|4283.71|2.71|17|5|天邦食品,307|-0.98|4241.65|2.00|2|20|*ST天山,176|0.45|4260.77|1.81|15|6|益生股份,235|-1.50|4196.76|1.84|2|20|牧原股份,370|-0.43|4178.82|1.44|3|19|京基智农,81|-1.35|4122.38|1.46|3|19|神农集团,181|-1.90|4043.88|1.67|3|18|牧原股份,408|-6.04|3799.69|2.54|1|21|*ST天山,446|1.75|3866.34|1.61|18|4|福成股份,422|0.93|3902.38|1.23|17|4|福成股份,108|-0.65|3876.9|1.14|5|17|立华股份,128|1.76|3945.14|1.22|20|2|圣农发展,84|1.18|3991.62|1.32|14|7|京基智农,384|-2.26|3901.57|1.33|1|21|京基智农,446|-0.16|3895.5|1.08|13|6|仙坛股份,26|1.31|3946.64|1.69|17|3|巨星农牧,434|-3.53|3807.23|1.35|1|21|*ST天山,81|2.50|3902.51|1.55|20|2|巨星农牧,443|1.28|3952.27|1.52|20|1|京基智农,284|-1.51|3892.47|1.08|3|19|*ST天山,452|-0.35|3878.81|1.06|8|12|晓鸣股份,12|3.28|4005.88|2.04|22|0|华英农业,20|2.98|4125.3|4.22|22|0|天邦食品,59|0.82|4158.95|4.53|13|9|天邦食品,488|-0.73|4128.45|3.62|8|13|益生股份,443|-1.36|4072.4|3.01|1|21|天邦食品,352|0.27|4083.54|2.81|15|5|罗 牛 山,99|0.55|4105.96|2.27|11|11|湘佳股份,389|-0.55|4083.44|3.38|4|17|天邦食品,339|-1.52|4021.38|2.66|5|16|*ST天山
BK1260|渔业,,,,,,,,,,,,,,,,,,,,,,,,,,,,,,,,,,,,,,,,,,,,,,,,,,,,,,,,,,,,,,,,,,,,,,,307|0.97|1249.65|6.26|4|3|大湖股份,361|0.38|1254.39|5.53|4|3|国联水产,470|-1.91|1230.43|4.82|1|6|中  鲁Ｂ,323|0.24|1233.38|3.83|4|2|开创国际,373|-2.76|1199.33|5.31|0|6|中  鲁Ｂ,78|-0.89|1188.66|5.50|1|6|中水渔业,45|1.13|1202.11|5.90|4|3|中水渔业,458|-1.38|1185.58|4.57|1|5|好当家,271|1.37|1201.83|4.61|5|1|獐子岛,260|-1.02|1189.63|3.92|1|6|国联水产,402|0.43|1194.72|3.35|2|3|大湖股份,371|-0.62|1187.32|2.91|1|6|好当家,341|-1.14|1173.76|3.41|2|5|好当家,183|-0.25|1170.78|3.66|3|3|中水渔业,3|3.83|1215.66|9.95|7|0|中水渔业,458|-3.45|1173.69|6.71|0|7|中  鲁Ｂ,468|-1.41|1157.17|5.31|1|6|大湖股份,210|-2.32|1130.33|3.79|0|7|中  鲁Ｂ,345|-2.73|1099.44|3.85|0|7|中  鲁Ｂ,426|-6.17|1031.65|4.19|0|7|中  鲁Ｂ,48|4.68|1079.96|3.73|7|0|獐子岛,213|2.09|1102.55|2.96|7|0|好当家,29|0.42|1107.14|3.27|2|4|大湖股份,208|1.33|1121.84|3.04|5|1|开创国际,281|0.12|1123.22|2.79|3|3|獐子岛,303|-1.52|1106.1|2.55|0|6|中  鲁Ｂ,247|1.40|1121.6|2.34|5|2|大湖股份,122|-0.62|1114.62|2.16|1|4|中水渔业,439|-3.57|1074.84|2.56|0|7|大湖股份,57|2.99|1106.94|2.73|6|1|獐子岛,397|1.98|1128.83|2.74|7|0|开创国际,398|-2.12|1104.85|2.45|0|7|中  鲁Ｂ,447|-0.33|1101.25|2.35|5|2|开创国际,173|0.41|1105.72|1.83|5|1|中  鲁Ｂ,388|-0.04|1105.3|2.27|4|3|好当家,379|-1.05|1093.67|2.14|1|6|獐子岛,425|0.44|1098.53|2.18|5|2|獐子岛,410|-1.03|1087.21|2.25|0|7|大湖股份,144|1.15|1099.75|1.89|7|0|獐子岛,286|-0.40|1095.4|2.87|2|3|国联水产,469|-1.22|1082.02|2.26|1|6|中  鲁Ｂ,193|-0.67|1074.8|2.01|1|5|獐子岛
BK1261|种植业,,,,,,,,,,,,,,,,,,,,,,,,,,,,,,,,,,,,,,,,,,,,,,,,,,,,,,,,,,,,,,,,,,,,,,,82|2.88|2814.82|4.21|20|1|海南橡胶,71|2.28|2879|4.97|21|0|宏辉果蔬,194|0.09|2881.58|4.09|8|13|新赛股份,104|1.61|2927.99|5.04|19|2|亚盛集团,39|2.31|2995.75|5.95|17|4|亚盛集团,29|1.05|3027.1|10.09|12|9|亚盛集团,6|3.86|3143.81|10.72|17|4|亚盛集团,493|-5.65|2966.17|10.27|1|19|宏辉果蔬,27|3.55|3071.44|9.06|21|0|亚盛集团,150|-0.44|3057.84|9.34|8|13|海南橡胶,419|0.28|3066.44|6.98|7|12|亚盛集团,45|1.64|3116.59|5.68|15|6|亚盛集团,142|-0.18|3110.84|6.69|5|16|海南橡胶,406|-1.67|3058.99|6.11|4|17|神农种业,12|3.06|3152.45|8.13|18|3|农发种业,461|-3.53|3041.17|6.54|0|21|康农种业,480|-1.73|2988.58|4.84|5|16|众兴菌业,218|-2.36|2918.06|4.23|1|20|苏垦农发,386|-2.98|2831|3.81|1|19|众兴菌业,335|-5.72|2669.06|4.60|1|20|海南橡胶,420|2.16|2726.68|3.40|18|3|华绿生物,257|1.86|2777.37|3.53|19|2|农发种业,259|-1.42|2737.96|3.15|4|17|苏垦农发,125|1.81|2787.59|3.59|20|1|敦煌种业,14|3.47|2884.29|5.67|19|2|新农开发,485|-4.20|2763.15|4.87|0|21|博闻科技,318|1.00|2790.77|3.02|10|11|华绿生物,75|-0.14|2786.9|2.88|8|13|华绿生物,419|-3.36|2693.33|3.16|1|20|华绿生物,74|2.60|2763.41|3.09|18|3|博闻科技,436|1.44|2803.2|2.99|16|5|众兴菌业,90|-0.41|2791.7|2.61|7|13|农发种业,457|-0.39|2780.71|2.40|6|14|新赛股份,312|-0.26|2773.59|2.37|7|13|新赛股份,226|0.73|2793.87|2.25|11|7|华绿生物,265|-0.53|2778.99|2.11|6|15|众兴菌业,266|1.23|2813.06|2.51|17|4|新赛股份,272|-0.19|2807.7|2.10|6|15|华绿生物,94|1.56|2851.46|2.34|20|0|宏辉果蔬,365|-0.76|2829.74|2.49|6|15|宏辉果蔬,375|-0.46|2816.71|2.77|6|15|华绿生物,25|1.75|2865.92|2.95|12|8|华绿生物
BK1262|乘用车,,,,,,,,,,,,,,,,,,,,,,,,,,,,,,,,,,,,,,,,,,,,,,,,,,,,,,,,,,,,,,,,,,,,,,,347|0.73|5153.84|0.60|7|2|长城汽车,418|0.10|5159.11|0.83|4|5|广汽集团,451|-1.59|5077.33|0.83|0|9|长安汽车,418|-0.19|5067.51|0.59|6|3|赛力斯,86|0.24|5079.66|1.11|3|6|比亚迪,135|-1.73|4991.78|1.19|2|7|长  安Ｂ,260|-0.77|4953.51|0.82|3|6|比亚迪,329|0.49|4977.86|0.72|6|2|上汽集团,425|0.29|4992.12|0.55|6|3|海马汽车,157|-0.51|4966.52|0.87|1|8|比亚迪,398|0.48|4990.2|0.56|7|2|赛力斯,81|1.01|5040.71|0.79|7|2|比亚迪,178|-0.40|5020.71|0.64|2|6|上汽集团,66|0.47|5044.08|0.81|6|3|长城汽车,62|1.35|5112.28|0.93|8|0|比亚迪,31|0.63|5144.28|0.95|2|7|海马汽车,464|-1.26|5079.33|1.07|0|9|长城汽车,96|-1.49|5003.49|0.82|1|8|比亚迪,83|-1.13|4947.03|0.94|2|6|长城汽车,23|-1.08|4893.58|1.64|2|7|海马汽车,481|0.20|4903.56|1.15|6|3|长  安Ｂ,449|0.60|4933.12|0.90|6|2|上汽集团,325|-1.73|4847.64|0.81|0|9|长  安Ｂ,325|0.87|4889.73|0.75|8|0|比亚迪,440|-0.90|4845.95|0.76|1|8|比亚迪,54|0.04|4848|0.98|6|3|长城汽车,430|0.05|4850.21|0.84|6|3|北汽蓝谷,303|-1.78|4763.96|0.90|1|8|长城汽车,102|-1.47|4693.74|0.64|2|7|长  安Ｂ,464|-0.21|4683.98|0.54|4|5|海马汽车,300|2.95|4822.19|0.86|9|0|海马汽车,350|-1.87|4732.12|0.59|0|9|长安汽车,86|1.45|4800.59|0.71|9|0|长城汽车,110|0.77|4837.69|0.64|7|1|比亚迪,392|-0.05|4835.23|0.57|4|5|海马汽车,382|-1.06|4783.84|0.51|0|9|上汽集团,356|0.82|4823.11|0.74|8|0|比亚迪,385|-0.84|4782.75|0.64|1|8|北汽蓝谷,388|0.14|4789.35|0.64|3|6|海马汽车,371|-0.79|4751.65|0.56|0|9|赛力斯,295|-0.05|4749.39|0.66|5|4|北汽蓝谷,144|-0.36|4732.3|0.72|3|5|赛力斯
BK1263|摩托车及其他,,,,,,,,,,,,,,,,,,,,,,,,,,,,,,,,,,,,,,,,,,,,,,,,,,,,,,,,,,,,,,,,,,,,,,,245|1.32|4144.49|1.76|14|3|隆鑫通用,470|-0.38|4128.89|1.35|5|13|春风动力,235|-0.21|4120.41|1.25|7|11|绿通科技,239|0.61|4145.51|0.95|10|6|涛涛车业,410|-3.13|4015.66|1.47|1|18|永安行,184|-2.38|3920.27|1.56|1|18|华洋赛车,337|-1.10|3876.97|1.00|3|15|九号公司-WD,253|0.91|3912.4|0.89|14|4|春风动力,104|2.37|4005.15|1.05|18|0|绿通科技,308|-1.27|3954.34|1.21|3|16|钱江摩托,190|1.75|4023.56|1.00|17|2|涛涛车业,225|-0.08|4020.36|0.97|6|12|涛涛车业,323|-1.08|3976.96|0.75|3|16|爱玛科技,172|-0.21|3968.42|0.98|5|11|九号公司-WD,182|0.43|3985.62|0.88|13|6|林海股份,142|-0.94|3948.3|0.89|4|14|涛涛车业,194|0.86|3982.42|0.92|13|6|凤凰B股,261|-2.54|3881.34|0.94|0|19|凤凰B股,304|-2.51|3784.05|1.03|2|17|九号公司-WD,33|-2.04|3706.84|2.22|5|14|爱玛科技,251|3.21|3825.94|2.10|18|1|华洋赛车,434|0.79|3856.34|1.55|15|4|春风动力,367|-1.94|3781.69|1.19|1|18|涛涛车业,351|0.80|3811.79|1.28|15|4|千里科技,41|1.63|3873.96|1.96|14|5|钱江摩托,12|2.42|3967.78|2.38|11|6|征和工业,444|-0.12|3963.09|2.11|7|12|涛涛车业,177|-1.14|3918.05|1.60|6|13|征和工业,310|-2.73|3810.96|1.49|4|15|隆鑫通用,447|0.06|3813.18|1.28|10|9|绿通科技,280|3.10|3931.51|1.44|19|0|涛涛车业,370|-2.00|3852.93|1.02|2|16|隆鑫通用,115|1.26|3901.47|1.03|16|3|隆鑫通用,365|-0.47|3883.03|0.98|8|10|绿通科技,337|0.24|3892.3|0.90|8|10|绿通科技,174|-0.20|3884.69|0.88|9|9|九号公司-WD,65|2.41|3978.4|1.10|19|0|涛涛车业,229|0.01|3978.9|0.99|6|13|永安行,397|0.06|3981.31|1.37|12|7|九号公司-WD,295|-0.43|3964.13|0.90|6|13|涛涛车业,133|0.74|3993.57|1.28|11|8|涛涛车业,377|-1.77|3922.83|1.71|3|16|千里科技
BK1264|商用车,,,,,,,,,,,,,,,,,,,,,,,,,,,,,,,,,,,,,,,,,,,,,,,,,,,,,,,,,,,,,,,,,,,,,,,172|1.85|3124.8|1.44|14|0|福田汽车,475|-0.43|3111.28|1.31|6|8|金龙汽车,434|-1.38|3068.3|1.22|1|12|中国重汽,424|-0.24|3060.91|0.98|4|8|江铃汽车,223|-1.84|3004.74|1.47|2|12|宇通客车,308|-3.41|2902.24|1.82|0|14|江  铃Ｂ,303|-0.93|2875.11|1.31|1|13|东风股份,64|1.95|2931.12|1.21|13|1|金龙汽车,362|0.86|2956.27|1.09|10|3|中国重汽,342|-1.41|2914.73|1.36|1|13|中国重汽,127|2.18|2978.15|1.16|14|0|中国重汽,85|0.95|3006.42|1.23|9|5|中国重汽,128|-0.09|3003.69|1.14|5|9|汉马科技,310|-0.99|2973.94|1.13|0|13|曙光股份,266|0.00|2973.86|1.23|8|4|宇通客车,57|0.00|2973.96|1.40|4|9|中通客车,395|-0.60|2956.13|1.22|2|11|金龙汽车,302|-2.71|2875.98|1.21|0|14|宇通客车,157|-1.71|2826.68|1.28|1|12|中国重汽,89|-3.79|2719.45|1.76|1|13|宇通客车,164|3.70|2820.08|1.57|14|0|金龙汽车,148|2.36|2886.76|1.42|14|0|曙光股份,63|-0.16|2882|1.14|7|7|中集车辆,449|0.04|2883.12|1.04|8|5|安凯客车,263|0.21|2889.27|1.15|7|6|福田汽车,15|1.95|2945.71|1.81|10|3|宇通客车,266|1.31|2984.25|1.91|10|3|中国重汽,118|-0.59|2966.78|1.30|4|9|宇通客车,111|-1.55|2920.88|1.26|2|12|中国重汽,397|0.44|2933.81|1.09|7|6|曙光股份,425|1.55|2979.22|1.62|13|1|汉马科技,131|-0.66|2959.43|1.23|4|9|宇通客车,99|1.36|2999.81|2.77|11|3|福田汽车,38|1.61|3048.03|3.63|11|3|福田汽车,474|-1.25|3010.06|3.44|2|11|汉马科技,395|-1.17|2974.79|2.11|1|12|汉马科技,257|1.29|3013.18|1.91|11|2|中国重汽,369|-0.71|2991.84|1.93|5|9|江淮汽车,225|0.80|3015.91|1.70|10|3|金龙汽车,250|-0.28|3007.33|1.39|5|8|中国重汽,71|1.24|3044.76|2.16|13|1|金龙汽车,93|0.12|3048.28|2.91|6|8|福田汽车
BK1265|包装印刷,,,,,,,,,,,,,,,,,,,,,,,,,,,,,,,,,,,,,,,,,,,,,,,,,,,,,,,,,,,,,,,,,,,,,,,380|0.42|4431|2.65|30|14|喜悦智行,319|0.53|4454.4|3.07|31|14|金富科技,348|-0.73|4422.04|2.80|12|34|顺灏股份,195|0.83|4458.53|2.75|28|16|金富科技,404|-3.03|4323.28|3.53|5|42|喜悦智行,271|-3.13|4187.99|3.49|4|43|沪江材料,262|-0.80|4154.67|2.51|7|39|金富科技,130|1.55|4219.1|2.28|40|7|永吉股份,299|1.22|4270.46|2.12|36|11|嘉美包装,329|-1.34|4213.3|2.78|7|38|鸿博股份,158|1.94|4295.14|2.69|43|4|嘉美包装,208|0.01|4295.42|2.89|19|28|裕同科技,331|-1.11|4247.82|2.27|9|34|新宏泽,167|-0.19|4239.55|2.39|16|29|京华激光,217|0.28|4251.46|2.67|24|19|裕同科技,231|-1.48|4188.53|2.44|5|40|顺灏股份,88|1.65|4257.43|3.25|34|12|金富科技,239|-2.45|4153.31|3.48|5|42|大胜达,271|-2.40|4053.79|3.19|3|44|大胜达,258|-5.38|3835.8|4.45|3|43|顺灏股份,148|3.81|3981.85|3.97|45|2|康欣新材,327|1.60|4045.55|3.86|39|8|珠海中富,53|-0.04|4043.97|3.79|16|30|金富科技,301|0.99|4083.89|3.37|34|12|嘉美包装,197|0.48|4103.47|3.05|32|15|金富科技,242|-1.22|4053.23|2.72|6|41|顺灏股份,195|1.65|4120.2|3.36|40|6|大胜达,210|-1.38|4063.5|3.17|6|40|衢州东峰,347|-2.91|3945.4|3.23|5|41|裕同科技,127|1.93|4021.45|3.50|41|6|大胜达,240|3.47|4160.83|4.15|45|2|金富科技,259|-1.35|4104.58|3.72|10|37|嘉美包装,140|1.19|4153.56|3.87|38|9|珠海中富,251|0.06|4156.01|3.08|16|28|金富科技,253|0.62|4181.59|3.12|28|18|鸿博股份,208|-0.34|4167.42|3.28|13|31|大胜达,313|1.04|4210.75|3.54|37|7|大胜达,161|0.47|4230.63|3.69|15|31|金富科技,168|1.05|4274.99|3.42|36|9|金富科技,73|0.85|4311.22|3.24|20|25|昇兴股份,277|0.05|4313.32|4.40|16|30|金富科技,286|-1.13|4264.6|3.78|10|35|华源控股
BK1266|文娱用品,,,,,,,,,,,,,,,,,,,,,,,,,,,,,,,,,,,,,,,,,,,,,,,,,,,,,,,,,,,,,,,,,,,,,,,279|1.15|4008.38|2.69|16|5|金陵体育,143|1.47|4067.16|3.66|16|6|高乐股份,328|-0.66|4040.19|4.44|7|14|高乐股份,272|0.44|4058.11|3.55|14|9|高乐股份,431|-3.35|3922.08|4.14|1|22|高乐股份,304|-3.40|3788.56|3.57|0|23|晨光股份,171|-0.37|3774.51|2.74|6|16|高乐股份,201|1.19|3819.24|2.57|18|4|实丰文化,290|1.28|3867.95|2.32|20|3|通达创智,162|-0.53|3847.32|3.48|7|16|群兴玩具,86|2.53|3944.68|4.07|21|2|群兴玩具,370|-0.62|3920.26|4.42|5|17|实丰文化,429|-1.59|3857.85|3.26|2|21|英派斯,306|-0.98|3820.04|2.74|6|15|高乐股份,63|1.34|3871.32|2.95|19|4|舒华体育,299|-1.86|3799.31|3.88|3|20|群兴玩具,71|1.75|3865.95|3.59|20|3|舒华体育,212|-2.34|3775.58|3.36|1|22|海伦钢琴,86|-1.17|3731.4|3.64|4|19|舒华体育,281|-5.50|3526.31|4.83|1|22|群兴玩具,67|4.45|3683.16|3.97|23|0|舒华体育,83|2.72|3783.48|3.29|22|1|舒华体育,429|-2.45|3690.68|4.06|1|22|浙江正特,116|1.88|3760.24|3.53|21|2|舒华体育,284|0.11|3764.54|3.18|12|10|晨光股份,68|-0.18|3757.7|3.09|6|17|舒华体育,305|1.10|3799.18|3.89|20|3|群兴玩具,141|-0.81|3768.39|3.49|6|17|舒华体育,391|-3.18|3648.7|3.51|1|22|珠江钢琴,32|3.78|3786.76|3.77|19|3|高乐股份,239|3.47|3918.02|4.44|21|2|高乐股份,253|-1.31|3866.82|4.05|5|18|高乐股份,471|-0.60|3843.62|3.82|17|6|实丰文化,390|-0.59|3821.03|3.06|6|16|珠江钢琴,179|0.93|3856.45|3.20|16|7|通达创智,219|-0.37|3842.14|3.55|9|14|浙江正特,143|1.77|3910.24|3.37|20|3|英派斯,260|-0.14|3904.72|3.28|7|16|创源股份,166|1.06|3945.99|3.10|16|7|舒华体育,227|-0.17|3939.27|3.00|8|15|浙江自然,453|-1.10|3896.12|2.62|5|18|实丰文化,232|-0.85|3862.83|2.57|4|19|齐心集团
BK1267|造纸,,,,,,,,,,,,,,,,,,,,,,,,,,,,,,,,,,,,,,,,,,,,,,,,,,,,,,,,,,,,,,,,,,,,,,,283|1.13|2953.4|2.39|19|5|恒达新材,90|2.00|3012.44|3.80|23|1|五洲特纸,171|0.26|3020.21|3.64|13|10|林平发展,489|-1.43|2976.89|2.57|5|19|凯恩股份,169|-1.24|2939.87|3.36|5|19|岳阳林纸,245|-2.85|2856.13|2.96|1|23|五洲特纸,285|-0.87|2831.15|2.29|7|18|民士达,74|1.89|2884.58|2.14|20|4|安妮股份,201|1.70|2933.62|2.30|22|3|民士达,111|-0.05|2932.02|2.61|8|17|荣晟环保,177|1.83|2985.61|2.23|22|1|荣晟环保,114|0.76|3008.25|3.12|11|12|冠豪高新,256|-0.77|2985.02|3.07|7|18|ST晨鸣,372|-1.31|2945.98|2.72|2|21|博汇纸业,253|0.09|2948.65|2.46|8|13|安妮股份,178|-1.11|2915.9|2.42|5|19|林平发展,225|0.67|2935.49|2.35|16|8|青山纸业,419|-3.44|2834.46|2.69|1|24|齐峰新材,136|-1.59|2789.38|2.50|4|21|荣晟环保,249|-5.34|2640.49|3.21|2|23|景兴纸业,284|3.06|2721.16|2.22|23|1|荣晟环保,219|2.04|2776.76|2.17|22|2|冠豪高新,298|-1.63|2731.5|2.15|3|22|冠豪高新,199|1.36|2768.57|1.79|21|4|安妮股份,308|0.03|2769.3|1.78|16|7|荣晟环保,333|-1.70|2722.11|1.58|2|22|林平发展,331|0.93|2747.47|1.61|21|3|安妮股份,117|-0.59|2731.39|1.42|5|19|松炀资源,153|-1.78|2682.64|1.39|5|20|松炀资源,181|1.54|2723.99|1.18|19|6|松炀资源,225|3.64|2823.13|2.01|24|1|恒丰纸业,229|-1.21|2789.04|1.55|2|23|松炀资源,88|1.43|2828.91|1.98|20|4|青山纸业,357|-0.45|2816.08|3.02|9|14|民士达,238|0.67|2834.84|2.85|15|7|齐峰新材,348|-0.95|2807.91|2.08|6|17|恒丰纸业,312|1.04|2837.14|2.37|18|7|安妮股份,217|0.07|2838.99|3.37|10|15|民士达,104|1.46|2880.44|3.55|15|6|冠豪高新,70|0.88|2905.69|3.33|12|11|青山纸业,174|0.52|2920.86|4.45|13|11|青山纸业,135|-0.33|2911.36|4.22|11|13|五洲特纸
BK1268|互联网电商,,,,,,,,,,,,,,,,,,,,,,,,,,,,,,,,,,,,,,,,,,,,,,,,,,,,,,,,,,,,,,,,,,,,,,,449|-0.54|3064.58|1.50|10|8|星徽股份,305|0.60|3082.9|1.54|13|4|华鼎股份,332|-0.69|3061.7|1.30|8|10|三态股份,232|0.64|3081.17|1.12|12|5|吉宏股份,432|-3.37|2977.45|1.67|1|17|华凯易佰,353|-3.87|2862.32|1.62|0|18|ST易购,228|-0.64|2843.98|1.18|6|11|跨境通,176|1.29|2880.77|0.99|17|1|星徽股份,184|1.83|2933.39|1.18|16|2|狮头股份,79|0.41|2945.34|1.27|9|8|吉宏股份,277|1.29|2983.35|1.28|16|2|ST通葡,431|-0.91|2956.26|1.04|4|13|狮头股份,185|-0.44|2943.25|1.18|5|13|国联股份,168|-0.20|2937.51|1.14|3|14|星徽股份,58|1.37|2977.79|1.29|13|5|壹网壹创,218|-1.40|2936.1|1.48|3|13|星徽股份,176|0.98|2964.9|1.67|14|4|若羽臣,327|-2.81|2881.64|1.51|0|18|跨境通,401|-3.13|2791.51|1.52|1|16|焦点科技,356|-5.82|2629.17|1.72|0|18|若羽臣,103|4.11|2737.25|1.46|18|0|狮头股份,168|2.26|2799.21|1.40|18|0|狮头股份,236|-1.30|2762.92|1.24|2|15|若羽臣,52|2.75|2838.87|1.33|16|2|狮头股份,101|1.08|2869.4|1.61|12|5|狮头股份,270|-1.36|2830.35|1.73|3|14|星徽股份,222|1.54|2873.91|1.54|14|4|若羽臣,356|-2.06|2814.71|1.37|1|17|华凯易佰,305|-2.70|2738.67|1.15|0|18|狮头股份,73|2.62|2810.39|1.41|18|0|壹网壹创,191|3.90|2919.93|1.71|18|0|青木科技,324|-1.77|2868.36|1.39|2|16|狮头股份,326|0.51|2882.93|1.42|12|5|赛维时代,329|-0.33|2873.47|1.25|6|10|华凯易佰,154|1.06|2903.83|1.13|11|6|狮头股份,289|-0.66|2884.7|1.28|3|15|国联股份,89|2.13|2946.07|1.37|18|0|星徽股份,142|0.59|2963.59|1.21|9|9|狮头股份,13|3.91|3079.43|1.65|16|2|吉宏股份,486|-1.89|3021.38|1.48|1|17|丽人丽妆,113|0.91|3048.76|1.27|8|10|新迅达,127|-0.20|3042.75|1.77|7|11|青木科技
BK1269|旅游零售Ⅱ,,,,,,,,,,,,,,,,,,,,,,,,,,,,,,,,,,,,,,,,,,,,,,,,,,,,,,,,,,,,,,,,,,,,,,,493|-6.48|9353.41|2.60|0|2|珠免集团,496|-1.95|9171.28|2.83|0|2|珠免集团,480|-2.27|8963.5|2.41|0|2|珠免集团,229|0.66|9022.33|1.47|2|0|珠免集团,463|-3.95|8666.24|2.58|0|2|中国中免,217|-2.63|8438.02|2.35|0|2|珠免集团,124|0.00|8437.61|2.13|1|1|中国中免,261|0.88|8511.72|1.36|1|1|珠免集团,349|0.94|8591.9|1.09|2|0|珠免集团,455|-2.48|8379.01|1.58|0|2|中国中免,337|0.89|8453.49|1.13|2|0|珠免集团,435|-0.94|8374.35|1.04|0|2|珠免集团,292|-0.93|8296.64|1.06|0|2|中国中免,269|-0.77|8233.15|1.00|0|2|中国中免,33|1.98|8396.1|1.35|2|0|中国中免,55|0.04|8399.74|1.41|1|1|中国中免,379|-0.49|8358.74|0.81|0|2|珠免集团,389|-3.21|8090.11|1.22|0|2|中国中免,67|-0.96|8012.25|0.96|0|2|中国中免,111|-4.13|7681.31|1.64|0|2|中国中免,485|-0.05|7677.43|1.38|1|1|中国中免,293|1.74|7810.92|1.15|2|0|珠免集团,297|-1.63|7683.61|0.96|0|2|中国中免,145|1.71|7814.86|1.02|2|0|珠免集团,470|-1.64|7686.41|1.10|0|2|中国中免,309|-1.54|7567.92|1.26|0|2|中国中免,259|1.34|7669.4|1.03|2|0|中国中免,317|-1.85|7527.52|0.91|0|2|珠免集团,116|-1.57|7409.49|0.74|0|2|中国中免,451|0.04|7412.27|0.76|1|1|珠免集团,296|2.99|7633.56|1.38|2|0|珠免集团,462|-2.62|7433.64|1.08|0|2|珠免集团,71|1.64|7555.49|1.05|2|0|中国中免,439|-0.97|7482.36|1.08|0|2|中国中免,181|0.92|7551.52|1.40|2|0|珠免集团,330|-0.85|7487.04|0.99|0|2|珠免集团,233|1.39|7591.23|1.24|2|0|珠免集团,306|-0.30|7568.14|1.68|1|1|珠免集团,381|0.17|7581.17|1.38|1|1|中国中免,241|-0.23|7564.05|1.41|1|1|珠免集团,444|-0.98|7489.8|1.10|0|2|中国中免,139|-0.35|7463.75|1.06|0|2|珠免集团
BK1270|专业连锁Ⅱ,,,,,,,,,,,,,,,,,,,,,,,,,,,,,,,,,,,,,,,,,,,,,,,,,,,,,,,,,,,,,,,,,,,,,,,322|0.86|1663.73|2.61|5|2|爱施德,181|1.13|1682.53|2.69|6|1|吉峰科技,155|0.37|1688.83|3.44|5|1|爱施德,165|0.97|1705.29|3.55|5|2|博士眼镜,183|-1.42|1681.13|3.97|1|6|天音控股,213|-2.61|1637.24|4.22|0|7|爱婴室,480|-3.02|1587.78|4.60|0|7|天音控股,404|-0.13|1585.67|3.31|4|3|博士眼镜,393|0.65|1595.95|2.68|5|2|爱婴室,461|-2.55|1555.26|4.01|0|7|华致酒行,88|2.50|1594.16|2.71|7|0|爱施德,220|-0.06|1593.15|2.49|3|4|天音控股,426|-1.57|1568.21|2.07|0|7|华致酒行,89|0.28|1572.58|2.84|3|4|天音控股,221|0.26|1576.74|2.13|4|2|吉峰科技,292|-1.79|1548.46|2.41|1|6|吉峰科技,303|0.11|1550.13|1.83|4|3|吉峰科技,128|-1.89|1520.76|1.95|0|7|天音控股,340|-2.69|1479.8|2.36|0|7|吉峰科技,431|-6.18|1388.39|3.81|0|7|吉峰科技,110|4.09|1445.14|2.86|7|0|吉峰科技,167|2.27|1477.93|2.71|7|0|天音控股,225|-1.24|1459.65|2.22|0|6|吉峰科技,130|1.76|1485.31|1.75|7|0|爱施德,151|0.72|1496.04|2.61|5|1|爱施德,96|-0.45|1489.33|2.30|1|6|吉峰科技,320|0.98|1503.93|1.94|5|2|吉峰科技,83|-0.20|1500.97|2.03|1|6|吉峰科技,150|-1.78|1474.21|2.58|2|5|爱施德,277|1.12|1490.79|1.95|7|0|孩子王,246|3.44|1542.09|2.94|7|0|华致酒行,145|-0.72|1530.93|2.94|2|5|博士眼镜,350|0.39|1536.84|2.53|5|2|爱婴室,260|0.01|1537.05|2.65|4|3|爱施德,451|-0.55|1528.66|2.17|4|3|博士眼镜,63|0.74|1539.98|3.17|4|3|孩子王,294|1.12|1557.25|2.51|6|0|华致酒行,189|0.30|1561.95|2.50|4|3|天音控股,325|0.37|1567.7|4.85|6|1|吉峰科技,436|-1.19|1549.06|2.86|0|7|天音控股,43|1.72|1575.72|3.41|7|0|天音控股,118|-0.11|1574.05|4.94|3|3|天音控股
BK1271|酒店餐饮,,,,,,,,,,,,,,,,,,,,,,,,,,,,,,,,,,,,,,,,,,,,,,,,,,,,,,,,,,,,,,,,,,,,,,,458|-0.75|2635.63|2.14|3|7|*ST云网,213|0.94|2660.38|1.71|8|2|*ST云网,244|-0.23|2654.31|1.64|3|7|首旅酒店,60|2.34|2716.45|2.29|10|0|锦江酒店,267|-2.17|2657.5|2.41|1|9|*ST云网,117|-1.46|2618.71|2.27|1|9|首旅酒店,319|-0.99|2592.82|1.60|1|8|君亭酒店,349|0.34|2601.75|1.73|7|3|*ST云网,360|0.86|2624.25|2.12|8|2|华天酒店,432|-2.05|2570.49|1.50|0|10|锦江Ｂ股,209|1.60|2611.71|1.72|10|0|君亭酒店,369|-0.61|2595.79|1.30|2|8|*ST云网,71|0.56|2610.37|1.35|6|4|首旅酒店,56|0.57|2625.23|1.46|5|3|首旅酒店,300|-0.19|2620.33|1.40|5|4|金陵饭店,44|0.27|2627.33|1.98|5|5|首旅酒店,398|-0.61|2611.34|1.35|1|7|华天酒店,83|-1.37|2575.58|1.30|1|9|首旅酒店,72|-0.99|2550.03|1.51|2|8|锦江酒店,469|-6.66|2380.29|2.30|0|10|*ST云网,269|3.12|2454.56|1.59|10|0|金陵饭店,34|3.40|2538.08|1.70|10|0|华天酒店,116|-0.71|2519.96|1.62|2|8|金陵饭店,257|1.12|2548.25|1.33|10|0|君亭酒店,334|-0.08|2546.27|2.00|6|4|*ST云网,65|-0.14|2542.64|2.22|6|4|金陵饭店,33|3.35|2627.87|2.35|10|0|锦江酒店,318|-1.85|2579.24|2.43|1|9|*ST云网,237|-2.37|2518.06|1.80|0|9|锦江Ｂ股,312|0.92|2541.15|1.98|7|3|金陵饭店,292|3.03|2618.03|2.57|9|0|君亭酒店,309|-1.64|2575.09|2.32|2|8|*ST云网,390|0.15|2578.83|2.15|5|5|君亭酒店,401|-0.68|2561.37|1.75|2|8|首旅酒店,458|-0.71|2543.07|1.85|2|8|君亭酒店,33|1.24|2574.73|2.26|9|1|西安饮食,182|1.61|2616.06|2.48|10|0|西安饮食,489|-2.36|2554.29|2.30|0|9|*ST云网,395|0.07|2556.1|2.06|5|5|金陵饭店,278|-0.37|2546.74|1.87|4|5|*ST云网,367|-0.40|2536.51|2.02|3|7|金陵饭店,112|-0.09|2534.23|2.00|5|5|同庆楼
BK1272|旅游及景区,,,,,,,,,,,,,,,,,,,,,,,,,,,,,,,,,,,,,,,,,,,,,,,,,,,,,,,,,,,,,,,,,,,,,,,485|-2.34|3570.2|3.24|1|21|ST张家界,234|0.83|3599.71|2.17|21|3|西安旅游,374|-0.83|3569.87|2.39|3|23|三特索道,112|1.49|3622.99|1.98|25|1|三峡旅游,369|-2.71|3524.85|3.21|2|24|大连圣亚,82|-0.93|3492.23|2.81|7|19|三特索道,198|-0.51|3474.53|2.21|11|15|西域旅游,353|0.31|3485.25|1.91|15|9|天府文旅,134|2.16|3560.56|2.25|26|0|宋城演艺,220|-0.83|3530.84|2.01|4|22|岭南控股,161|1.91|3598.31|2.01|25|1|三峡旅游,333|-0.51|3580.07|1.65|3|21|大连圣亚,107|0.12|3584.27|1.53|12|12|黄山旅游,121|0.04|3585.68|2.19|11|15|三峡旅游,70|1.27|3631.31|2.22|23|2|岭南控股,179|-1.12|3590.5|2.02|3|22|陕西旅游,404|-0.66|3566.7|1.81|6|20|大连圣亚,142|-1.96|3496.95|1.66|0|26|大连圣亚,40|-0.34|3485.09|1.93|8|17|九华旅游,466|-6.59|3255.32|3.17|0|26|锦旅Ｂ股,233|3.32|3363.3|2.59|24|1|三特索道,50|3.08|3466.76|2.32|26|0|桂林旅游,124|-0.75|3440.59|2.08|5|21|陕西旅游,344|0.81|3468.45|1.88|23|3|祥源文旅,450|-1.13|3429.4|1.68|2|22|ST张家界,154|-0.84|3400.69|2.19|5|21|云南旅游,126|2.03|3469.8|2.29|22|4|岭南控股,358|-2.08|3397.75|1.86|1|25|三特索道,353|-2.91|3298.77|1.76|0|26|锦旅Ｂ股,258|1.23|3339.45|1.67|21|5|桂林旅游,215|3.73|3464.15|2.52|25|0|桂林旅游,478|-2.98|3360.78|2.58|0|26|黄山Ｂ股,205|0.97|3393.43|2.76|21|5|西藏旅游,250|0.06|3395.53|2.17|10|15|西藏旅游,364|0.13|3399.96|2.48|14|10|陕西旅游,25|1.41|3447.83|3.73|18|6|丽江股份,50|2.63|3538.59|4.77|25|0|西藏旅游,487|-2.30|3457.11|3.95|1|25|西藏旅游,402|0.03|3458.07|3.57|10|15|丽江股份,410|-1.03|3422.49|3.23|4|22|西藏旅游,464|-1.19|3381.79|2.82|2|24|锦旅Ｂ股,214|-0.77|3355.69|2.99|7|19|丽江股份
BK1273|体育Ⅱ,,,,,,,,,,,,,,,,,,,,,,,,,,,,,,,,,,,,,,,,,,,,,,,,,,,,,,,,,,,,,,,,,,,,,,,107|2.52|1230.25|2.49|2|0|中体产业,249|0.78|1239.79|2.44|1|2|中体产业,336|-0.69|1231.23|3.69|0|2|中体产业,93|1.73|1252.49|6.34|2|0|中体产业,209|-1.70|1231.15|6.00|0|1|中体产业,281|-3.19|1191.85|5.59|0|2|中体产业,465|-2.23|1165.28|3.67|0|2|中体产业,399|-0.03|1164.97|5.29|1|1|力盛体育,25|3.59|1206.75|4.20|2|0|力盛体育,72|0.60|1213.96|5.58|1|1|中体产业,78|2.59|1245.46|4.56|2|0|力盛体育,97|0.88|1256.44|7.21|1|1|中体产业,362|-1.26|1240.65|5.17|0|1|中体产业,412|-1.72|1219.31|4.12|0|2|力盛体育,11|3.08|1256.84|6.05|2|0|力盛体育,489|-4.61|1198.9|4.42|0|2|中体产业,67|1.78|1220.27|3.31|2|0|中体产业,245|-2.49|1189.94|3.51|0|2|中体产业,57|-0.77|1180.83|5.35|0|1|中体产业,482|-7.30|1094.61|5.88|0|2|中体产业,74|4.41|1142.92|5.47|2|0|力盛体育,2|7.95|1233.83|10.38|2|0|中体产业,494|-4.23|1181.65|11.98|0|2|中体产业,341|0.82|1191.29|8.25|2|0|力盛体育,7|4.15|1240.73|8.22|2|0|力盛体育,3|5.85|1313.35|13.08|2|0|中体产业,495|-5.99|1234.69|12.75|0|2|中体产业,77|-0.15|1232.85|10.12|1|1|中体产业,492|-5.53|1164.67|9.23|0|2|力盛体育,2|8.70|1266.03|13.12|2|0|中体产业,442|1.29|1282.3|13.50|2|0|力盛体育,305|-1.62|1261.55|8.79|0|1|中体产业,490|-1.92|1237.28|8.55|0|2|力盛体育,364|-0.47|1231.44|7.10|1|1|力盛体育,44|2.28|1259.55|7.50|2|0|力盛体育,213|-0.35|1255.19|6.26|1|1|力盛体育,118|1.89|1278.86|5.66|2|0|力盛体育,470|-1.59|1258.51|7.78|0|1|力盛体育,46|2.18|1286|7.51|2|0|中体产业,485|-1.82|1262.56|5.76|0|2|力盛体育,415|-0.73|1253.32|4.51|1|1|力盛体育,460|-2.76|1218.69|5.14|0|2|中体产业
BK1274|炼化及贸易,,,,,,,,,,,,,,,,,,,,,,,,,,,,,,,,,,,,,,,,,,,,,,,,,,,,,,,,,,,,,,,,,,,,,,,36|4.05|3918.11|0.50|29|2|泰山石油,443|-0.04|3916.41|0.49|12|19|宇新股份,417|-1.13|3871.98|0.32|7|23|荣盛石化,107|1.58|3933.1|0.34|25|6|和顺石油,19|5.62|4154.2|1.39|29|2|泰山石油,16|4.25|4330.89|1.87|22|9|泰山石油,491|-5.36|4098.96|1.65|5|25|润贝航科,407|-0.16|4092.39|1.17|13|17|宇新股份,430|0.09|4096.14|0.93|14|17|齐翔腾达,269|-1.05|4053.06|1.42|12|19|宇新股份,480|-2.58|3948.58|0.94|6|24|桐昆股份,61|1.29|3999.48|0.84|17|14|和顺石油,129|-0.09|3995.71|0.88|9|21|东华能源,366|-1.25|3945.6|0.74|7|23|恒逸石化,387|-0.78|3914.86|0.61|12|18|和顺石油,311|-2.00|3836.67|0.58|2|29|和顺石油,419|-0.76|3807.56|0.49|9|22|恒力石化,107|-1.67|3743.9|0.80|8|23|中国石油,422|-3.29|3620.88|0.59|1|28|恒逸石化,45|-2.61|3526.46|0.68|6|25|恒逸石化,436|1.92|3594.24|0.52|26|5|康普顿,108|2.53|3685.2|0.53|23|7|润贝航科,71|-0.25|3676.14|0.45|10|21|渤海化学,192|1.37|3726.68|0.45|27|3|茂化实华,286|0.10|3730.47|0.47|14|17|博汇股份,350|-1.87|3660.74|0.38|2|29|博汇股份,292|1.20|3704.64|0.40|25|6|齐翔腾达,21|1.67|3766.66|0.43|19|11|博汇股份,410|-3.30|3642.44|0.38|4|27|宇新股份,31|3.88|3783.85|0.43|29|2|恒逸石化,465|0.64|3807.96|0.63|19|12|润贝航科,50|-0.03|3807|0.44|13|18|恒逸石化,321|0.53|3826.99|0.34|14|13|康普顿,133|0.66|3852.27|0.44|20|11|康普顿,469|-0.96|3815.41|0.36|7|24|恒力石化,383|-1.08|3774.29|0.38|6|24|恒力石化,401|0.61|3797.43|0.30|22|9|恒逸石化,367|-0.67|3772.05|0.38|9|22|岳阳兴长,339|0.32|3784.01|0.36|20|9|渤海化学,80|0.81|3814.68|0.35|15|15|岳阳兴长,360|-0.36|3800.98|0.34|12|19|国际实业,76|0.37|3815.09|0.50|15|15|广汇能源
BK1275|油服工程,,,,,,,,,,,,,,,,,,,,,,,,,,,,,,,,,,,,,,,,,,,,,,,,,,,,,,,,,,,,,,,,,,,,,,,2|12.08|2328.14|2.73|14|0|准油股份,119|1.72|2368.23|5.40|7|7|通源石油,453|-1.62|2329.92|3.20|3|11|通源石油,193|0.83|2349.34|2.34|10|4|科力股份,2|12.84|2651.05|4.30|14|0|准油股份,2|12.86|2992|4.03|14|0|准油股份,78|0.41|3004.34|9.68|7|7|准油股份,495|-6.36|2813.26|7.26|1|13|博迈科,495|-4.26|2693.43|4.49|2|12|博迈科,28|1.75|2740.5|6.55|8|5|科力股份,496|-7.12|2545.37|4.50|0|14|惠博普,99|0.83|2566.5|3.38|8|5|科力股份,254|-0.77|2546.86|3.46|4|10|中油工程,315|-1.02|2520.82|2.91|5|9|科力股份,190|0.39|2530.76|2.77|10|4|贝肯能源,112|-0.73|2512.41|2.93|3|11|仁智股份,492|-3.52|2423.87|2.44|2|12|博迈科,8|2.54|2485.51|3.41|11|3|通源石油,491|-4.95|2362.43|2.56|1|13|博迈科,13|0.57|2375.95|2.64|7|7|博迈科,492|-1.22|2347.02|2.29|6|8|惠博普,477|0.06|2348.46|2.15|10|4|仁智股份,31|0.37|2357.06|2.23|7|6|潜能恒信,268|1.10|2383.04|1.81|8|3|潜能恒信,459|-1.41|2349.42|1.91|3|11|贝肯能源,453|-3.22|2273.88|1.63|1|13|仁智股份,466|-0.65|2259.12|1.65|5|9|博迈科,2|5.47|2382.67|3.12|14|0|贝肯能源,114|-1.56|2345.47|2.90|3|10|中油工程,132|1.90|2390.07|2.47|13|1|惠博普,495|-6.01|2246.45|3.31|0|14|仁智股份,19|0.87|2266.08|2.50|8|6|中曼石油,224|0.89|2286.16|2.15|8|6|潜能恒信,35|1.67|2324.42|2.83|11|2|准油股份,493|-2.27|2271.61|2.11|2|12|海油工程,489|-2.95|2204.57|1.85|1|13|仁智股份,481|-0.37|2196.45|1.43|3|10|仁智股份,416|-1.12|2171.94|1.51|4|10|潜能恒信,379|0.17|2175.68|1.55|7|6|科力股份,283|-0.39|2167.29|1.33|4|10|仁智股份,476|-1.36|2137.77|1.22|1|13|潜能恒信,14|2.26|2186.11|2.14|12|2|潜能恒信
BK1276|油气开采Ⅱ,,,,,,,,,,,,,,,,,,,,,,,,,,,,,,,,,,,,,,,,,,,,,,,,,,,,,,,,,,,,,,,,,,,,,,,8|7.53|4164.57|2.46|4|0|洲际油气,117|1.73|4236.64|7.65|2|2|洲际油气,247|-0.24|4226.48|7.36|2|2|洲际油气,52|2.45|4330.05|5.02|4|0|洲际油气,8|8.73|4708.23|2.16|4|0|洲际油气,7|8.73|5119.42|2.61|4|0|洲际油气,11|3.47|5297.12|8.55|2|2|洲际油气,466|-1.77|5203.26|12.87|1|3|洲际油气,492|-2.67|5064.15|8.46|1|3|*ST新潮,4|3.76|5254.77|11.71|4|0|中国海油,495|-6.92|4891.17|7.25|0|4|*ST新潮,29|2.22|4999.61|7.40|4|0|*ST新潮,45|1.14|5056.56|6.78|3|1|蓝焰控股,472|-2.89|4910.36|5.74|1|3|*ST新潮,144|0.67|4943.36|5.57|2|2|洲际油气,82|-0.47|4920.13|5.71|1|3|*ST新潮,485|-2.22|4811.11|5.37|1|3|*ST新潮,2|7.21|5157.99|7.56|4|0|蓝焰控股,24|0.41|5179.2|5.64|2|2|蓝焰控股,2|3.49|5359.88|5.70|4|0|蓝焰控股,496|-3.92|5149.67|5.35|0|4|中国海油,496|-4.70|4907.5|5.76|0|4|中国海油,5|2.19|5014.91|5.36|4|1|蓝焰控股,224|1.26|5077.97|5.15|3|2|蓝焰控股,445|-0.98|5028.22|4.49|2|2|海南矿业,488|-4.40|4807.08|4.23|0|5|*ST新潮,488|-2.12|4705.12|3.77|0|5|海南矿业,6|4.19|4902.12|4.99|5|0|蓝焰控股,269|-2.52|4778.74|3.56|1|4|*ST新潮,204|1.41|4846.34|3.67|5|0|蓝焰控股,494|-5.63|4573.58|4.88|1|4|海南矿业,13|1.29|4632.48|4.43|4|1|洲际油气,400|0.10|4636.96|3.22|2|3|*ST新潮,5|4.48|4844.49|5.80|5|0|蓝焰控股,478|-1.37|4777.96|4.12|1|4|*ST新潮,482|-2.53|4656.93|3.47|1|4|*ST新潮,450|0.12|4662.65|2.55|3|2|海南矿业,301|-0.29|4649.12|2.55|3|2|海南矿业,412|-0.02|4648.27|2.36|2|3|洲际油气,316|-0.52|4624.07|2.04|1|4|中国海油,189|0.45|4644.67|2.16|2|3|*ST新潮,40|1.24|4702.45|4.89|3|2|蓝焰控股
BK1277|白酒Ⅱ,,,,,,,,,,,,,,,,,,,,,,,,,,,,,,,,,,,,,,,,,,,,,,,,,,,,,,,,,,,,,,,,,,,,,,,462|-0.99|5400.49|0.90|6|15|皇台酒业,253|0.76|5441.78|0.89|19|2|皇台酒业,420|-1.19|5377.01|0.95|1|20|口子窖,453|-0.40|5355.33|0.73|11|10|皇台酒业,342|-2.62|5215.12|1.09|1|20|古井贡Ｂ,63|-0.47|5190.67|1.32|8|13|山西汾酒,473|-2.81|5044.97|0.98|0|21|古井贡Ｂ,355|0.31|5060.45|0.59|14|7|*ST岩石,292|1.27|5124.68|0.64|19|2|山西汾酒,298|-1.22|5062.37|0.71|1|20|皇台酒业,394|0.55|5090.17|0.52|19|2|古井贡Ｂ,153|0.32|5106.45|0.57|8|13|古井贡Ｂ,148|-0.22|5095.15|0.76|12|8|金种子酒,78|0.35|5113.01|0.88|17|4|皇台酒业,38|1.75|5202.35|1.30|21|0|皇台酒业,105|-0.69|5166.56|0.96|3|17|贵州茅台,479|-1.68|5079.79|0.75|0|21|洋河股份,182|-2.19|4968.63|0.67|0|21|古井贡Ｂ,99|-1.28|4905.16|0.68|2|19|古井贡酒,93|-3.89|4714.3|0.97|1|20|五 粮 液,455|1.58|4788.9|0.65|19|2|*ST岩石,468|0.38|4807.03|0.58|17|4|皇台酒业,356|-1.86|4717.84|0.65|1|20|皇台酒业,230|1.24|4776.53|0.59|20|1|舍得酒业,301|0.04|4778.66|0.58|12|8|金徽酒,58|-0.04|4776.64|1.14|8|11|皇台酒业,312|1.06|4827.21|0.90|20|1|迎驾贡酒,61|0.21|4837.16|0.81|10|11|迎驾贡酒,317|-2.77|4703.06|0.68|2|19|古井贡Ｂ,463|-0.17|4694.91|0.54|5|13|皇台酒业,421|1.61|4770.47|0.66|18|3|舍得酒业,365|-1.97|4676.5|0.59|1|20|古井贡Ｂ,357|0.35|4692.69|0.59|15|6|酒鬼酒,344|-0.41|4673.66|0.49|7|13|皇台酒业,220|0.77|4709.87|0.69|19|2|舍得酒业,145|-0.01|4709.32|0.62|11|8|皇台酒业,461|0.02|4710.05|0.57|13|8|舍得酒业,441|-1.32|4647.89|0.79|1|20|金种子酒,304|0.46|4669.36|0.59|13|8|迎驾贡酒,230|-0.17|4661.24|0.50|5|15|古井贡Ｂ,310|-0.08|4657.5|0.54|6|15|迎驾贡酒,6|2.79|4787.48|1.47|21|0|迎驾贡酒
BK1278|调味发酵品Ⅱ,,,,,,,,,,,,,,,,,,,,,,,,,,,,,,,,,,,,,,,,,,,,,,,,,,,,,,,,,,,,,,,,,,,,,,,364|0.59|5022.03|1.37|11|4|佳隆股份,404|0.18|5030.96|1.33|11|4|ST加加,359|-0.76|4992.78|1.51|3|12|莲花控股,168|0.96|5040.58|1.59|11|2|安琪酵母,255|-2.12|4933.55|1.51|1|14|ST加加,132|-1.71|4849.25|1.79|3|12|朱老六,370|-1.22|4789.93|1.28|1|13|朱老六,372|0.15|4797.14|1.17|9|6|莲花控股,97|2.42|4913.39|1.96|14|1|莲花控股,187|-0.67|4880.65|2.33|3|11|莲花控股,344|0.85|4921.92|1.79|12|2|日辰股份,304|-0.36|4904.13|1.39|3|12|ST加加,382|-1.33|4838.87|1.19|1|14|涪陵榨菜,123|0.04|4840.62|1.66|8|7|海天味业,68|1.30|4903.54|1.62|14|1|ST加加,51|0.12|4909.45|2.21|8|7|千禾味业,387|-0.52|4883.81|1.60|5|10|莲花控股,79|-1.31|4819.99|2.52|1|14|莲花控股,214|-2.11|4718.4|2.81|1|14|ST加加,135|-4.51|4505.41|2.26|0|15|ST加加,273|3.12|4645.78|1.92|15|0|莲花控股,362|1.40|4710.99|2.42|14|1|莲花控股,127|-0.77|4674.93|2.19|2|12|天味食品,77|2.28|4781.47|2.40|14|1|海天味业,105|1.05|4831.85|2.72|11|4|莲花控股,171|-0.91|4788.07|2.39|4|11|海天味业,287|1.23|4847.1|2.42|12|2|莲花控股,88|-0.28|4833.54|1.97|6|9|天味食品,164|-1.85|4744.16|1.74|2|13|ST加加,274|1.14|4798.03|1.48|11|4|佳隆股份,383|2.09|4898.23|1.63|13|2|莲花控股,75|-0.29|4884.17|2.43|5|9|天味食品,123|1.25|4945.14|1.88|13|2|千禾味业,394|-0.62|4914.44|1.69|4|11|ST加加,463|-0.76|4877.11|2.00|5|9|日辰股份,76|0.57|4905.14|2.54|8|7|朱老六,239|1.38|4972.68|2.71|10|4|朱老六,402|-0.97|4924.45|1.99|3|12|朱老六,127|1.29|4987.82|2.06|11|2|中炬高新,145|0.20|4997.63|2.49|8|6|莲花控股,382|-0.51|4972.23|2.77|2|12|莲花控股,66|0.54|4999.24|2.78|10|5|莲花控股
BK1279|非白酒,,,,,,,,,,,,,,,,,,,,,,,,,,,,,,,,,,,,,,,,,,,,,,,,,,,,,,,,,,,,,,,,,,,,,,,313|0.92|2269.63|0.91|15|2|莫高股份,392|0.23|2274.91|0.92|11|6|燕京啤酒,366|-0.81|2256.53|0.99|4|12|*ST兰黄,365|0.11|2259.11|1.05|7|8|燕京啤酒,240|-2.05|2212.91|1.19|1|16|重庆啤酒,86|-0.96|2191.57|1.65|6|11|燕京啤酒,204|-0.53|2179.99|1.10|5|12|百润股份,344|0.37|2188.11|0.85|12|5|*ST椰岛,140|2.10|2234.08|0.96|17|0|威龙股份,267|-1.04|2210.77|0.97|1|15|莫高股份,272|1.33|2240.22|0.86|13|4|威龙股份,222|-0.07|2238.65|0.81|6|10|*ST椰岛,258|-0.78|2221.21|0.74|3|11|重庆啤酒,57|0.57|2233.79|0.88|12|4|重庆啤酒,191|0.39|2242.52|0.94|12|3|*ST椰岛,79|-0.46|2232.25|0.95|4|12|*ST兰黄,326|-0.10|2230.07|0.83|8|7|威龙股份,126|-1.88|2188.13|0.83|0|17|中信尼雅,209|-2.08|2142.7|0.96|1|16|重庆啤酒,161|-4.86|2038.65|1.47|0|17|*ST椰岛,261|3.16|2103.07|1.04|16|1|中信尼雅,218|2.05|2146.18|0.88|17|0|威龙股份,248|-1.36|2116.97|0.86|1|16|中信尼雅,176|1.42|2146.93|0.85|15|2|莫高股份,220|0.38|2155.13|0.92|10|6|会稽山,181|-0.96|2134.41|0.97|1|14|张  裕Ｂ,297|1.17|2159.32|1.17|14|3|会稽山,221|-1.41|2128.86|0.96|3|14|重庆啤酒,134|-1.69|2092.87|1.54|3|14|燕京啤酒,381|0.58|2105.08|1.42|10|7|威龙股份,453|1.17|2129.66|1.49|15|2|威龙股份,333|-1.81|2091.1|1.19|4|13|珠江啤酒,154|1.16|2115.29|1.30|12|5|*ST兰黄,171|0.41|2123.98|1.32|6|9|中信尼雅,294|0.44|2133.36|1.46|9|6|莫高股份,110|0.21|2137.74|1.43|10|7|会稽山,407|0.55|2149.43|1.35|12|5|惠泉啤酒,359|-0.62|2136.17|1.01|2|13|*ST椰岛,186|0.94|2156.17|0.94|9|8|*ST兰黄,191|-0.04|2155.38|0.94|7|9|莫高股份,349|-0.30|2149.02|0.94|6|11|古越龙山,68|0.51|2160.03|1.36|14|3|*ST兰黄
BK1280|食品加工,,,,,,,,,,,,,,,,,,,,,,,,,,,,,,,,,,,,,,,,,,,,,,,,,,,,,,,,,,,,,,,,,,,,,,,296|1.04|4964.74|1.52|22|4|海欣食品,240|0.80|5004.36|1.61|23|4|海欣食品,290|-0.50|4979.15|1.48|7|19|千味央厨,238|0.61|5009.65|1.21|15|12|三全食品,288|-2.29|4894.91|1.96|3|24|安井食品,93|-1.18|4837.31|1.94|6|21|三全食品,420|-1.57|4761.59|1.65|3|24|康比特,364|0.24|4773.02|1.43|14|11|千味央厨,157|1.97|4867.11|1.56|23|4|得利斯,266|-1.04|4816.35|1.73|5|21|西王食品,319|1.00|4864.69|1.37|22|2|金字火腿,281|-0.29|4850.51|1.55|10|15|金字火腿,304|-0.97|4803.27|1.47|7|20|华统股份,204|-0.41|4783.78|1.41|9|16|康比特,44|1.67|4863.88|2.06|22|3|西王食品,122|-0.84|4823.24|2.48|5|21|技源集团,340|-0.19|4814.1|1.92|13|14|巴比食品,104|-1.59|4737.59|1.73|4|23|华统股份,285|-2.43|4622.36|1.98|2|25|千味央厨,223|-5.19|4382.63|2.90|1|26|华统股份,351|2.78|4504.42|2.14|25|2|春雪食品,243|1.93|4591.38|1.84|25|2|西王食品,112|-0.70|4559.18|2.27|8|19|三全食品,117|1.88|4644.81|2.13|26|1|仙乐健康,154|0.69|4676.86|1.81|18|9|千味央厨,198|-1.07|4627|2.71|5|22|安井食品,345|0.85|4666.19|2.38|19|6|千味央厨,69|0.01|4666.69|2.18|13|13|华统股份,355|-2.92|4530.29|2.08|4|23|华统股份,90|2.40|4638.84|2.38|23|4|华统股份,440|1.32|4699.97|2.41|23|3|盖世食品,367|-1.97|4607.25|1.87|2|25|味知香,264|0.74|4641.31|1.67|21|6|巴比食品,123|0.70|4673.95|2.24|13|13|金字火腿,347|0.18|4682.13|2.35|12|15|龙大美食,106|0.22|4692.45|2.17|13|14|华统股份,336|0.92|4735.77|2.06|20|7|龙大美食,361|-0.63|4705.87|3.10|5|21|金字火腿,330|0.34|4721.9|2.53|16|11|味知香,322|-0.55|4696.09|2.04|11|15|安井食品,305|-0.07|4692.68|2.41|6|21|*ST春天,97|0.08|4696.27|2.43|12|13|千味央厨
BK1281|休闲食品,,,,,,,,,,,,,,,,,,,,,,,,,,,,,,,,,,,,,,,,,,,,,,,,,,,,,,,,,,,,,,,,,,,,,,,394|0.26|2431.17|1.38|14|9|紫燕食品,279|0.69|2447.92|1.42|13|10|紫燕食品,262|-0.32|2440.04|1.54|6|15|紫燕食品,385|0.02|2440.59|1.10|14|8|紫燕食品,398|-2.96|2368.45|1.92|0|23|广州酒家,136|-1.76|2326.7|1.81|2|21|紫燕食品,375|-1.24|2297.88|1.59|2|21|来伊份,337|0.46|2308.42|1.35|14|9|麦趣尔,149|2.03|2355.3|1.33|21|2|西麦食品,368|-1.49|2320.18|1.35|1|22|来伊份,255|1.42|2353.08|1.17|21|2|来伊份,420|-0.86|2332.86|1.16|3|19|ST绝味,268|-0.83|2313.55|1.40|3|20|桃李面包,198|-0.37|2304.98|1.35|8|15|万辰集团,101|0.94|2326.69|1.45|18|5|来伊份,181|-1.15|2300|1.31|3|20|麦趣尔,265|0.35|2308.02|1.21|13|10|西麦食品,299|-2.69|2246.03|1.28|0|23|ST绝味,199|-2.01|2200.87|1.30|2|20|万辰集团,193|-5.00|2090.73|1.98|0|23|煌上煌,230|3.32|2160.23|1.54|22|1|麦趣尔,294|1.73|2197.63|1.35|22|1|来伊份,134|-0.82|2179.69|1.18|3|20|紫燕食品,193|1.37|2209.65|1.15|20|3|好想你,169|0.63|2223.64|1.25|20|3|元祖股份,244|-1.23|2196.35|1.41|3|20|青岛食品,231|1.49|2229.11|1.16|20|3|万辰集团,71|-0.02|2228.59|1.27|8|15|紫燕食品,222|-2.28|2177.88|1.07|1|21|西麦食品,324|0.89|2197.2|1.14|19|4|麦趣尔,335|2.70|2256.56|1.54|22|1|来伊份,163|-0.84|2237.66|1.15|3|19|来伊份,210|0.95|2258.82|1.58|17|6|来伊份,402|-0.69|2243.2|1.74|2|20|ST绝味,360|0.14|2246.32|2.04|13|10|好想你,147|-0.06|2244.98|1.64|10|12|万辰集团,314|1.04|2268.24|1.58|19|4|桂发祥,346|-0.54|2255.97|1.58|5|18|来伊份,105|1.45|2288.76|1.52|21|2|紫燕食品,97|0.60|2302.41|2.20|15|8|好想你,430|-0.86|2282.63|1.61|5|17|万辰集团,107|-0.07|2281.09|1.92|12|11|劲仔食品
BK1282|饮料乳品,,,,,,,,,,,,,,,,,,,,,,,,,,,,,,,,,,,,,,,,,,,,,,,,,,,,,,,,,,,,,,,,,,,,,,,358|0.61|2512.14|1.20|19|5|泉阳泉,306|0.59|2527.07|1.32|19|7|泉阳泉,351|-0.74|2508.39|1.17|3|23|养元饮品,310|0.29|2515.61|1.14|19|7|新乳业,239|-2.04|2464.3|1.69|3|24|养元饮品,100|-1.24|2433.8|1.96|3|23|三元股份,372|-1.23|2403.91|1.68|4|23|西部牧业,374|0.13|2407.12|1.33|14|10|皇氏集团,69|2.68|2471.6|1.58|27|0|新乳业,313|-1.28|2439.96|1.37|3|24|东鹏饮料,289|1.23|2470.09|1.06|27|0|养元饮品,342|-0.53|2457.05|0.93|7|20|海融科技,347|-1.21|2427.39|1.21|6|20|养元饮品,161|-0.18|2422.96|1.24|9|13|三元股份,115|0.82|2442.76|1.06|22|4|东鹏饮料,192|-1.24|2412.44|1.25|4|22|养元饮品,276|0.25|2418.57|1.15|14|12|三元股份,110|-1.72|2377.04|1.44|2|25|贝因美,203|-2.04|2328.53|1.42|1|26|新乳业,194|-5.00|2211.99|1.94|1|26|皇氏集团,266|3.13|2281.29|1.60|27|0|皇氏集团,365|1.38|2312.71|1.21|25|2|均瑶健康,183|-1.05|2288.34|1.21|4|23|妙可蓝多,142|1.72|2327.7|1.21|25|2|均瑶健康,225|0.37|2336.24|1.23|18|7|维维股份,271|-1.36|2304.41|1.25|2|25|天润乳业,354|0.80|2322.92|1.53|19|7|三元股份,167|-1.05|2298.47|1.11|3|23|承德露露,349|-2.91|2231.6|1.03|0|27|伊利股份,135|1.83|2272.54|1.19|25|2|皇氏集团,351|2.51|2329.58|1.25|27|0|养元饮品,336|-1.82|2287.29|0.96|1|26|三元股份,213|0.92|2308.36|1.22|21|6|骑士乳业,206|0.26|2314.32|1.79|12|12|皇氏集团,387|-0.04|2313.47|1.42|13|12|养元饮品,102|0.27|2319.68|1.23|14|12|均瑶健康,215|1.44|2353.12|1.64|23|2|均瑶健康,167|0.43|2363.15|1.43|10|17|均瑶健康,354|0.27|2369.46|1.57|15|9|妙可蓝多,336|-0.62|2354.83|1.52|8|19|养元饮品,322|-0.16|2351.16|1.40|12|15|泉阳泉,102|0.00|2351.21|1.67|13|12|西部牧业
BK1283|银行,,,,,,,,,,,,,,,,,,,,,,,,,,,,,,,,,,,,,,,,,,,,,,,,,,,,,,,,,,,,,,,,,,,,,,,440|-0.34|4075.35|0.21|9|28|招商银行,476|-0.44|4057.25|0.29|8|31|紫金银行,248|-0.24|4047.48|0.23|12|26|江苏银行,343|0.18|4054.78|0.21|25|14|厦门银行,71|0.71|4083.37|0.32|28|8|厦门银行,38|0.43|4100.96|0.46|22|20|重庆银行,386|-1.31|4047.32|0.40|4|36|重庆银行,277|0.81|4080.13|0.27|38|4|重庆银行,415|0.36|4094.94|0.22|31|6|重庆银行,164|-0.54|4072.92|0.30|2|36|重庆银行,432|0.10|4077.11|0.24|23|13|民生银行,92|0.90|4113.78|0.24|41|1|渝农商行,51|0.97|4153.83|0.28|39|2|渝农商行,70|0.39|4169.92|0.30|27|8|重庆银行,177|0.45|4188.62|0.26|27|10|厦门银行,28|0.68|4217.23|0.30|35|7|中信银行,400|-0.63|4190.74|0.30|1|38|中信银行,37|-0.51|4169.56|0.29|7|35|工商银行,43|-0.39|4153.4|0.27|8|33|厦门银行,83|-3.72|3998.76|0.45|0|42|中信银行,400|2.46|4097.3|0.30|42|0|青岛银行,398|1.17|4145.41|0.28|38|4|紫金银行,35|0.24|4155.36|0.24|26|10|渝农商行,485|-0.86|4119.83|0.22|3|39|平安银行,216|0.40|4136.16|0.23|25|8|厦门银行,30|0.47|4155.7|0.36|31|9|中国银行,435|-0.01|4155.46|0.28|18|18|青岛银行,53|0.37|4170.86|0.25|24|16|农业银行,71|-1.23|4119.5|0.22|1|40|杭州银行,481|-0.78|4087.39|0.21|4|37|齐鲁银行,447|1.23|4137.7|0.27|37|4|渝农商行,207|-1.09|4092.52|0.18|2|40|杭州银行,401|0.09|4096.25|0.16|18|20|沪农商行,270|-0.04|4094.6|0.16|15|23|厦门银行,197|0.83|4128.51|0.18|39|0|重庆银行,57|0.82|4162.35|0.22|36|2|苏州银行,479|-0.35|4147.98|0.20|8|27|齐鲁银行,269|-0.17|4140.8|0.17|9|26|重庆银行,201|0.89|4177.54|0.21|29|4|宁波银行,88|0.67|4205.46|0.22|30|7|青岛银行,340|-0.27|4194.2|0.19|11|26|张家港行,42|1.11|4240.8|0.26|33|7|贵阳银行
BK1287|工业金属,,,,,,,,,,,,,,,,,,,,,,,,,,,,,,,,,,,,,,,,,,,,,,,,,,,,,,,,,,,,,,,,,,,,,,,54|3.44|3758.82|2.74|55|4|海星股份,46|3.21|3879.52|3.43|56|4|中色股份,297|-0.53|3859.1|2.93|16|43|万顺新材,48|2.59|3958.86|3.34|54|5|锌业股份,59|1.07|4001.29|4.60|31|29|海星股份,462|-5.69|3773.53|3.98|0|60|神火股份,73|0.48|3791.82|3.14|33|25|南山铝业,334|0.47|3809.78|2.86|34|25|顺博合金,480|-1.41|3756.16|2.28|13|46|鑫源智造,257|-1.00|3718.69|2.82|19|41|鼎胜新材,346|0.82|3749.35|2.02|42|17|海星股份,188|0.13|3754.21|2.02|29|29|天山铝业,79|0.43|3770.52|2.75|26|31|众源新材,438|-2.24|3685.94|2.70|6|54|海亮股份,448|-1.78|3620.27|3.08|11|47|利源股份,376|-2.42|3532.83|2.16|7|52|众源新材,427|-0.80|3504.48|2.03|17|42|银邦股份,480|-5.27|3319.9|3.00|0|59|银邦股份,247|-2.29|3243.93|2.33|4|55|鼎胜新材,330|-5.70|3058.91|3.02|1|58|国城矿业,60|4.50|3196.61|2.66|57|2|丽岛新材,152|2.35|3271.75|2.56|57|2|盛屯矿业,187|-1.07|3236.88|1.79|11|47|丽岛新材,69|2.40|3314.43|1.92|53|6|金徽股份,17|3.26|3422.55|2.88|51|8|常铝股份,334|-1.70|3364.22|2.84|9|50|闽发铝业,245|1.41|3411.65|2.47|47|12|丽岛新材,238|-1.50|3360.57|2.16|13|45|云铝股份,249|-2.40|3279.75|1.53|7|51|利源股份,130|1.91|3342.44|1.63|49|9|怡球资源,105|4.90|3506.32|2.91|58|0|豫光金铅,52|-0.03|3505.19|2.14|24|33|和胜股份,421|-0.02|3504.34|1.91|24|34|豪美新材,67|1.13|3544.01|1.84|37|19|焦作万方,124|1.35|3592.03|2.24|49|10|众源新材,370|-0.99|3556.5|2.29|9|50|和胜股份,44|2.75|3654.19|2.14|55|4|宁波富邦,82|1.29|3701.51|2.31|37|21|株冶集团,300|0.47|3718.99|2.52|35|23|株冶集团,344|-0.63|3695.38|1.95|15|44|株冶集团,135|0.74|3722.59|2.55|34|24|锌业股份,456|-2.67|3623.37|2.64|5|54|锌业股份
BK1288|金属新材料,,,,,,,,,,,,,,,,,,,,,,,,,,,,,,,,,,,,,,,,,,,,,,,,,,,,,,,,,,,,,,,,,,,,,,,129|2.25|6389.95|2.70|29|4|江南新材,48|3.08|6586.53|5.25|31|2|金力永磁,68|1.41|6679.5|3.98|15|18|悦安新材,138|1.16|6756.84|4.27|25|8|金力永磁,153|-1.04|6686.41|4.69|6|27|龙磁科技,469|-5.98|6286.54|4.75|0|32|博威合金,69|0.52|6319.15|3.07|16|17|福达合金,286|0.76|6367.41|3.20|21|12|龙磁科技,437|-0.25|6351.49|2.59|13|20|云路股份,439|-2.19|6212.34|3.62|5|28|隆达股份,32|3.37|6421.68|2.84|32|1|铂科新材,481|-1.80|6306.31|2.60|4|29|深圳新星,414|-1.52|6210.45|2.66|5|28|深圳新星,434|-2.19|6074.75|2.75|2|31|中洲特材,395|-0.89|6020.88|2.77|7|24|悦安新材,431|-3.01|5839.75|2.47|2|31|惠同新材,73|1.74|5941.25|2.15|29|4|新莱福,443|-3.87|5711.29|2.58|2|32|江南新材,375|-2.89|5546.42|2.27|4|30|隆达股份,359|-5.82|5223.56|2.95|1|33|深圳新星,345|2.83|5371.36|2.29|32|2|新莱福,215|2.07|5482.63|2.19|33|0|博迁新材,269|-1.50|5400.15|1.82|4|30|天力复合,64|2.44|5532.12|2.12|32|2|深圳新星,86|1.16|5596.31|2.14|24|9|族兴新材,173|-0.93|5544.17|2.00|5|29|新莱福,156|1.87|5647.61|2.06|29|4|龙磁科技,439|-2.77|5491.06|1.69|0|34|大地熊,95|-1.43|5412.5|1.40|7|27|博迁新材,202|1.43|5489.69|1.60|26|8|中科磁业,77|5.32|5781.57|2.91|34|0|福达合金,59|-0.13|5773.77|3.06|14|19|新莱福,311|0.57|5806.85|3.13|20|15|福达合金,195|0.33|5826.11|2.63|20|11|博迁新材,183|0.87|5876.76|2.63|21|14|天力复合,238|-0.44|5850.81|2.70|13|22|族兴新材,290|1.14|5917.32|2.11|29|6|龙磁科技,51|1.81|6024.33|2.40|26|7|族兴新材,76|1.76|6130.38|3.08|25|10|有研复材,173|0.06|6133.94|2.73|16|18|有研复材,325|-0.17|6123.27|2.98|12|21|博迁新材,463|-2.83|5949.69|3.10|5|30|隆达股份
BK1289|大众出版,,,,,,,,,,,,,,,,,,,,,,,,,,,,,,,,,,,,,,,,,,,,,,,,,,,,,,,,,,,,,,,,,,,,,,,457|-0.69|2011.72|2.22|9|9|中信出版,88|2.03|2052.64|2.22|15|2|中信出版,300|-0.55|2041.41|2.51|6|12|中信出版,202|0.75|2056.66|1.54|12|4|中信出版,457|-3.88|1976.92|2.15|0|18|皖新传媒,292|-3.31|1911.51|2.12|0|18|新经典,437|-1.80|1877.16|1.53|0|17|粤 传 媒,198|1.19|1899.51|1.31|15|3|中原传媒,223|1.59|1929.78|1.61|15|3|新华传媒,180|-0.63|1917.67|1.80|5|13|粤 传 媒,242|1.48|1946.09|1.37|16|2|荣信文化,129|0.50|1955.91|1.37|6|10|中国科传,146|-0.21|1951.86|1.67|6|12|中国科传,386|-1.48|1922.93|1.63|2|15|*ST华闻,64|1.34|1948.7|1.56|16|1|粤 传 媒,269|-1.64|1916.65|1.30|2|16|中原传媒,167|1.04|1936.59|1.47|12|6|出版传媒,29|-0.04|1935.88|1.58|7|11|中国科传,400|-3.12|1875.43|1.63|0|18|中原传媒,448|-6.30|1757.35|1.85|0|18|粤 传 媒,161|3.74|1823.04|1.56|18|0|中国科传,100|2.59|1870.21|1.65|18|0|出版传媒,322|-1.73|1837.91|1.45|1|17|内蒙新华,362|0.74|1851.54|1.29|15|3|中原传媒,130|0.83|1866.98|1.53|16|2|粤 传 媒,160|-0.86|1850.95|1.67|3|14|新华传媒,363|0.70|1863.88|1.33|13|3|中信出版,300|-1.76|1831.05|1.16|1|17|内蒙新华,404|-3.25|1771.53|1.30|1|17|*ST华闻,108|2.19|1810.33|1.31|16|2|粤 传 媒,94|5.12|1903.09|1.49|18|0|粤 传 媒,194|-1.05|1883.19|2.38|3|15|中原传媒,43|1.85|1918.1|2.03|15|3|出版传媒,475|-1.56|1888.22|2.04|3|15|粤 传 媒,288|0.47|1897.11|2.84|11|6|中信出版,375|-1.04|1877.41|2.18|2|16|*ST华闻,253|1.31|1902.03|2.24|17|1|粤 传 媒,357|-0.60|1890.59|1.91|4|14|中原传媒,85|1.69|1922.59|1.92|13|5|中信出版,183|0.01|1922.74|1.60|6|10|中信出版,422|-0.80|1907.42|1.36|3|14|中国科传,120|-0.13|1904.85|1.61|6|11|中国科传
BK1290|教育出版,,,,,,,,,,,,,,,,,,,,,,,,,,,,,,,,,,,,,,,,,,,,,,,,,,,,,,,,,,,,,,,,,,,,,,,447|-0.49|2403.93|1.28|2|6|世纪天鸿,390|0.24|2409.74|1.11|8|2|新华文轩,218|-0.10|2407.31|1.18|2|8|世纪天鸿,258|0.51|2419.68|0.94|7|0|世纪天鸿,265|-2.15|2367.64|1.26|0|10|凤凰传媒,171|-2.23|2314.9|1.27|0|10|中南传媒,463|-2.23|2263.32|1.04|0|10|天舟文化,308|0.64|2277.85|0.89|9|1|天舟文化,195|1.75|2317.68|0.68|10|0|中南传媒,81|0.35|2325.7|0.83|6|4|世纪天鸿,338|0.88|2346.16|0.75|9|0|龙版传媒,127|0.51|2358.04|0.73|7|2|长江传媒,133|-0.12|2355.28|0.67|6|3|新华文轩,322|-1.05|2330.45|0.74|2|7|中南传媒,166|0.51|2342.43|0.68|10|0|天舟文化,108|-0.71|2325.72|0.64|2|8|新华文轩,152|1.12|2351.68|0.70|8|1|世纪天鸿,53|-0.88|2331.07|0.61|0|10|山东出版,146|-1.66|2292.37|0.75|0|10|新华文轩,351|-5.79|2159.75|1.15|0|10|凤凰传媒,377|2.63|2216.47|0.77|10|0|龙版传媒,328|1.60|2251.85|0.70|10|0|天舟文化,243|-1.34|2221.78|0.58|0|10|山东出版,379|0.70|2237.3|0.58|6|4|天舟文化,111|1.03|2260.37|0.57|9|1|山东出版,85|-0.31|2253.31|0.66|5|5|凤凰传媒,164|1.83|2294.44|0.77|10|0|龙版传媒,156|-0.97|2272.29|0.63|0|10|新华文轩,292|-2.64|2212.39|0.57|0|10|浙版传媒,304|0.96|2233.67|0.60|6|4|世纪天鸿,172|4.06|2324.36|1.09|10|0|天舟文化,41|0.18|2328.57|0.92|4|6|新华文轩,354|0.37|2337.2|0.86|8|1|世纪天鸿,494|-2.71|2273.92|0.82|0|10|浙版传媒,449|-0.53|2261.79|0.92|6|4|天舟文化,237|-0.44|2251.83|0.76|4|6|中南传媒,412|0.52|2263.58|0.93|5|4|世纪天鸿,227|0.02|2263.96|0.84|4|5|南方传媒,374|0.20|2268.49|0.90|6|4|世纪天鸿,224|-0.16|2264.79|0.97|7|3|天舟文化,451|-1.04|2241.13|0.71|0|9|长江传媒,187|-0.62|2227.2|0.96|4|6|浙版传媒
BK1291|电视广播Ⅲ,,,,,,,,,,,,,,,,,,,,,,,,,,,,,,,,,,,,,,,,,,,,,,,,,,,,,,,,,,,,,,,,,,,,,,,472|-1.64|1638.57|3.06|2|12|电广传媒,414|0.14|1640.8|2.39|10|4|东方明珠,455|-1.65|1613.78|2.44|1|13|歌华有线,325|0.24|1617.6|1.98|8|5|东方明珠,489|-4.75|1540.77|3.13|0|14|湖北广电,378|-4.23|1475.56|2.80|0|14|无线传媒,291|-0.89|1462.36|1.82|3|11|流金科技,208|1.13|1478.83|1.68|12|2|贵广网络,269|1.38|1499.2|1.32|13|1|天威视讯,116|-0.12|1497.33|2.09|6|6|歌华有线,240|1.49|1519.63|1.94|13|0|电广传媒,384|-0.70|1508.99|1.55|5|9|歌华有线,343|-1.16|1491.55|1.46|4|10|江苏有线,397|-1.59|1467.78|1.55|1|13|贵广网络,59|1.36|1487.72|1.51|13|1|贵广网络,300|-1.86|1460.01|1.30|0|14|湖北广电,80|1.68|1484.58|1.43|13|0|贵广网络,50|-0.77|1473.1|1.79|2|11|贵广网络,425|-3.29|1424.57|2.01|0|14|湖北广电,384|-5.89|1340.6|2.50|0|14|贵广网络,312|2.95|1380.21|1.88|14|0|吉视传媒,138|2.40|1413.35|1.70|14|0|流金科技,350|-1.84|1387.29|1.44|1|13|流金科技,85|2.14|1417.04|1.44|13|1|贵广网络,68|1.32|1435.78|1.75|10|3|贵广网络,158|-0.86|1423.48|1.85|3|11|流金科技,227|1.52|1445.05|2.20|11|3|电广传媒,477|-3.40|1395.93|1.85|0|14|新媒股份,275|-2.53|1360.66|1.63|1|13|江苏有线,208|1.41|1379.78|1.47|10|4|无线传媒,36|6.08|1463.71|2.74|14|0|电广传媒,392|-2.10|1432.95|1.99|0|13|歌华有线,433|-0.18|1430.4|1.81|6|8|北投科技,373|-0.51|1423.17|1.24|4|10|贵广网络,72|1.84|1449.32|2.57|13|1|江苏有线,445|-1.66|1425.19|1.92|1|13|新媒股份,152|1.74|1450.01|1.85|14|0|贵广网络,283|-0.24|1446.57|1.90|6|7|流金科技,383|0.16|1448.93|1.88|8|5|流金科技,465|-1.49|1427.41|1.98|1|12|吉视传媒,403|-0.66|1418|1.50|2|12|东方明珠,236|-0.87|1405.71|1.53|4|10|广电网络
BK1292|广告媒体,,,,,,,,,,,,,,,,,,,,,,,,,,,,,,,,,,,,,,,,,,,,,,,,,,,,,,,,,,,,,,,,,,,,,,,467|-1.28|2940.03|1.41|0|2|分众传媒,455|-0.16|2935.42|0.79|1|2|华媒控股,410|-1.09|2903.48|1.03|1|2|兆讯传媒,251|0.54|2919.14|0.93|2|1|兆讯传媒,420|-3.26|2823.91|2.19|0|3|兆讯传媒,333|-3.61|2722.02|1.26|0|3|分众传媒,340|-1.12|2691.63|0.95|0|3|华媒控股,335|0.47|2704.35|0.73|2|1|兆讯传媒,301|1.20|2736.79|0.59|3|0|华媒控股,105|-0.01|2736.63|0.94|2|1|兆讯传媒,370|0.72|2756.42|0.68|2|1|兆讯传媒,245|-0.17|2751.75|0.80|1|2|分众传媒,227|-0.65|2733.75|0.59|0|2|分众传媒,246|-0.62|2716.83|0.93|1|2|分众传媒,105|0.85|2739.96|0.85|2|1|华媒控股,125|-0.84|2716.84|0.98|1|2|分众传媒,138|1.17|2748.69|0.76|2|1|兆讯传媒,82|-1.36|2711.35|0.65|0|3|华媒控股,162|-1.76|2663.64|0.62|0|3|兆讯传媒,220|-5.16|2526.18|1.13|0|3|分众传媒,263|3.14|2605.61|0.76|3|0|华媒控股,428|0.86|2628.1|0.81|2|1|兆讯传媒,194|-1.10|2599.08|0.87|0|3|分众传媒,276|1.07|2626.92|0.60|3|0|兆讯传媒,279|0.13|2630.35|0.70|2|0|华媒控股,56|0.01|2630.68|0.77|1|2|分众传媒,325|0.95|2655.8|0.62|3|0|兆讯传媒,329|-1.88|2605.83|0.53|0|3|分众传媒,474|-4.42|2490.64|0.73|0|3|分众传媒,214|1.37|2524.88|0.53|2|1|华媒控股,131|4.53|2639.14|0.93|3|0|兆讯传媒,473|-2.92|2562.05|0.82|0|3|兆讯传媒,164|1.13|2590.93|0.82|3|0|分众传媒,450|-1.12|2561.82|1.28|1|2|兆讯传媒,263|0.56|2576.18|0.91|2|1|分众传媒,335|-0.87|2553.73|0.69|0|2|分众传媒,243|1.36|2588.36|0.93|2|1|华媒控股,413|-1.10|2559.99|1.18|0|3|兆讯传媒,218|0.83|2581.22|0.71|2|1|兆讯传媒,266|-0.32|2572.96|0.98|1|2|分众传媒,473|-1.31|2539.29|0.93|0|3|分众传媒,161|-0.48|2527.21|0.88|0|3|兆讯传媒
BK1293|营销代理,,,,,,,,,,,,,,,,,,,,,,,,,,,,,,,,,,,,,,,,,,,,,,,,,,,,,,,,,,,,,,,,,,,,,,,480|-1.99|5942.89|8.01|5|21|ST联合,490|-1.14|5875.33|7.20|8|17|遥望科技,443|-1.48|5788.49|6.52|4|22|国脉文化,206|0.73|5830.83|6.49|20|4|浙文互联,487|-4.67|5558.35|8.06|1|26|ST联合,449|-5.19|5269.68|7.30|0|27|遥望科技,152|-0.23|5257.47|4.52|9|15|佳云科技,63|1.95|5360.17|4.87|27|0|佳云科技,387|0.66|5395.77|3.56|19|8|龙韵股份,61|0.79|5438.59|5.16|21|5|三人行,385|0.63|5472.86|6.19|20|5|龙韵股份,486|-1.85|5371.47|4.72|1|26|国脉文化,436|-1.66|5282.06|4.19|1|26|智度股份,419|-1.87|5183.41|4.05|1|26|ST联合,31|1.99|5286.55|4.15|26|1|天地在线,236|-1.50|5207.1|3.91|1|26|天地在线,96|1.61|5290.84|3.24|27|0|引力传媒,157|-2.03|5183.43|3.45|1|26|天地在线,427|-3.30|5012.57|3.89|0|27|ST华扬,412|-6.10|4706.74|4.64|0|27|ST华扬,247|3.23|4858.91|4.08|26|1|龙韵股份,119|2.49|4979.98|3.66|26|1|三人行,378|-2.01|4879.78|2.83|1|26|ST联合,138|1.73|4964.15|2.99|26|1|天地在线,234|0.34|4981.02|2.85|21|6|三人行,75|-0.26|4967.88|5.14|7|19|天地在线,396|0.46|4990.5|5.27|19|7|省广集团,464|-3.08|4836.59|4.42|0|27|三人行,431|-3.49|4668|3.48|0|27|ST联合,113|2.11|4766.65|3.00|24|3|元隆雅图,6|7.89|5142.62|8.27|27|0|浙文互联,400|-2.14|5032.68|9.35|4|22|ST联合,391|0.14|5039.61|6.50|14|12|旗天科技,318|-0.27|5025.83|4.80|7|19|ST华扬,133|1.18|5085.05|6.92|23|3|易点天下,454|-1.83|4992.17|5.39|2|25|元隆雅图,49|2.65|5124.37|7.46|27|0|浙文互联,246|-0.06|5121.55|6.93|7|18|蓝色光标,39|2.31|5239.68|8.60|26|1|三人行,458|-1.37|5168.02|6.50|5|22|ST华扬,374|-0.46|5144.35|5.92|7|19|三人行,84|0.21|5155.36|7.96|6|20|旗天科技
BK1294|门户网站,,,,,,,,,,,,,,,,,,,,,,,,,,,,,,,,,,,,,,,,,,,,,,,,,,,,,,,,,,,,,,,,,,,,,,,486|-2.36|3573.7|7.56|3|6|昆仑万维,457|-0.20|3566.67|5.93|6|3|卓创资讯,226|-0.16|3560.96|4.41|3|6|生 意 宝,129|1.27|3606.01|6.05|5|4|昆仑万维,453|-3.69|3472.8|5.49|0|9|卓创资讯,440|-5.03|3298.1|5.42|0|9|生 意 宝,354|-1.17|3259.54|3.08|1|8|*ST返利,233|1.02|3292.78|2.74|9|0|生 意 宝,228|1.56|3344.26|2.49|6|2|卓创资讯,53|1.00|3377.78|3.83|7|2|*ST返利,279|1.29|3421.23|3.91|9|0|三六五网,441|-0.97|3387.92|3.21|2|6|*ST返利,110|0.09|3390.81|2.75|3|6|生 意 宝,460|-2.58|3303.32|2.89|0|9|*ST返利,104|0.87|3332|2.07|8|1|卓创资讯,257|-1.59|3279|2.52|2|6|值得买,35|2.30|3354.36|2.35|9|0|卓创资讯,30|-0.04|3352.88|5.46|3|6|昆仑万维,469|-4.00|3218.69|4.36|0|9|昆仑万维,440|-6.24|3017.99|3.91|0|9|人民网,280|3.08|3111.02|3.37|8|1|卓创资讯,102|2.58|3191.34|3.17|9|0|昆仑万维,256|-1.41|3146.44|2.61|2|7|*ST返利,330|0.85|3173.24|2.24|8|1|生 意 宝,237|0.34|3183.98|2.68|8|1|*ST返利,137|-0.76|3159.81|2.43|2|7|卓创资讯,263|1.33|3201.7|2.55|8|1|昆仑万维,473|-3.32|3095.49|2.70|0|9|生 意 宝,363|-2.96|3003.9|1.89|0|9|*ST返利,154|1.72|3055.57|1.84|9|0|卓创资讯,13|7.23|3276.46|4.52|9|0|值得买,430|-2.33|3200.14|3.09|1|8|*ST返利,168|1.10|3235.24|2.66|8|1|*ST返利,379|-0.53|3217.95|2.10|2|7|三六五网,87|1.63|3270.31|2.65|7|1|值得买,279|-0.60|3250.7|2.62|2|7|三六五网,100|2.00|3315.78|3.48|9|0|昆仑万维,288|-0.25|3307.64|2.60|3|6|三六五网,88|1.67|3362.77|3.63|7|2|值得买,347|-0.65|3340.91|3.78|3|6|*ST返利,409|-0.69|3317.83|2.85|1|8|生 意 宝,310|-1.33|3273.78|2.56|0|8|*ST返利
BK1295|其他数字媒体,,,,,,,,,,,,,,,,,,,,,,,,,,,,,,,,,,,,,,,,,,,,,,,,,,,,,,,,,,,,,,,,,,,,,,,26|4.46|936.88|29.98|1|1|风语筑,411|0.15|938.24|28.35|1|1|风语筑,461|-1.69|922.37|21.77|0|2|凡拓数创,496|-2.74|897.13|19.01|1|1|凡拓数创,497|-6.36|840.1|15.03|0|2|凡拓数创,432|-4.83|799.52|10.67|0|2|风语筑,16|3.22|825.23|7.87|1|1|凡拓数创,30|2.59|846.57|13.87|1|1|风语筑,487|-2.08|828.93|8.23|0|2|凡拓数创,23|2.04|845.83|7.37|1|1|凡拓数创,329|0.93|853.69|7.27|2|0|凡拓数创,473|-1.65|839.58|7.14|0|2|风语筑,490|-2.76|816.38|5.34|0|2|凡拓数创,425|-2.00|800.03|6.02|0|2|凡拓数创,231|0.22|801.82|4.98|1|1|风语筑,320|-2.10|784.96|4.57|0|2|凡拓数创,57|1.95|800.24|3.14|2|0|风语筑,112|-1.77|786.04|2.99|0|2|风语筑,303|-2.50|766.36|3.72|0|2|凡拓数创,409|-6.04|720.06|4.65|0|2|风语筑,355|2.76|739.96|3.81|2|0|风语筑,364|1.39|750.21|3.48|2|0|风语筑,420|-2.32|732.82|2.82|0|2|凡拓数创,391|0.64|737.51|2.36|1|1|风语筑,146|0.73|742.92|2.17|2|0|风语筑,372|-2.05|727.72|2.52|0|2|风语筑,163|1.83|741.03|2.29|2|0|凡拓数创,349|-2.03|726|1.95|0|2|风语筑,129|-1.65|714.02|2.04|0|2|凡拓数创,237|1.31|723.37|1.66|2|0|风语筑,84|5.25|761.33|3.97|2|0|风语筑,490|-3.40|735.41|2.81|0|2|风语筑,15|2.83|756.22|4.34|2|0|凡拓数创,436|-0.95|749.02|2.86|0|2|凡拓数创,8|4.14|780.05|2.71|2|0|凡拓数创,423|-1.39|769.19|2.68|0|2|风语筑,8|4.69|805.24|4.47|2|0|凡拓数创,153|0.54|809.59|3.27|1|1|凡拓数创,36|2.40|829.04|3.46|2|0|凡拓数创,4|2.81|852.34|8.86|2|0|风语筑,484|-1.67|838.07|5.92|0|2|凡拓数创,4|2.81|861.61|11.19|2|0|风语筑
BK1296|视频媒体,,,,,,,,,,,,,,,,,,,,,,,,,,,,,,,,,,,,,,,,,,,,,,,,,,,,,,,,,,,,,,,,,,,,,,,490|-4.80|1186.97|3.13|0|1|芒果超媒,397|0.20|1189.34|1.95|1|0|芒果超媒,483|-2.40|1160.84|2.40|0|1|芒果超媒,425|-0.25|1157.99|1.60|0|1|芒果超媒,435|-3.40|1118.57|2.63|0|1|芒果超媒,354|-3.91|1074.87|2.44|0|1|芒果超媒,449|-1.99|1053.5|1.99|0|1|芒果超媒,230|1.04|1064.42|1.42|1|0|芒果超媒,330|1.07|1075.82|1.09|1|0|芒果超媒,381|-1.59|1058.72|1.57|0|1|芒果超媒,386|0.63|1065.37|2.06|1|0|芒果超媒,236|-0.13|1063.95|1.30|0|1|芒果超媒,195|-0.49|1058.72|1.14|0|1|芒果超媒,226|-0.49|1053.5|1.08|0|1|芒果超媒,134|0.72|1061.1|0.99|1|0|芒果超媒,94|-0.63|1054.45|1.29|0|1|芒果超媒,282|0.22|1056.82|1.13|1|0|芒果超媒,65|-1.17|1044.47|1.04|0|1|芒果超媒,393|-3.05|1012.65|1.59|0|1|芒果超媒,116|-4.22|969.9|1.55|0|1|芒果超媒,331|2.89|997.93|1.27|1|0|芒果超媒,491|-0.76|990.33|2.15|0|1|芒果超媒,379|-2.01|970.38|1.42|0|1|芒果超媒,306|0.98|979.88|1.15|1|0|芒果超媒,235|0.34|983.2|0.89|1|0|芒果超媒,99|-0.48|978.45|1.09|0|1|芒果超媒,149|1.89|996.98|1.00|1|0|芒果超媒,165|-1.05|986.53|0.96|0|1|芒果超媒,235|-2.36|963.25|0.87|0|1|芒果超媒,166|1.63|978.93|0.65|1|0|芒果超媒,167|4.12|1019.3|1.91|1|0|芒果超媒,445|-2.47|994.13|1.43|0|1|芒果超媒,55|1.72|1011.23|1.45|1|0|芒果超媒,471|-1.46|996.5|1.12|0|1|芒果超媒,156|1.05|1006.95|1.38|1|0|芒果超媒,393|-1.13|995.55|1.11|0|1|芒果超媒,321|1.00|1005.53|1.30|1|0|芒果超媒,353|-0.57|999.83|1.38|0|1|芒果超媒,237|0.76|1007.43|1.42|1|0|芒果超媒,271|-0.33|1004.1|0.92|0|1|芒果超媒,355|-0.33|1000.78|1.13|0|1|芒果超媒,136|-0.33|997.45|1.65|0|1|芒果超媒
BK1297|图片媒体,,,,,,,,,,,,,,,,,,,,,,,,,,,,,,,,,,,,,,,,,,,,,,,,,,,,,,,,,,,,,,,,,,,,,,,496|-9.99|4490.16|16.28|0|1|视觉中国,492|-1.54|4420.93|9.83|0|1|视觉中国,450|-1.57|4351.69|7.45|0|1|视觉中国,149|1.05|4397.29|7.38|1|0|视觉中国,492|-4.95|4179.45|9.32|0|1|视觉中国,461|-5.66|3943.03|7.67|0|1|视觉中国,150|-0.21|3934.59|5.10|0|1|视觉中国,275|0.82|3966.68|4.26|1|0|视觉中国,440|-0.38|3951.48|3.20|0|1|视觉中国,76|0.47|3970.05|4.68|1|0|视觉中国,369|0.72|3998.76|5.56|1|0|视觉中国,493|-2.62|3894.06|4.73|0|1|视觉中国,334|-1.13|3850.16|3.62|0|1|视觉中国,478|-3.03|3733.64|4.24|0|1|视觉中国,51|1.49|3789.37|3.83|1|0|视觉中国,319|-2.09|3710|3.02|0|1|视觉中国,75|1.73|3774.17|3.02|1|0|视觉中国,166|-2.10|3694.8|3.20|0|1|视觉中国,470|-4.02|3546.2|3.69|0|1|视觉中国,224|-5.19|3362.13|4.62|0|1|视觉中国,423|2.06|3431.37|3.28|1|0|视觉中国,320|1.62|3487.09|3.12|1|0|视觉中国,424|-2.37|3404.35|2.19|0|1|视觉中国,114|1.93|3470.21|2.55|1|0|视觉中国,256|0.24|3478.65|2.24|1|0|视觉中国,417|-2.57|3389.15|3.13|0|1|视觉中国,83|2.29|3466.83|3.31|1|0|视觉中国,469|-3.21|3355.38|3.01|0|1|视觉中国,440|-3.57|3235.48|2.71|0|1|视觉中国,280|1.10|3270.94|1.90|1|0|视觉中国,5|8.78|3558.02|6.86|1|0|视觉中国,487|-3.32|3439.81|3.87|0|1|视觉中国,265|0.74|3465.14|3.19|1|0|视觉中国,305|-0.19|3458.39|2.04|0|1|视觉中国,127|1.27|3502.29|2.81|1|0|视觉中国,412|-1.30|3456.7|2.64|0|1|视觉中国,123|1.86|3520.87|3.29|1|0|视觉中国,118|0.82|3549.57|4.57|1|0|视觉中国,50|2.14|3625.56|4.89|1|0|视觉中国,488|-1.96|3554.64|3.39|0|1|视觉中国,263|0.10|3558.02|2.95|1|0|视觉中国,386|-1.80|3493.85|2.95|0|1|视觉中国
BK1298|文字媒体,,,,,,,,,,,,,,,,,,,,,,,,,,,,,,,,,,,,,,,,,,,,,,,,,,,,,,,,,,,,,,,,,,,,,,,497|-10.41|3671.63|17.33|0|2|中文在线,498|-4.96|3489.54|11.77|1|1|中文在线,398|-0.99|3454.85|16.50|0|2|中文在线,426|-0.26|3446.04|13.48|0|2|掌阅科技,496|-5.89|3243.03|12.76|0|2|中文在线,459|-5.61|3061.07|11.06|0|2|掌阅科技,219|-0.59|3043.13|7.25|1|1|掌阅科技,77|1.84|3099.11|8.62|2|0|掌阅科技,358|0.88|3126.39|9.36|2|0|中文在线,106|-0.01|3126.1|8.16|1|1|掌阅科技,430|0.13|3130.23|7.83|1|1|中文在线,489|-1.96|3069.01|6.02|0|2|中文在线,367|-1.28|3029.75|5.94|0|2|中文在线,491|-3.99|2908.8|6.68|0|2|掌阅科技,8|3.25|3003.26|5.75|2|0|掌阅科技,417|-2.85|2917.64|4.28|0|2|中文在线,44|2.16|2980.6|4.02|2|0|掌阅科技,45|-0.61|2962.32|6.05|1|1|掌阅科技,483|-4.28|2835.67|6.45|0|2|中文在线,413|-6.11|2662.35|6.62|0|2|中文在线,254|3.21|2747.78|5.42|2|0|中文在线,68|2.81|2824.92|5.11|2|0|中文在线,317|-1.72|2776.33|4.27|0|2|中文在线,324|0.89|2800.95|4.32|2|0|中文在线,15|3.39|2895.97|9.06|2|0|中文在线,332|-1.70|2846.64|5.55|0|2|掌阅科技,110|2.09|2906.2|5.98|2|0|掌阅科技,411|-2.44|2835.27|5.47|0|2|掌阅科技,432|-3.51|2735.7|3.94|0|2|中文在线,45|3.34|2827.18|6.09|2|0|中文在线,1|10.04|3110.99|15.19|2|0|中文在线,496|-5.22|2948.52|9.85|0|2|掌阅科技,482|-1.11|2915.83|6.66|0|2|掌阅科技,453|-1.16|2882.02|4.31|0|2|掌阅科技,9|3.94|2995.48|9.33|2|0|掌阅科技,459|-1.93|2937.65|5.82|0|2|掌阅科技,68|2.38|3007.49|7.73|2|0|中文在线,287|-0.24|3000.14|5.55|1|1|中文在线,6|4.74|3142.23|11.02|2|0|中文在线,71|0.85|3168.95|8.45|2|0|掌阅科技,137|0.72|3191.81|6.88|1|1|掌阅科技,152|-0.44|3177.92|8.45|1|1|中文在线
BK1299|影视动漫制作,,,,,,,,,,,,,,,,,,,,,,,,,,,,,,,,,,,,,,,,,,,,,,,,,,,,,,,,,,,,,,,,,,,,,,,494|-6.64|4770.15|8.99|0|15|*ST天择,491|-1.47|4700.12|8.63|8|6|上海电影,490|-2.56|4579.63|7.43|1|13|*ST天择,408|-0.13|4573.63|5.63|7|6|*ST天择,474|-4.03|4389.44|6.91|0|14|*ST天择,401|-4.52|4191.13|5.98|0|14|北京文化,199|-0.51|4169.8|3.82|3|10|中国电影,274|0.82|4203.87|4.20|10|4|欢瑞世纪,297|1.23|4255.51|3.62|12|2|华谊兄弟,127|-0.20|4247.06|3.91|3|10|华智数媒,431|0.13|4252.51|4.24|10|4|华智数媒,414|-0.84|4216.8|3.20|2|12|华智数媒,271|-0.84|4181.39|3.12|3|10|华智数媒,396|-1.59|4114.94|3.16|1|13|欢瑞世纪,90|1.04|4157.88|2.85|11|1|百纳千成,290|-1.79|4083.31|2.78|0|14|上海电影,243|0.47|4102.4|2.40|9|4|捷成股份,154|-2.03|4019.28|2.64|0|13|华策影视,411|-3.17|3891.69|3.24|0|14|中国电影,245|-5.33|3684.17|3.69|0|14|北京文化,303|2.98|3794.11|2.99|14|0|慈文传媒,263|1.84|3863.98|2.66|14|0|华谊兄弟,335|-1.77|3795.61|2.16|0|14|*ST天择,167|1.51|3852.75|1.98|14|0|华智数媒,112|1.03|3892.3|2.37|13|1|华谊兄弟,61|-0.11|3887.9|2.89|5|9|光线传媒,284|1.24|3936.01|2.40|13|0|上海电影,415|-2.47|3838.97|2.30|0|14|欢瑞世纪,364|-2.97|3724.85|2.09|0|14|上海电影,234|1.32|3774.09|2.03|11|3|欢瑞世纪,50|5.78|3992.14|4.99|14|0|欢瑞世纪,274|-1.48|3933.21|4.18|3|11|光线传媒,255|0.78|3963.93|4.12|11|2|华谊兄弟,162|0.46|3982.2|3.76|6|7|华谊兄弟,85|1.64|4047.4|4.03|14|0|光线传媒,465|-2.05|3964.6|3.77|1|13|*ST天择,16|3.70|4111.27|5.62|14|0|华谊兄弟,99|1.10|4156.4|7.59|7|6|博纳影业,310|0.44|4174.64|6.50|10|4|华策影视,51|1.09|4219.96|5.90|8|6|北京文化,493|-2.70|4106.08|5.60|2|12|华策影视,141|-0.35|4091.62|6.67|5|9|华谊兄弟
BK1300|院线,,,,,,,,,,,,,,,,,,,,,,,,,,,,,,,,,,,,,,,,,,,,,,,,,,,,,,,,,,,,,,,,,,,,,,,498|-12.06|873.14|6.57|0|4|金逸影视,497|-2.41|852.13|4.96|2|2|幸福蓝海,496|-3.93|818.61|4.72|0|4|万达电影,406|-0.12|817.59|2.92|2|2|横店影视,479|-4.14|783.71|3.91|0|4|万达电影,359|-3.99|752.43|3.55|0|4|万达电影,101|0.19|753.88|2.12|2|2|横店影视,393|0.02|754.05|2.10|1|3|金逸影视,309|1.16|762.81|1.65|4|0|金逸影视,176|-0.62|758.09|2.32|1|3|横店影视,437|-0.07|757.59|1.60|3|1|万达电影,457|-1.19|748.61|1.54|0|4|横店影视,353|-1.22|739.44|1.50|0|4|万达电影,289|-0.91|732.69|1.51|0|4|金逸影视,42|1.72|745.29|1.42|4|0|横店影视,152|-0.97|738.03|1.38|0|4|金逸影视,205|0.80|743.96|1.31|3|1|金逸影视,108|-1.68|731.47|1.60|0|4|金逸影视,231|-2.20|715.35|1.58|0|4|金逸影视,44|-2.58|696.92|2.32|0|4|金逸影视,267|3.13|718.72|1.72|4|0|金逸影视,412|1.05|726.3|1.42|4|0|幸福蓝海,265|-1.48|715.56|1.34|0|4|金逸影视,304|0.98|722.57|1.30|4|0|幸福蓝海,33|2.09|737.7|2.05|4|0|万达电影,90|-0.43|734.53|1.46|0|3|横店影视,104|2.14|750.24|2.29|4|0|金逸影视,490|-4.31|717.89|1.59|0|4|万达电影,482|-4.59|684.94|1.48|0|4|万达电影,115|2.06|699.06|1.35|4|0|幸福蓝海,193|3.87|726.08|2.22|4|0|幸福蓝海,360|-1.94|712.03|1.60|0|4|万达电影,343|0.41|714.96|1.56|3|1|幸福蓝海,93|0.91|721.44|1.33|3|1|幸福蓝海,149|1.06|729.09|1.52|3|1|横店影视,438|-1.60|717.46|1.29|0|4|万达电影,60|2.50|735.38|1.80|4|0|金逸影视,35|2.16|751.28|3.25|4|0|横店影视,466|-0.58|746.96|3.25|1|3|儒意电影,35|1.41|757.51|3.60|4|0|横店影视,495|-2.76|736.61|2.66|0|4|金逸影视,358|-1.67|724.33|1.96|1|3|儒意电影
BK1301|游戏Ⅲ,,,,,,,,,,,,,,,,,,,,,,,,,,,,,,,,,,,,,,,,,,,,,,,,,,,,,,,,,,,,,,,,,,,,,,,481|-2.03|1689.97|3.57|5|20|名臣健康,444|-0.05|1689.16|2.86|8|16|完美世界,425|-1.23|1668.31|3.18|3|22|顺网科技,175|0.92|1683.7|2.97|19|5|顺网科技,471|-4.00|1616.29|4.25|1|24|完美世界,380|-4.25|1547.6|3.37|0|25|世纪华通,305|-0.94|1533.07|2.20|2|22|ST中青宝,119|1.63|1558.08|2.82|22|3|世纪华通,376|0.79|1570.39|1.82|20|2|迅游科技,103|0.03|1570.84|2.65|10|14|顺网科技,194|1.71|1597.71|2.58|24|1|电魂网络,428|-0.90|1583.26|2.77|5|19|完美世界,284|-0.91|1568.87|3.38|6|19|掌趣科技,290|-0.92|1554.38|3.10|9|16|冰川网络,311|-0.23|1550.78|2.29|11|14|星辉娱乐,102|-0.69|1540.15|2.53|8|17|三七互娱,140|1.16|1558.03|2.04|16|7|顺网科技,227|-2.40|1520.63|2.29|2|23|浙数文化,430|-3.31|1470.28|2.27|0|25|吉比特,243|-5.32|1392.1|2.84|1|24|顺网科技,356|2.76|1430.57|2.17|25|0|凯撒文化,178|2.21|1462.21|2.14|25|0|完美世界,390|-2.11|1431.38|1.63|0|25|完美世界,169|1.49|1452.69|1.61|24|1|凯撒文化,423|-0.63|1443.58|1.59|4|16|电魂网络,262|-1.32|1424.56|1.65|4|21|世纪华通,19|4.00|1481.55|2.63|25|0|完美世界,389|-2.29|1447.63|2.12|2|23|完美世界,171|-1.87|1420.55|1.70|3|22|电魂网络,334|0.80|1431.95|1.50|16|7|迅游科技,74|5.37|1508.83|3.04|25|0|顺网科技,464|-2.66|1468.67|2.25|0|25|宝通科技,72|1.62|1492.45|2.58|22|2|恺英网络,492|-2.50|1455.15|3.16|2|21|顺网科技,257|0.60|1463.89|2.23|19|4|ST中青宝,86|0.46|1470.59|2.19|10|14|吉比特,62|2.49|1507.2|2.93|24|1|完美世界,425|-1.18|1489.41|2.37|3|22|中青宝,424|-0.17|1486.87|2.12|15|9|吉比特,61|0.99|1501.62|2.47|9|16|文投控股,384|-0.52|1493.8|2.56|10|15|顺网科技,261|-0.97|1479.38|2.93|6|19|浙数文化
BK1302|电池化学品,,,,,,,,,,,,,,,,,,,,,,,,,,,,,,,,,,,,,,,,,,,,,,,,,,,,,,,,,,,,,,,,,,,,,,,306|0.97|12195.39|3.49|34|9|湘潭电化,38|3.45|12615.77|5.49|41|2|杉杉股份,467|-1.89|12377.59|4.64|4|39|振华新材,235|0.62|12454.34|3.61|26|16|万润新能,315|-2.52|12140.43|4.14|4|39|万润新能,331|-3.60|11703.22|4.66|3|40|丰元股份,255|-0.75|11615.69|2.97|9|33|ST合纵,196|1.20|11755.01|3.00|33|9|道氏技术,394|0.65|11831.12|2.85|23|19|信德新材,48|1.15|11967.37|3.81|29|14|海科新源,231|1.52|12148.79|3.45|38|5|壹石通,14|3.20|12537.06|4.82|39|3|天赐材料,124|-0.07|12528.43|3.64|13|29|万润新能,17|1.86|12760.91|5.45|33|9|璞泰来,131|0.73|12853.54|4.80|24|18|海科新源,466|-3.61|12389.92|3.92|2|41|富临精工,450|-1.06|12258.73|3.15|9|34|万润新能,432|-3.68|11807.96|3.59|2|41|万润新能,12|1.54|11989.62|5.09|25|17|石大胜华,30|-1.86|11766.02|4.94|9|34|天华新能,410|2.30|12037.1|4.28|37|6|华盛锂电,415|1.03|12160.89|4.05|34|9|新宙邦,7|1.94|12396.52|5.00|33|9|石大胜华,21|3.76|12863.01|5.42|41|2|滨海能源,437|-0.87|12750.74|4.40|10|32|天赐材料,484|-4.15|12221.91|3.91|1|42|龙蟠科技,371|0.66|12302.86|3.36|30|13|翔丰华,301|-1.76|12085.77|3.20|6|36|信德新材,329|-2.81|11745.71|2.85|4|39|信德新材,152|1.75|11951.07|2.40|41|2|滨海能源,256|3.35|12351.43|3.52|40|3|道氏技术,83|-0.34|12309.61|3.62|14|29|天华新能,8|3.75|12771.03|5.15|42|1|石大胜华,32|1.74|12993.46|4.28|36|7|天华新能,10|3.85|13493.71|4.73|42|1|石大胜华,485|-2.75|13122.52|4.73|7|36|滨海能源,81|2.21|13412.75|4.72|36|7|龙蟠科技,94|1.15|13567.23|4.94|25|18|振华新材,470|-0.64|13480.48|3.87|14|28|龙蟠科技,37|1.26|13650.3|4.62|31|12|振华新材,61|1.34|13832.88|5.27|28|15|翔丰华,415|-2.06|13547.7|5.00|8|35|翔丰华
BK1303|锂电池,,,,,,,,,,,,,,,,,,,,,,,,,,,,,,,,,,,,,,,,,,,,,,,,,,,,,,,,,,,,,,,,,,,,,,,202|1.64|18378.63|3.12|23|7|铜冠铜箔,59|2.69|18873.49|3.72|28|1|诺德股份,295|-0.52|18774.64|4.62|11|19|科力远,472|-0.81|18622.21|4.04|9|20|欣旺达,191|-1.48|18345.96|4.12|7|23|嘉元科技,172|-2.24|17934.67|4.39|6|24|鹏辉能源,389|-1.32|17698.4|2.83|3|27|维科技术,290|0.74|17829.38|2.81|23|7|蔚蓝锂芯,366|0.84|17978.82|2.38|16|14|中一科技,236|-0.90|17816.43|3.33|9|21|鹏辉能源,40|3.06|18360.74|3.01|28|2|震裕科技,12|3.54|19011.07|5.46|29|1|中一科技,234|-0.67|18883.83|3.85|10|20|博力威,218|-0.47|18795.65|3.95|12|18|维科技术,168|0.50|18889.7|3.51|17|15|维科技术,464|-3.59|18211.76|3.53|0|32|宁德时代,289|0.16|18241.42|2.67|15|17|震裕科技,209|-2.29|17824.14|3.00|7|25|派能科技,9|1.74|18134.33|4.79|19|13|豪鹏科技,58|-2.92|17605.66|4.65|6|26|博力威,433|1.99|17955.68|4.02|23|9|德福科技,273|1.80|18279.41|3.58|25|7|维科技术,16|1.02|18465.46|4.20|18|14|中瑞股份,72|2.32|18893.53|4.63|26|6|诺德股份,346|-0.15|18865.96|5.33|11|21|科达利,462|-3.45|18215.77|5.22|3|29|诺德股份,349|0.82|18365.76|4.54|22|10|震裕科技,345|-1.99|18000.85|3.95|6|26|科达利,338|-2.85|17488.39|3.22|3|29|博力威,66|2.70|17961.43|4.69|24|7|博力威,281|3.09|18516.39|5.09|30|2|嘉元科技,27|0.46|18601.5|4.65|17|15|德福科技,5|4.12|19368.52|7.03|27|5|国轩高科,63|1.19|19599.12|5.83|23|9|维科技术,27|2.60|20108.98|5.50|31|1|维科技术,441|-1.64|19778.9|5.35|6|25|中一科技,75|2.28|20230.06|5.41|29|3|科达利,44|1.98|20629.65|4.60|25|7|维科技术,464|-0.55|20515.25|4.20|8|23|德福科技,21|1.84|20892.34|5.34|21|11|德福科技,159|0.59|21016.14|5.30|21|11|德福科技,478|-3.33|20316.76|4.80|5|27|蔚蓝锂芯
BK1304|锂电专用设备,,,,,,,,,,,,,,,,,,,,,,,,,,,,,,,,,,,,,,,,,,,,,,,,,,,,,,,,,,,,,,,,,,,,,,,353|0.65|29800.12|2.34|12|6|锦富技术,67|2.37|30506.33|2.87|17|1|宏工科技,135|0.57|30679.53|2.88|8|10|宏工科技,467|-0.60|30496.22|2.20|7|11|星云股份,372|-2.74|29659.31|3.03|1|17|宏工科技,451|-5.22|28112.56|3.71|0|18|武汉蓝电,348|-1.14|27791.34|2.35|3|15|骄成超声,61|1.98|28341.84|2.37|14|4|星云股份,420|0.34|28437.25|1.96|7|11|誉辰智能,475|-2.74|27659.13|2.78|2|16|锦富技术,120|2.24|28277.53|2.31|18|0|誉辰智能,48|1.61|28732.64|3.40|10|7|武汉蓝电,443|-1.74|28232.86|2.63|3|15|杭可科技,266|-0.76|28017.66|2.44|7|10|金银河,268|-0.02|28011.99|2.20|8|10|正业科技,433|-3.02|27164.94|2.16|1|17|昆工科技,309|0.07|27183.32|2.01|9|8|宏工科技,393|-3.25|26300.77|2.17|0|18|誉辰智能,65|-0.94|26054.83|2.62|6|11|武汉蓝电,278|-5.48|24627.61|2.97|0|18|赢合科技,369|2.66|25283.16|2.46|17|1|骄成超声,340|1.52|25666.55|2.01|16|2|誉辰智能,121|-0.74|25476.15|2.42|4|14|武汉蓝电,53|2.73|26171.27|2.47|18|0|宏工科技,385|-0.34|26082.64|2.66|5|13|赢合科技,454|-3.25|25235.95|2.68|2|16|杭可科技,152|1.88|25711.57|2.17|17|1|骄成超声,441|-2.78|24996.2|1.84|1|17|赢合科技,206|-2.14|24462.09|1.61|2|16|骄成超声,126|1.93|24934.24|1.88|16|2|正业科技,51|5.76|26371.37|2.73|18|0|骄成超声,217|-1.14|26069.64|2.19|3|15|誉辰智能,10|3.34|26939.22|3.19|15|2|信宇人,288|-0.12|26905.74|2.69|8|9|德新科技,45|2.28|27517.91|3.28|14|3|杭可科技,476|-2.24|26902.12|3.17|2|16|正业科技,35|2.99|27707.64|3.87|18|0|德新科技,2|4.11|28845.97|5.11|16|2|纳科诺尔,405|0.01|28849.95|4.09|9|9|德新科技,90|0.63|29032.8|4.39|11|8|纳科诺尔,345|-0.29|28947.88|3.53|7|12|骄成超声,450|-2.50|28223.23|3.73|1|18|金银河
BK1305|燃料电池,,,,,,,,,,,,,,,,,,,,,,,,,,,,,,,,,,,,,,,,,,,,,,,,,,,,,,,,,,,,,,,,,,,,,,,133|2.22|466.29|2.76|1|0|亿华通-U,431|0.03|466.44|2.54|1|0|亿华通-U,153|0.38|468.2|2.41|1|0|亿华通-U,6|6.11|496.79|5.28|1|0|亿华通-U,469|-3.98|477|4.55|0|1|亿华通-U,391|-4.36|456.17|5.16|0|1|亿华通-U,1|8.49|494.88|7.43|1|0|亿华通-U,8|4.09|515.12|8.24|1|0|亿华通-U,496|-5.21|488.29|5.26|0|1|亿华通-U,303|-1.23|482.27|4.09|0|1|亿华通-U,16|3.83|500.75|4.80|1|0|亿华通-U,471|-1.64|492.54|4.35|0|1|亿华通-U,480|-2.47|480.37|3.57|0|1|亿华通-U,142|-0.09|479.93|5.42|0|1|亿华通-U,46|1.62|487.7|4.77|1|0|亿华通-U,496|-6.80|454.56|7.35|0|1|亿华通-U,494|-4.19|435.5|5.25|0|1|亿华通-U,428|-3.60|419.81|3.55|0|1|亿华通-U,442|-3.39|405.59|3.30|0|1|亿华通-U,461|-6.47|379.34|3.97|0|1|亿华通-U,10|5.91|401.77|3.07|1|0|亿华通-U,493|-0.80|398.55|2.56|0|1|亿华通-U,293|-1.62|392.1|2.28|0|1|亿华通-U,323|0.90|395.62|1.82|1|0|亿华通-U,433|-0.81|392.39|1.56|0|1|亿华通-U,415|-2.54|382.42|1.84|0|1|亿华通-U,209|1.61|388.58|1.85|1|0|亿华通-U,494|-7.13|360.86|3.95|0|1|亿华通-U,495|-6.62|336.96|4.24|0|1|亿华通-U,62|2.79|346.35|2.50|1|0|亿华通-U,282|3.09|357.05|2.00|1|0|亿华通-U,489|-3.37|345.03|1.99|0|1|亿华通-U,60|1.70|350.89|1.79|1|0|亿华通-U,16|2.72|360.42|3.01|1|0|亿华通-U,86|1.63|366.29|2.43|1|0|亿华通-U,223|-0.40|364.82|2.65|0|1|亿华通-U,37|2.94|375.53|2.55|1|0|亿华通-U,334|-0.51|373.62|1.83|0|1|亿华通-U,477|-0.71|370.98|1.57|0|1|亿华通-U,114|0.40|372.45|1.96|1|0|亿华通-U,449|-1.03|368.63|2.09|0|1|亿华通-U,229|-0.83|365.56|2.26|0|1|亿华通-U
BK1306|蓄电池及其他电池,,,,,,,,,,,,,,,,,,,,,,,,,,,,,,,,,,,,,,,,,,,,,,,,,,,,,,,,,,,,,,,,,,,,,,,242|1.34|2682.95|1.44|8|2|安孚科技,172|1.18|2714.72|2.38|8|2|雄韬股份,191|0.13|2718.15|2.09|4|6|安孚科技,450|-0.39|2707.56|1.96|5|5|圣阳股份,220|-1.83|2658.14|2.90|2|8|雄韬股份,190|-2.46|2592.77|2.77|1|9|浙江恒威,428|-1.67|2549.46|2.17|2|8|浙江恒威,46|2.25|2606.77|2.26|9|1|雄韬股份,278|1.35|2641.88|3.08|8|1|万里股份,177|-0.62|2625.43|2.87|3|7|南都电源,74|2.61|2693.88|3.22|10|0|安孚科技,13|3.25|2781.36|5.33|8|2|雄韬股份,387|-1.35|2743.72|4.13|3|7|天能股份,15|1.92|2796.36|5.31|6|4|万里股份,394|-0.87|2771.94|3.82|4|6|雄韬股份,459|-3.52|2674.32|3.55|0|10|天能股份,233|0.60|2690.32|3.21|4|6|万里股份,179|-2.19|2631.51|3.30|1|9|圣阳股份,31|0.03|2632.17|5.12|5|5|安孚科技,65|-3.12|2550.05|4.61|2|8|天能股份,375|2.63|2617.11|4.18|9|1|雄韬股份,297|1.72|2662.22|5.31|7|3|圣阳股份,87|-0.47|2649.72|5.74|4|6|骆驼股份,187|1.39|2686.46|4.82|10|0|圣阳股份,453|-1.22|2653.63|4.89|1|8|浙江恒威,307|-1.54|2612.86|5.13|1|9|圣阳股份,233|1.49|2651.73|6.02|8|2|圣阳股份,438|-2.75|2578.93|5.42|1|9|安孚科技,382|-3.11|2498.61|4.80|1|9|雄韬股份,97|2.31|2556.44|4.58|10|0|雄韬股份,310|2.88|2630.06|4.98|9|1|力王股份,22|0.81|2651.44|4.59|5|5|圣阳股份,1|5.68|2802.1|9.91|9|1|圣阳股份,61|1.21|2835.87|6.54|5|5|圣阳股份,51|2.17|2897.54|7.56|8|2|圣阳股份,334|-0.86|2872.52|5.58|2|8|圣阳股份,10|4.36|2997.79|5.10|10|0|圣阳股份,18|2.60|3075.67|5.30|7|3|安孚科技,428|-0.18|3070.16|5.19|3|7|圣阳股份,462|-1.44|3025.81|3.36|2|7|安孚科技,266|0.08|3028.22|9.12|4|6|骆驼股份,147|-0.40|3016.13|7.71|3|7|浙江恒威
BK1307|电机Ⅲ,,,,,,,,,,,,,,,,,,,,,,,,,,,,,,,,,,,,,,,,,,,,,,,,,,,,,,,,,,,,,,,,,,,,,,,335|0.79|2832.97|3.72|18|8|江特电机,398|0.19|2838.39|3.91|13|13|江特电机,147|0.45|2851.17|5.01|13|12|祥明智能,180|0.90|2876.78|3.73|12|14|祥明智能,331|-2.56|2803.08|4.51|3|23|祥明智能,407|-4.55|2675.47|4.34|1|25|八方股份,96|0.22|2681.23|2.88|13|13|八方股份,135|1.51|2721.67|2.57|23|2|华瑞股份,324|1.09|2751.47|2.15|22|4|华阳智能,276|-1.09|2721.4|2.85|3|23|江特电机,51|2.89|2800.1|2.72|25|1|兆威机电,422|-0.88|2775.37|2.47|6|20|中电电机,389|-1.37|2737.48|2.30|5|21|八方股份,348|-1.19|2704.95|2.42|3|23|佳电股份,290|-0.13|2701.43|2.31|11|13|八方股份,252|-1.58|2658.82|2.29|3|23|祥明智能,115|1.40|2696|2.20|20|6|八方股份,400|-3.28|2607.55|2.34|0|26|华瑞股份,364|-2.84|2533.39|2.24|0|26|兆威机电,105|-4.09|2429.9|4.19|3|23|卧龙电驱,217|3.39|2512.22|3.36|22|4|祥明智能,347|1.48|2549.34|2.47|25|1|华瑞股份,168|-1.02|2523.41|2.31|3|23|神力股份,189|1.38|2558.21|2.47|22|4|江特电机,252|0.26|2564.76|3.95|9|17|祥明智能,318|-1.61|2523.57|2.88|2|24|神力股份,100|2.16|2578.07|2.58|24|2|神力股份,350|-2.04|2525.56|3.23|3|23|江特电机,107|-1.52|2487.09|2.50|3|23|华瑞股份,317|0.90|2509.46|2.22|17|9|中电电机,136|4.49|2622.17|3.58|27|0|三协电机,285|-1.52|2582.26|2.89|4|22|华瑞股份,133|1.22|2613.75|3.70|23|4|三协电机,116|0.75|2633.4|3.08|13|12|安乃达,138|1.12|2662.89|3.28|23|4|江特电机,350|-0.96|2637.36|3.30|4|23|迪贝电气,279|1.18|2668.48|2.87|21|6|华阳智能,119|0.82|2690.23|2.85|17|10|华瑞股份,195|0.91|2714.59|2.75|15|10|八方股份,329|-0.60|2698.36|3.73|6|21|江特电机,203|0.40|2709.04|3.68|18|9|江特电机,389|-1.84|2659.15|3.33|1|25|通达动力
BK1308|电工仪器仪表,,,,,,,,,,,,,,,,,,,,,,,,,,,,,,,,,,,,,,,,,,,,,,,,,,,,,,,,,,,,,,,,,,,,,,,74|3.07|2922.68|3.96|14|0|科陆电子,367|0.33|2932.37|3.46|7|7|华盛昌,32|2.09|2993.61|3.75|13|1|新联电子,106|1.59|3041.24|4.56|8|6|华盛昌,156|-1.08|3008.48|4.13|2|12|华盛昌,113|-1.42|2965.74|5.21|4|10|华盛昌,9|3.71|3075.75|5.97|13|1|迦南智能,36|2.39|3149.24|6.91|12|2|三晖电气,45|3.03|3244.79|6.95|13|1|华盛昌,7|2.84|3336.89|7.58|12|2|迦南智能,391|0.58|3356.17|5.42|8|6|海兴电力,364|-0.59|3336.51|6.03|5|9|林洋能源,459|-1.95|3271.31|4.88|3|11|三晖电气,467|-2.81|3179.38|4.04|1|13|三晖电气,423|-1.35|3136.33|3.79|2|12|华盛昌,404|-2.65|3053.23|3.38|1|13|三晖电气,151|1.12|3087.52|2.91|11|3|迦南智能,186|-2.21|3019.27|2.98|3|11|迦南智能,125|-1.51|2973.58|3.45|2|12|科陆电子,178|-4.93|2826.94|3.78|0|14|安科瑞,77|4.39|2951.17|3.48|14|0|三晖电气,389|1.23|2987.44|3.22|13|1|华盛昌,431|-2.46|2913.83|2.64|1|13|海兴电力,373|0.71|2934.43|2.15|10|4|煜邦电力,463|-1.46|2891.65|2.65|2|11|华盛昌,398|-2.41|2822.07|2.37|1|13|万胜智能,74|2.36|2888.55|1.97|14|0|华盛昌,435|-2.73|2809.6|2.12|0|14|雅达股份,146|-1.77|2759.74|2.04|2|12|华盛昌,215|1.37|2797.66|1.60|10|4|华盛昌,108|4.83|2932.67|2.33|14|0|海兴电力,226|-1.18|2897.99|1.68|2|12|华盛昌,271|0.72|2918.8|1.75|13|1|科陆电子,242|0.10|2921.78|1.48|5|9|华盛昌,100|1.49|2965.39|2.36|10|3|华盛昌,18|1.79|3018.45|2.70|8|5|华盛昌,463|-0.08|3016.13|2.46|9|5|友讯达,191|0.28|3024.57|2.49|3|11|华盛昌,226|0.80|3048.78|2.51|9|5|华盛昌,389|-0.85|3022.82|2.33|4|10|煜邦电力,124|0.80|3047.07|2.17|11|3|煜邦电力,454|-2.64|2966.67|2.79|2|12|迦南智能
BK1309|电网自动化设备,,,,,,,,,,,,,,,,,,,,,,,,,,,,,,,,,,,,,,,,,,,,,,,,,,,,,,,,,,,,,,,,,,,,,,,132|2.22|7708.79|2.77|24|4|四方股份,434|0.02|7710.15|2.51|16|12|红相股份,41|1.91|7857.03|2.92|26|3|智洋创新,384|0.03|7859.24|2.56|11|17|智洋创新,111|-0.29|7836.61|3.35|11|18|智洋创新,309|-3.42|7568.37|3.36|3|26|泽宇智能,18|2.91|7788.77|3.50|27|2|积成电子,6|4.31|8124.56|5.54|28|1|积成电子,29|3.48|8407.22|5.67|24|5|派诺科技,5|3.39|8692.39|6.01|23|6|泽宇智能,408|0.42|8728.47|4.99|15|14|智洋创新,223|-0.07|8722.17|4.59|11|18|国电南自,435|-1.66|8577.29|3.96|4|25|派诺科技,488|-3.81|8250.26|3.63|3|26|杭州柯林,400|-0.95|8171.73|2.90|8|21|科林电气,447|-3.31|7901.54|2.98|3|26|信通电子,30|2.51|8099.81|2.56|27|2|积成电子,323|-2.80|7873.3|2.43|3|26|杭州柯林,168|-1.79|7732.34|2.68|5|23|泽宇智能,172|-4.91|7352.36|3.16|2|27|泽宇智能,87|4.26|7665.29|3.00|27|2|山大电力,419|0.96|7739.04|2.67|21|8|智光电气,449|-2.69|7530.96|2.26|4|25|新风光,210|1.30|7629.22|1.98|24|5|国电南自,471|-1.67|7501.62|2.29|5|24|华自科技,325|-1.66|7376.9|2.43|5|24|泽宇智能,239|1.42|7481.84|2.04|25|4|中元股份,400|-2.36|7305.15|2.37|3|26|泽宇智能,302|-2.69|7108.96|2.05|5|24|泽宇智能,424|0.24|7126.05|1.77|17|12|泽宇智能,93|5.13|7491.6|2.38|28|1|四方股份,321|-1.75|7360.55|1.84|4|24|宏力达,171|1.09|7440.97|1.84|25|3|申昊科技,332|-0.35|7415.05|2.19|13|15|新风光,92|1.55|7530.05|2.36|25|4|东方电子,32|1.26|7625.2|3.30|21|8|泽宇智能,274|1.21|7717.28|2.46|22|7|申昊科技,121|0.81|7780|2.40|16|13|杭州柯林,65|1.93|7930.48|2.78|25|3|新风光,473|-1.62|7801.63|2.35|6|23|杭州柯林,114|0.89|7871.25|2.61|16|12|中元股份,350|-1.61|7744.75|3.01|5|24|中元股份
BK1310|配电设备,,,,,,,,,,,,,,,,,,,,,,,,,,,,,,,,,,,,,,,,,,,,,,,,,,,,,,,,,,,,,,,,,,,,,,,32|4.21|4045.14|4.56|24|2|白云电器,287|0.66|4071.78|3.81|15|11|洛凯股份,20|2.35|4167.43|4.22|24|2|北京科锐,316|0.27|4178.55|3.23|10|16|北京科锐,250|-2.09|4091.31|4.51|5|22|白云电器,261|-3.03|3967.54|4.78|3|23|北京科锐,17|2.99|4086.04|5.39|26|1|白云电器,21|2.86|4202.91|6.49|24|3|百利电气,86|2.53|4309.14|6.17|24|3|三星医疗,24|2.01|4395.9|8.05|21|6|正泰电器,267|1.36|4455.55|7.39|18|9|北京科锐,83|0.97|4498.55|7.10|8|18|众智科技,327|-1.09|4449.35|5.81|7|20|洛凯股份,487|-3.81|4279.87|5.72|3|24|百利电气,413|-1.17|4229.94|4.82|9|18|*ST惠程,446|-3.27|4091.55|4.12|2|25|昊创瑞通,23|2.69|4201.47|4.19|26|1|百利电气,324|-2.80|4083.81|4.61|2|25|新宏泰,240|-2.24|3992.42|4.22|5|22|正泰电器,122|-4.34|3819.32|5.06|2|25|新宏泰,43|4.73|4000.08|4.75|27|0|北京科锐,307|1.69|4067.68|4.71|22|5|洛凯股份,376|-2.01|3985.99|3.98|4|22|新宏泰,363|0.74|4015.41|3.24|18|9|金冠电气,431|-0.79|3983.57|3.17|6|21|新宏泰,351|-1.87|3909.1|3.00|5|21|新宏泰,293|1.18|3955.32|2.89|23|4|金冠电气,365|-2.14|3870.53|2.75|2|25|新宏泰,301|-2.68|3766.77|2.42|3|24|金冠电气,271|1.15|3809.92|2.22|21|6|和顺电气,146|4.36|3976.14|3.01|26|1|明阳电气,108|-0.53|3955.17|2.37|8|19|和顺电气,178|1.08|3997.95|2.47|23|4|温州宏丰,448|-1.07|3955.21|2.80|8|19|温州宏丰,177|0.93|3992.18|3.18|21|6|温州宏丰,49|1.00|4032|3.80|20|7|新宏泰,291|1.13|4077.61|3.08|23|4|三友联众,147|0.57|4100.78|3.25|11|16|良信股份,256|0.65|4127.46|3.61|20|7|白云电器,110|0.41|4144.25|3.14|6|21|新宏泰,236|0.21|4153.05|2.95|16|11|明阳电气,190|-0.64|4126.45|3.11|3|24|聚星科技
BK1311|输变电设备,,,,,,,,,,,,,,,,,,,,,,,,,,,,,,,,,,,,,,,,,,,,,,,,,,,,,,,,,,,,,,,,,,,,,,,24|4.56|5046.85|5.95|28|2|森源电气,145|1.43|5119.02|6.49|19|11|安靠智电,47|1.83|5212.92|6.81|27|2|双杰电气,433|-0.28|5198.33|5.91|12|18|昇辉科技,149|-0.99|5146.61|6.75|10|20|华明装备,384|-4.28|4926.35|6.77|1|29|新特电气,3|5.45|5194.71|8.46|28|2|顺钠股份,7|4.22|5413.69|9.89|28|2|顺钠股份,71|2.67|5557.98|9.52|24|6|顺钠股份,9|2.59|5701.97|9.53|20|10|顺钠股份,415|0.31|5719.84|9.14|14|16|中电鑫龙,399|-0.75|5676.8|9.58|10|20|长高电新,439|-1.69|5581.09|7.96|5|25|顺钠股份,493|-4.13|5350.47|6.27|0|30|美硕科技,403|-0.99|5297.74|5.32|8|22|顺钠股份,421|-2.89|5144.65|6.20|6|24|顺钠股份,62|1.83|5238.87|5.81|26|4|扬电科技,453|-4.01|5028.7|5.12|0|30|ST长园,363|-2.84|4885.93|5.08|3|27|中能电气,47|-2.76|4750.97|5.57|3|27|三变科技,151|3.79|4931.05|5.26|29|1|长城电工,296|1.72|5016.08|5.23|27|3|崧盛股份,485|-3.81|4825.04|4.07|1|29|新特电气,336|0.83|4865.21|3.30|19|11|长高电新,472|-1.68|4783.58|3.50|4|26|崧盛股份,400|-2.45|4666.47|3.50|3|27|宝光股份,215|1.58|4739.98|2.93|25|5|双杰电气,421|-2.51|4621.16|3.33|2|28|扬电科技,361|-2.95|4485.02|2.90|2|28|ST长园,438|0.13|4490.83|2.32|15|14|美硕科技,47|5.84|4753.05|3.87|30|0|金盘科技,218|-1.15|4698.3|2.89|6|24|金盘科技,206|0.97|4743.94|3.45|23|7|宝光股份,424|-0.87|4702.65|3.28|11|19|ST长园,165|1.00|4749.87|3.62|22|7|新特电气,8|2.59|4872.94|6.84|24|6|双杰电气,353|0.84|4913.9|5.05|18|12|扬电科技,275|-0.20|4904.09|3.84|11|19|崧盛股份,23|2.74|5038.6|5.47|28|2|安靠智电,445|-1.25|4975.51|3.85|4|26|美硕科技,93|1.03|5026.78|3.78|19|11|金盘科技,296|-1.22|4965.46|4.45|8|22|宝光股份
BK1312|线缆部件及其他,,,,,,,,,,,,,,,,,,,,,,,,,,,,,,,,,,,,,,,,,,,,,,,,,,,,,,,,,,,,,,,,,,,,,,,49|3.59|4126.97|5.65|38|1|汉缆股份,218|0.92|4164.88|5.68|25|12|汉缆股份,18|2.44|4266.51|6.87|35|3|神马电力,244|0.57|4290.99|5.66|21|17|神马电力,189|-1.47|4227.82|5.63|7|32|长城科技,358|-3.98|4059.37|6.01|4|35|杭电股份,8|3.75|4211.62|5.32|38|1|通光线缆,11|4.02|4381.03|6.71|37|2|汉缆股份,375|0.80|4415.89|7.47|26|12|新能泰山,58|0.83|4452.4|8.62|28|10|太阳电缆,372|0.71|4484.03|7.50|25|12|新能泰山,227|-0.10|4479.75|6.53|11|28|风范股份,409|-1.49|4413.18|6.34|6|33|汉缆股份,416|-1.80|4333.73|6.72|8|31|起帆电缆,430|-1.41|4272.61|5.37|6|32|长城科技,439|-3.11|4139.71|5.23|3|35|新亚电缆,87|1.66|4208.25|4.85|32|7|长城科技,357|-2.99|4082.26|4.19|3|36|威腾电气,362|-2.83|3966.66|4.53|4|35|杭电股份,170|-4.90|3772.44|4.59|1|38|杭电股份,34|4.87|3956.1|5.04|39|0|新能泰山,85|2.71|4063.27|4.90|38|1|新能泰山,318|-1.72|3993.36|4.20|5|34|新能泰山,180|1.41|4049.64|5.03|28|9|新能泰山,177|0.57|4072.54|5.56|19|19|杭电股份,86|-0.33|4059.29|6.44|13|26|新能泰山,355|0.80|4091.83|5.53|29|9|通达股份,66|0.11|4096.52|7.03|14|25|新能泰山,159|-1.82|4022.15|6.88|6|32|新能泰山,316|0.90|4058.5|5.14|28|10|新能泰山,155|4.26|4231.56|7.27|37|2|远东股份,260|-1.36|4174.22|6.45|9|29|通光线缆,422|-0.03|4172.97|5.81|28|10|起帆电缆,298|-0.17|4165.98|4.60|13|26|长城科技,204|0.82|4200.07|4.89|28|10|远程股份,21|1.51|4263.29|6.71|26|13|华菱线缆,195|1.52|4328.24|7.16|31|8|长城科技,127|0.74|4360.2|6.06|19|19|起帆电缆,16|3.02|4491.8|7.21|33|6|通达股份,469|-1.60|4420.01|6.77|8|30|起帆电缆,51|1.61|4491.1|6.48|27|11|东方电缆,336|-1.50|4423.65|6.51|8|31|大连电瓷
BK1313|风电零部件,,,,,,,,,,,,,,,,,,,,,,,,,,,,,,,,,,,,,,,,,,,,,,,,,,,,,,,,,,,,,,,,,,,,,,,130|2.25|2434.05|3.17|22|3|海力风电,302|0.61|2448.84|2.85|20|5|飞沃科技,11|3.06|2523.71|4.61|22|3|新强联,386|0.01|2523.87|3.54|12|13|飞沃科技,203|-1.63|2482.85|3.54|5|20|道生天合,284|-3.22|2402.9|4.52|4|21|天顺风能,55|0.80|2422.11|3.15|19|4|大金重工,159|1.39|2455.67|4.61|20|5|通裕重工,207|1.68|2496.85|4.58|19|6|禾望电气,66|0.72|2514.77|4.78|13|12|常友科技,200|1.66|2556.48|4.82|23|2|飞沃科技,40|1.91|2605.2|5.64|17|8|中环海陆,12|4.06|2711.02|8.64|18|7|振江股份,4|3.37|2802.41|14.98|17|8|天顺风能,299|-0.18|2797.36|15.85|11|13|锡华科技,159|-1.03|2768.41|14.29|8|17|锡华科技,432|-0.84|2745.15|11.57|9|16|飞沃科技,58|-0.95|2718.99|9.16|7|18|吉鑫科技,132|-1.57|2676.36|11.41|6|19|禾望电气,70|-3.29|2588.32|9.25|3|22|吉鑫科技,344|2.83|2661.56|10.23|21|4|和展能源,452|0.54|2675.96|10.46|17|7|吉鑫科技,478|-3.51|2582.07|8.79|3|22|和展能源,457|-0.15|2578.32|7.57|10|14|锡华科技,181|0.56|2592.68|7.16|14|11|飞沃科技,476|-3.79|2494.33|7.20|2|23|新强联,216|1.57|2533.45|5.72|20|5|锡华科技,386|-2.27|2475.86|5.33|3|22|大金重工,422|-3.41|2391.48|5.05|4|21|恒润股份,176|1.56|2428.85|3.69|23|2|和展能源,210|3.78|2520.73|4.64|23|2|飞沃科技,165|-0.85|2499.36|4.17|5|20|振江股份,125|1.24|2530.44|3.87|17|8|威力传动,157|0.50|2543.08|3.77|14|10|大金重工,145|1.09|2570.86|3.88|16|9|禾望电气,42|1.15|2600.45|4.35|11|14|禾望电气,276|1.20|2631.61|3.54|19|6|恒润股份,48|1.83|2679.75|6.04|17|7|大金重工,170|1.04|2707.57|5.57|17|8|中船科技,425|-1.13|2676.88|5.06|7|18|中船科技,169|0.55|2691.54|4.21|15|10|天顺风能,369|-1.74|2644.71|5.15|6|19|德力佳
BK1314|风电整机,,,,,,,,,,,,,,,,,,,,,,,,,,,,,,,,,,,,,,,,,,,,,,,,,,,,,,,,,,,,,,,,,,,,,,,298|1.03|2295.72|3.74|3|2|金风科技,111|1.77|2336.36|4.07|3|2|金风科技,13|2.98|2405.91|5.06|4|1|运达股份,317|0.26|2412.14|4.48|2|3|电气风电,393|-2.92|2341.68|4.90|0|5|三一重能,400|-4.52|2235.91|4.79|0|5|三一重能,116|0.06|2237.31|3.44|3|2|金风科技,20|2.88|2301.85|3.91|4|1|电气风电,339|1.03|2325.62|3.67|5|0|金风科技,85|0.30|2332.7|3.51|2|2|明阳智能,310|1.08|2358|3.37|5|0|明阳智能,19|2.76|2423.09|6.00|4|1|金风科技,3|5.62|2559.33|7.95|5|0|三一重能,253|-0.67|2542.1|7.35|3|2|电气风电,485|-3.53|2452.27|7.14|0|5|金风科技,416|-2.82|2383.15|5.09|0|5|电气风电,330|-0.11|2380.5|6.47|1|4|金风科技,293|-2.68|2316.74|4.97|0|5|三一重能,85|-1.16|2289.81|4.14|2|3|运达股份,91|-3.86|2201.48|4.39|1|4|明阳智能,462|1.20|2227.96|4.16|4|1|电气风电,440|0.74|2244.51|3.66|4|1|运达股份,489|-3.89|2157.2|4.76|0|5|金风科技,444|0.12|2159.86|3.28|2|3|三一重能,193|0.49|2170.55|3.61|2|3|运达股份,440|-2.98|2105.76|4.18|0|5|明阳智能,462|-0.56|2093.9|3.70|2|3|三一重能,440|-2.78|2035.76|3.88|1|4|运达股份,359|-2.94|1975.98|4.01|1|4|金风科技,494|-2.22|1932.13|3.69|1|4|电气风电,156|4.25|2014.23|4.64|5|0|三一重能,42|0.15|2017.24|4.02|1|3|电气风电,415|0.03|2017.77|3.67|3|2|明阳智能,207|0.25|2022.72|2.55|3|2|运达股份,131|1.19|2046.72|4.61|3|2|金风科技,475|-2.23|2001.04|4.41|0|5|金风科技,415|0.51|2011.27|2.89|3|2|电气风电,27|2.28|2057.17|3.67|5|0|运达股份,83|1.70|2092.17|4.98|5|0|金风科技,394|-0.89|2073.49|3.27|1|4|三一重能,157|0.60|2085.99|2.97|4|1|三一重能,414|-2.02|2043.85|3.42|0|5|运达股份
BK1315|光伏电池组件,,,,,,,,,,,,,,,,,,,,,,,,,,,,,,,,,,,,,,,,,,,,,,,,,,,,,,,,,,,,,,,,,,,,,,,240|1.38|3178.1|5.15|15|6|协鑫集成,127|1.64|3230.22|7.04|16|5|快可电子,342|-0.71|3207.35|7.35|8|15|亿晶光电,66|2.20|3277.9|7.42|18|5|钧达股份,429|-3.34|3168.55|7.01|1|22|中来股份,69|-0.72|3145.87|6.92|9|13|协鑫集成,188|-0.43|3132.39|7.33|8|15|中来股份,255|0.90|3160.6|5.89|14|9|亿晶光电,101|2.38|3235.74|6.01|21|2|协鑫集成,50|1.14|3272.59|7.89|16|7|*ST金刚,175|1.83|3332.55|7.62|17|5|晶科能源,64|1.27|3375.03|8.50|14|9|国晟科技,171|-0.33|3363.87|7.65|9|13|国晟科技,358|-1.21|3323.2|6.90|7|16|横店东磁,324|-0.28|3313.79|5.86|5|18|国晟科技,16|1.35|3358.52|6.78|12|11|协鑫集成,397|-0.61|3338.08|6.79|9|14|钧达股份,168|-2.11|3267.75|5.68|5|18|爱旭股份,7|1.91|3330.28|8.29|16|7|中利集团,19|-0.35|3318.45|9.42|9|14|中利集团,429|2.03|3385.69|8.45|14|8|中利集团,457|0.50|3402.69|10.04|9|13|中利集团,495|-4.49|3249.74|8.02|1|22|通灵股份,412|0.52|3266.53|6.74|13|10|琏升科技,473|-1.80|3207.8|7.70|6|17|国晟科技,437|-2.85|3116.35|7.49|4|19|中利集团,178|1.75|3170.78|6.37|18|5|国晟科技,188|-1.23|3131.65|6.25|5|18|中利集团,435|-3.54|3020.64|6.58|2|21|*ST金刚,242|1.30|3059.76|5.39|15|8|国晟科技,199|3.85|3177.63|6.06|22|1|东方日升,237|-1.23|3138.63|5.33|5|17|航天机电,301|0.61|3157.93|5.48|16|7|亿晶光电,24|2.17|3226.37|5.96|20|3|琏升科技,466|-0.85|3198.91|5.04|7|16|琏升科技,155|-0.13|3194.91|4.52|8|15|琏升科技,169|1.65|3247.78|4.71|18|4|泽润新能,196|0.26|3256.23|4.56|13|9|航天机电,68|1.85|3316.56|6.18|15|6|国晟科技,92|0.63|3337.49|6.54|10|13|*ST金刚,386|-0.53|3319.71|5.00|7|16|快可电子,438|-2.32|3242.81|4.72|2|21|航天机电
BK1316|光伏辅材,,,,,,,,,,,,,,,,,,,,,,,,,,,,,,,,,,,,,,,,,,,,,,,,,,,,,,,,,,,,,,,,,,,,,,,420|-0.04|3303.7|2.27|9|8|欧晶科技,454|-0.12|3299.71|2.54|10|8|联泓新科,203|0.03|3300.66|2.39|7|11|宇邦新材,59|2.35|3378.14|3.02|14|4|永臻股份,446|-3.55|3258.37|2.73|3|15|福斯特,256|-2.95|3162.23|3.02|3|15|欧晶科技,362|-1.20|3124.38|2.36|5|13|宇邦新材,424|-0.42|3111.36|2.14|7|11|赛伍技术,404|0.54|3128.11|2.06|11|7|安彩高科,91|0.23|3135.25|2.40|11|7|宇邦新材,229|1.53|3183.07|2.29|15|3|聚和材料,123|0.60|3202.27|2.68|11|7|联泓新科,305|-0.98|3170.9|2.14|7|11|金博股份,275|-0.83|3144.49|2.18|6|12|中信博,386|-0.74|3121.1|1.73|4|14|永臻股份,173|-1.09|3087.23|2.61|4|14|福斯特,300|0.11|3090.63|2.08|8|10|帝科股份,56|-0.93|3061.8|2.42|7|11|清源股份,6|1.97|3121.98|4.11|11|7|永臻股份,71|-3.30|3019.08|4.02|3|15|安彩高科,437|1.86|3075.23|4.20|14|4|宇邦新材,492|-0.78|3051.2|3.49|6|12|清源股份,456|-2.81|2965.55|3.28|2|16|安彩高科,196|1.37|3006.2|4.04|13|5|聚和材料,479|-2.56|2929.19|3.25|1|17|联泓新科,469|-3.52|2826.08|3.35|1|17|安彩高科,78|2.32|2891.7|3.26|17|1|安彩高科,430|-2.69|2813.99|2.80|1|17|酉立智能,447|-3.69|2710.05|2.37|0|18|联泓新科,431|0.18|2714.87|2.20|11|7|联泓新科,99|5.06|2852.3|2.69|18|0|福斯特,357|-1.91|2797.94|2.22|2|16|安彩高科,58|1.71|2845.67|2.35|16|2|欧晶科技,73|1.03|2875.05|2.15|15|3|中信博,429|-0.35|2865.07|2.01|8|8|福斯特,250|-0.49|2850.96|1.76|5|13|中信博,191|1.56|2895.46|1.71|16|2|宇邦新材,31|2.21|2959.45|2.76|11|6|明冠新材,296|0.48|2973.78|2.45|12|5|宇邦新材,181|0.02|2974.36|1.96|9|9|清源股份,280|0.02|2974.97|1.97|8|10|福斯特,123|-0.14|2970.76|2.84|5|13|联泓新科
BK1317|光伏加工设备,,,,,,,,,,,,,,,,,,,,,,,,,,,,,,,,,,,,,,,,,,,,,,,,,,,,,,,,,,,,,,,,,,,,,,,408|0.10|10716.22|5.65|5|6|欧普泰,472|-0.40|10672.92|7.96|3|8|高测股份,256|-0.27|10644.44|5.79|4|7|帝尔激光,31|3.05|10969.39|6.46|11|0|拉普拉斯,494|-5.24|10394.16|7.22|1|10|晶盛机电,458|-5.52|9819.94|6.74|1|10|欧普泰,207|-0.55|9765.91|4.35|3|8|ST京机,453|-1.14|9654.95|4.29|3|8|帝尔激光,466|-0.92|9566.32|3.28|2|9|欧普泰,385|-1.60|9413.03|4.37|2|8|捷佳伟创,6|4.65|9850.51|5.47|10|1|高测股份,269|-0.25|9825.54|5.27|5|6|帝尔激光,486|-2.63|9567.3|3.98|0|11|ST京机,287|-0.90|9480.98|4.00|4|7|捷佳伟创,468|-2.44|9250.01|3.69|1|10|迈为股份,207|-1.34|9125.87|3.55|3|8|奥特维,137|1.18|9233.22|3.11|7|4|迈为股份,402|-3.28|8930.22|3.25|0|11|金辰股份,2|4.81|9360.15|7.21|11|0|捷佳伟创,11|0.94|9448.44|7.26|8|3|欧普泰,493|-1.33|9322.67|5.60|2|8|帝尔激光,465|0.41|9361.17|4.97|4|6|迈为股份,486|-3.81|9004.34|3.98|0|11|金辰股份,480|-0.76|8935.76|3.30|6|5|高测股份,493|-4.56|8528.01|3.87|0|11|欧普泰,434|-2.80|8289.03|3.40|1|10|奥特维,13|4.39|8652.69|5.65|11|0|拉普拉斯,220|-1.41|8530.95|3.93|2|9|拉普拉斯,233|-2.34|8331.17|3.28|2|9|拉普拉斯,488|-1.19|8232.01|2.66|4|7|金辰股份,147|4.36|8590.88|4.37|10|1|连城数控,495|-4.02|8245.29|6.27|1|10|帝尔激光,179|1.08|8334.13|4.36|9|2|迈为股份,229|0.16|8347.32|3.74|7|4|ST京机,94|1.52|8474.04|4.44|9|1|高测股份,30|1.32|8586.26|4.49|8|3|拉普拉斯,69|2.38|8790.36|5.61|11|0|高测股份,7|3.73|9118.2|4.96|9|2|帝尔激光,113|1.36|9242.4|4.67|7|3|帝尔激光,481|-1.71|9084.5|3.47|1|9|ST京机,466|-1.20|8975.52|4.69|5|6|帝尔激光,466|-2.89|8716.11|4.38|1|10|帝尔激光
BK1318|光伏主材,,,,,,,,,,,,,,,,,,,,,,,,,,,,,,,,,,,,,,,,,,,,,,,,,,,,,,,,,,,,,,,,,,,,,,,383|0.40|15693.15|1.43|2|1|通威股份,231|0.85|15826.69|1.22|2|0|隆基绿能,473|-1.98|15513.26|1.17|0|2|隆基绿能,355|0.14|15534.49|0.99|1|0|隆基绿能,305|-2.42|15159.19|1.45|0|2|隆基绿能,130|-1.71|14900.21|1.94|0|2|隆基绿能,430|-1.72|14644.55|1.32|0|2|弘元绿能,112|1.69|14892.45|1.03|2|0|弘元绿能,429|0.11|14909.54|1.03|1|1|隆基绿能,30|1.65|15155.64|1.75|2|0|隆基绿能,187|1.77|15424.02|1.62|2|0|弘元绿能,23|2.54|15815.71|3.36|3|0|弘元绿能,24|2.05|16139.61|3.64|3|0|通威股份,318|-1.03|15972.83|3.72|0|3|隆基绿能,429|-1.38|15752.15|2.30|0|3|弘元绿能,172|-1.08|15581.25|2.85|1|2|隆基绿能,444|-0.96|15432.22|1.92|0|3|通威股份,42|-0.56|15346.08|1.87|0|3|隆基绿能,4|2.97|15801.68|4.50|3|0|弘元绿能,41|-2.51|15405.09|4.02|0|3|隆基绿能,488|-0.64|15306.48|3.99|1|2|隆基绿能,489|-0.41|15243.81|2.63|1|2|通威股份,474|-3.26|14746.37|2.61|0|3|隆基绿能,133|1.74|15003.21|2.18|3|0|弘元绿能,478|-2.20|14673.16|2.17|0|3|通威股份,399|-2.44|14314.66|1.67|0|3|通威股份,177|1.75|14565.19|1.47|3|0|弘元绿能,474|-3.33|14080.64|1.58|0|3|通威股份,443|-3.60|13573.4|1.88|0|3|弘元绿能,306|0.94|13701.08|1.22|3|0|弘元绿能,154|4.28|14287.3|1.85|3|0|通威股份,376|-2.02|13999.31|1.21|0|3|弘元绿能,68|1.65|14230.93|1.30|3|0|弘元绿能,2|5.95|15077.37|3.11|3|0|通威股份,464|-0.76|14962.06|1.96|1|2|通威股份,413|-1.32|14765.25|1.28|0|3|隆基绿能,172|1.64|15007.53|1.40|3|0|弘元绿能,286|-0.24|14971.04|1.30|1|2|通威股份,52|2.13|15290.48|2.02|3|0|通威股份,285|-0.39|15230.51|1.38|0|2|通威股份,186|0.45|15299.3|1.23|2|1|通威股份,240|-0.88|15164.97|1.70|0|3|隆基绿能
BK1319|硅料硅片,,,,,,,,,,,,,,,,,,,,,,,,,,,,,,,,,,,,,,,,,,,,,,,,,,,,,,,,,,,,,,,,,,,,,,,350|0.67|2282.1|4.59|3|2|华民股份,294|0.63|2296.46|4.41|4|1|大全能源,441|-1.46|2262.85|3.46|1|4|*ST沐邦,50|2.51|2319.71|5.70|4|1|双良节能,425|-3.32|2242.81|2.99|2|3|*ST沐邦,315|-3.45|2165.4|6.28|1|4|华民股份,346|-1.14|2140.75|4.04|1|4|*ST沐邦,417|-0.23|2135.77|2.94|3|2|*ST沐邦,289|1.28|2163.05|2.67|5|0|华民股份,65|0.75|2179.36|3.59|4|1|TCL中环,234|1.51|2212.18|3.89|5|0|双良节能,216|-0.05|2211.05|3.57|3|2|*ST沐邦,253|-0.76|2194.27|3.68|2|3|大全能源,61|0.54|2206.19|3.66|2|3|华民股份,477|-2.70|2146.55|3.50|0|5|*ST沐邦,5|2.62|2202.83|4.57|2|3|华民股份,448|-1.02|2180.29|3.76|2|3|*ST沐邦,109|-1.69|2143.4|2.93|1|4|*ST沐邦,8|1.81|2182.21|4.67|5|0|TCL中环,3|3.39|2256.29|6.63|2|3|华民股份,449|1.66|2293.77|6.00|5|0|双良节能,494|-1.14|2267.55|4.40|1|3|双良节能,492|-4.20|2172.4|3.99|0|5|大全能源,244|1.17|2197.71|3.07|4|1|*ST沐邦,436|-0.87|2178.59|3.05|1|4|*ST沐邦,457|-3.37|2105.27|2.83|0|5|*ST沐邦,313|1.04|2127.1|2.77|4|1|华民股份,485|-3.63|2049.79|2.55|0|5|大全能源,325|-2.80|1992.36|2.38|1|4|*ST沐邦,326|0.85|2009.29|1.60|4|1|TCL中环,207|3.80|2085.6|2.28|5|0|双良节能,196|-1.05|2063.75|1.55|1|4|*ST沐邦,342|0.41|2072.28|1.93|3|2|TCL中环,8|4.15|2158.2|2.78|5|0|大全能源,483|-1.51|2125.59|2.19|0|5|TCL中环,373|-1.01|2104.14|1.68|1|4|*ST沐邦,335|0.93|2123.75|1.77|4|1|大全能源,428|-1.18|2098.67|1.84|1|4|双良节能,183|0.97|2119|2.15|4|1|大全能源,354|-0.68|2104.49|1.78|0|5|大全能源,167|0.55|2116.15|1.68|3|2|*ST沐邦,335|-1.50|2084.41|2.37|2|3|*ST沐邦
BK1320|逆变器,,,,,,,,,,,,,,,,,,,,,,,,,,,,,,,,,,,,,,,,,,,,,,,,,,,,,,,,,,,,,,,,,,,,,,,362|0.59|18713.62|1.77|5|3|上能电气,57|2.72|19223.36|2.52|8|0|德业股份,403|-1.04|19023.13|3.51|3|5|固德威,39|2.80|19555.58|3.13|7|1|德业股份,31|3.12|20166.33|4.54|7|1|德业股份,14|4.96|21165.76|6.54|7|1|首航新能,65|0.63|21298.66|4.17|5|3|首航新能,486|-3.03|20653.31|3.67|0|8|阳光电源,446|-0.51|20548.26|3.46|3|5|上能电气,1|7.97|22185.54|6.12|8|0|首航新能,479|-2.49|21632.88|4.33|1|7|阳光电源,1|8.30|23427.95|8.18|8|0|首航新能,11|4.07|24380.64|7.71|7|1|首航新能,455|-2.51|23767.69|6.58|1|7|阳光电源,457|-2.11|23267.02|4.88|0|9|禾迈股份,469|-3.69|22409.22|4.69|0|9|德业股份,270|0.29|22473.75|3.97|6|3|首航新能,6|2.72|23085.45|4.93|8|1|禾迈股份,1|11.83|25816.62|11.02|9|0|首航新能,100|-4.01|24781.72|8.96|1|8|首航新能,491|-0.86|24568.76|7.16|2|7|上能电气,470|0.37|24658.92|7.83|5|4|上能电气,137|-0.85|24449.81|6.45|4|5|禾迈股份,487|-0.95|24218.41|5.61|3|6|禾迈股份,487|-3.38|23399.56|5.44|1|8|德业股份,474|-3.68|22538.34|5.07|2|7|德业股份,483|-1.94|22100.35|7.76|3|6|禾迈股份,493|-5.83|20812.59|6.43|0|9|德业股份,468|-4.17|19943.92|4.45|0|9|德业股份,307|0.94|20130.77|3.11|7|2|德业股份,435|1.44|20421.37|4.84|6|3|阳光电源,44|0.14|20449.66|4.41|5|4|上能电气,6|4.06|21280.02|6.08|9|0|德业股份,20|2.47|21806.52|5.70|9|0|德业股份,379|0.04|21815.79|5.58|5|4|阳光电源,495|-4.47|20840.59|5.12|0|9|昱能科技,324|0.99|21047.88|3.81|8|1|德业股份,203|0.22|21094.77|3.60|5|4|德业股份,124|1.29|21367.04|3.79|7|2|艾罗能源,335|-0.60|21237.8|2.98|2|7|首航新能,130|0.76|21400.12|3.66|5|4|固德威,59|0.65|21538.95|4.91|4|5|上能电气
BK1321|火电设备,,,,,,,,,,,,,,,,,,,,,,,,,,,,,,,,,,,,,,,,,,,,,,,,,,,,,,,,,,,,,,,,,,,,,,,166|1.91|1779.46|2.29|4|0|海陆重工,87|2.07|1816.29|3.07|3|1|龙源技术,6|3.99|1888.85|5.36|4|0|西子洁能,410|-0.15|1886.1|3.93|2|2|西子洁能,237|-2.01|1848.2|4.05|0|4|海陆重工,442|-5.05|1754.95|3.93|0|4|龙源技术,35|1.48|1780.87|2.75|4|0|西子洁能,24|2.78|1830.34|3.82|4|0|海陆重工,411|0.40|1837.6|3.18|3|1|ST华西,112|-0.07|1836.3|3.24|2|2|西子洁能,324|0.99|1854.5|3.21|3|1|西子洁能,391|-0.72|1841.2|3.49|1|3|龙源技术,484|-2.52|1794.89|4.09|0|4|海陆重工,263|-0.73|1781.85|5.49|1|3|海陆重工,444|-1.76|1750.56|4.00|0|3|ST华西,472|-3.89|1682.51|3.87|0|4|ST华西,207|0.80|1695.89|2.56|3|1|龙源技术,353|-2.98|1645.31|2.87|0|4|龙源技术,219|-2.16|1609.82|3.03|1|3|西子洁能,414|-6.11|1511.41|3.33|0|4|海陆重工,373|2.64|1551.26|3.86|3|1|龙源技术,87|2.69|1592.98|4.49|4|0|西子洁能,107|-0.64|1582.86|5.01|1|3|海陆重工,447|0.06|1583.82|3.55|3|1|海陆重工,484|-2.84|1538.89|3.60|0|4|西子洁能,328|-1.69|1512.95|2.72|0|4|ST华西,199|1.64|1537.71|2.31|4|0|西子洁能,468|-3.19|1488.69|2.76|0|4|龙源技术,381|-3.11|1442.38|2.67|0|4|西子洁能,183|1.53|1464.45|2.16|3|0|西子洁能,115|4.70|1533.35|3.07|4|0|西子洁能,483|-3.15|1485|2.87|0|4|海陆重工,30|2.05|1515.46|2.95|3|0|西子洁能,111|0.77|1527.17|3.07|3|1|西子洁能,79|1.74|1553.76|2.40|3|1|龙源技术,70|0.62|1563.34|2.05|1|3|海陆重工,359|0.79|1575.73|4.62|4|0|龙源技术,83|1.29|1596.1|3.87|2|2|西子洁能,414|-0.05|1595.3|3.73|2|2|海陆重工,487|-1.95|1564.22|2.87|0|4|西子洁能,206|0.38|1570.19|2.03|3|1|西子洁能,273|-1.03|1554.05|2.85|2|2|龙源技术
BK1322|其他电源设备Ⅲ,,,,,,,,,,,,,,,,,,,,,,,,,,,,,,,,,,,,,,,,,,,,,,,,,,,,,,,,,,,,,,,,,,,,,,,343|0.77|9512.92|2.90|18|8|中国动力,364|0.36|9546.99|3.01|13|13|新雷能,40|1.92|9729.88|3.61|19|6|欧陆通,351|0.17|9746.13|3.42|11|15|科泰电源,89|0.20|9765.58|4.28|12|14|盛弘股份,426|-4.68|9308.51|4.01|1|25|海博思创,43|1.23|9423.19|3.06|19|7|科威尔,42|2.30|9640.14|4.34|23|3|欧陆通,46|3.01|9930.64|5.05|21|5|奥 特 迅,166|-0.54|9876.8|6.21|10|16|易事特,66|2.70|10143.41|5.13|20|6|科华数据,228|-0.10|10133.27|5.17|7|18|海博思创,421|-1.54|9977.4|6.18|5|19|金时科技,457|-2.52|9726.16|6.14|2|24|科威尔,335|-0.34|9692.72|4.71|10|16|华塑科技,481|-4.16|9289.45|3.99|0|26|雷特科技,86|1.68|9445.12|3.36|21|5|科华数据,321|-2.78|9182.13|3.21|3|23|金时科技,89|-1.18|9073.37|3.44|5|21|盛弘股份,212|-5.11|8610.1|3.80|1|25|海博思创,78|4.39|8987.94|3.31|23|3|科威尔,205|2.12|9178.54|3.67|22|4|欧陆通,433|-2.48|8950.85|2.96|4|22|海博思创,437|0.19|8967.7|2.48|16|10|奥 特 迅,414|-0.57|8916.57|2.47|11|15|科泰电源,427|-2.67|8678.24|2.66|4|22|中远通,82|2.31|8878.28|2.57|24|2|恒运昌,405|-2.39|8666.36|2.59|3|23|欧陆通,60|-1.12|8569.19|2.37|6|20|中恒电气,412|0.35|8599.52|2.07|15|10|金时科技,58|5.62|9082.98|2.98|26|0|麦格米特,29|0.39|9118.47|2.61|12|14|中恒电气,42|1.87|9289.35|2.57|20|6|中恒电气,156|0.50|9335.93|2.81|12|13|中恒电气,13|3.51|9663.35|3.70|24|2|中恒电气,432|-1.49|9519.24|4.19|6|20|欧陆通,51|2.62|9768.22|4.04|22|4|通合科技,198|0.25|9792.78|3.67|12|14|华塑科技,97|1.52|9941.38|4.25|19|7|欧陆通,434|-1.18|9824.35|3.61|5|20|科华数据,107|0.98|9920.21|3.62|18|8|科威尔,325|-1.41|9780.6|3.85|4|22|中国动力
BK1323|综合电力设备商,,,,,,,,,,,,,,,,,,,,,,,,,,,,,,,,,,,,,,,,,,,,,,,,,,,,,,,,,,,,,,,,,,,,,,,27|4.43|1545.21|2.17|2|0|东方电气,456|-0.17|1542.55|1.83|1|1|东方电气,1|6.30|1639.74|2.84|2|0|东方电气,459|-0.48|1631.8|2.19|0|2|上海电气,117|-0.40|1625.34|2.22|1|1|东方电气,456|-5.46|1536.6|2.55|0|2|上海电气,4|5.12|1615.3|2.13|2|0|东方电气,2|10.00|1776.9|4.23|2|0|东方电气,178|1.85|1809.81|5.27|1|1|东方电气,259|-1.01|1791.62|4.11|1|1|上海电气,461|-1.03|1773.17|3.90|0|2|上海电气,472|-1.65|1743.87|2.88|0|2|上海电气,383|-1.33|1720.66|2.68|0|2|上海电气,484|-3.69|1657.1|2.19|0|2|上海电气,367|-0.57|1647.71|2.11|1|1|东方电气,410|-2.76|1602.26|1.98|0|2|上海电气,5|3.94|1665.38|2.17|2|0|东方电气,367|-3.05|1614.51|1.65|0|2|上海电气,429|-3.31|1561.11|2.03|0|2|上海电气,97|-3.95|1499.37|2.01|0|2|东方电气,243|3.25|1548.1|1.56|2|0|东方电气,322|1.62|1573.15|1.49|2|0|东方电气,444|-2.60|1532.29|1.10|0|2|上海电气,469|-0.50|1524.6|0.95|1|1|上海电气,442|-0.92|1510.64|1.02|0|2|上海电气,306|-1.53|1487.51|0.99|0|2|上海电气,6|5.55|1570.06|1.77|2|0|东方电气,404|-2.38|1532.74|1.24|0|2|上海电气,170|-1.86|1504.17|1.06|0|2|东方电气,496|-2.83|1461.58|0.99|0|2|上海电气,7|7.65|1573.42|1.89|2|0|东方电气,181|-0.97|1558.15|1.40|1|1|东方电气,48|1.82|1586.46|1.46|2|0|东方电气,218|0.20|1589.69|1.04|1|1|东方电气,460|-0.74|1577.85|1.30|1|1|上海电气,343|-0.91|1563.46|1.18|0|1|上海电气,3|5.56|1650.35|1.76|2|0|东方电气,371|-0.75|1637.97|1.34|0|2|上海电气,132|1.26|1658.56|1.37|2|0|东方电气,418|-1.08|1640.63|0.98|0|2|上海电气,212|0.36|1646.58|1.17|2|0|东方电气,20|1.97|1679|1.94|2|0|东方电气
BK1324|储能,,,,,,,,,,,,,,,,,,,,,,,,,,,,,,,,,,,,,,,,,,,,,,,,,,,,,,,,,,,,,,,,,,,,,,,413|0.07|677.3|1.88|2|1|派能科技,41|3.38|700.2|3.18|3|0|艾罗能源,100|0.87|706.28|3.14|1|2|艾罗能源,336|0.20|707.7|2.68|2|1|派能科技,33|2.76|727.24|4.29|2|1|艾罗能源,8|7.77|783.76|10.84|3|0|艾罗能源,241|-0.67|778.52|7.22|1|2|华宝新能,487|-3.06|754.73|5.86|0|3|华宝新能,435|-0.21|753.13|4.36|1|2|华宝新能,2|6.26|800.28|8.47|3|0|艾罗能源,483|-2.77|778.08|6.27|1|2|华宝新能,2|7.60|837.24|10.04|3|0|艾罗能源,1|7.44|899.54|11.73|3|0|派能科技,456|-2.52|876.91|9.72|0|3|艾罗能源,,,,,,,,,,,,,,,,,,,,,,,,,,,,
BK1325|半导体材料,,,,,,,,,,,,,,,,,,,,,,,,,,,,,,,,,,,,,,,,,,,,,,,,,,,,,,,,,,,,,,,,,,,,,,,256|1.26|9382.48|2.53|21|5|凯德石英,12|5.55|9902.94|5.00|27|0|有研硅,28|2.14|10114.91|4.97|21|6|欧莱新材,478|-0.92|10021.61|3.46|5|22|欧莱新材,423|-3.27|9694.26|3.90|2|24|艾森股份,474|-6.41|9073.3|4.15|0|27|康强电子,277|-0.84|8996.81|2.98|8|19|有研硅,55|2.06|9182.45|2.86|21|6|强一股份,467|-0.93|9097.28|2.15|6|20|华海诚科,474|-2.73|8848.63|2.89|1|26|江丰电子,13|3.94|9197.28|2.47|27|0|华海诚科,465|-1.46|9063.44|2.31|8|19|沪硅产业,371|-1.29|8946.29|2.06|5|22|欧莱新材,338|-1.13|8844.94|2.18|6|21|和林微纳,34|1.89|9012.47|2.59|23|4|艾森股份,471|-3.76|8673.16|2.38|1|26|康强电子,36|2.30|8872.45|2.41|25|2|强一股份,348|-2.95|8611.06|2.28|2|25|华海诚科,254|-2.32|8411.36|2.56|1|26|先导基电,233|-5.22|7972.33|3.14|2|25|中船特气,396|2.47|8169.5|2.36|25|2|欧莱新材,169|2.26|8354.38|2.58|25|2|欧莱新材,451|-2.70|8128.61|1.83|2|25|天岳先进,84|2.19|8306.37|2.13|26|1|江丰电子,131|0.82|8374.1|2.09|18|9|艾森股份,470|-3.55|8076.75|2.04|1|26|天岳先进,49|2.83|8305.58|1.90|27|0|强一股份,470|-3.23|8037.09|1.88|0|27|中船特气,6|1.88|8188.57|2.21|18|9|中船特气,259|1.23|8288.98|2.41|21|6|康强电子,20|6.90|8861.01|3.99|27|0|先导基电,86|-0.37|8828.11|3.46|8|19|中船特气,148|1.18|8932.09|3.57|21|7|天岳先进,351|-0.43|8893.32|2.83|10|18|有研新材,39|2.40|9106.91|3.08|25|3|珂玛科技,401|-1.20|8997.99|3.10|6|21|和林微纳,333|0.94|9082.87|2.88|22|5|中船特气,1|4.29|9472.74|4.10|26|2|先导基电,182|0.98|9565.14|5.63|15|13|有研新材,41|1.19|9678.75|4.16|16|12|和林微纳,2|4.91|10153.87|5.03|27|1|先导基电,458|-2.73|9877.03|5.53|5|23|赛英电子
BK1326|半导体设备,,,,,,,,,,,,,,,,,,,,,,,,,,,,,,,,,,,,,,,,,,,,,,,,,,,,,,,,,,,,,,,,,,,,,,,456|-0.66|33540.89|1.94|10|12|中微公司,40|3.39|34676.35|3.06|19|3|富创精密,39|1.92|35342.99|2.95|17|5|耐科装备,494|-1.94|34659|2.24|3|19|联动科技,229|-1.90|34000.15|2.39|4|18|拓荆科技,470|-6.04|31944.97|2.79|0|22|拓荆科技,209|-0.57|31762.73|1.90|7|14|华亚智能,114|1.67|32293.74|2.01|19|3|联动科技,457|-0.76|32048.69|1.51|7|15|耐科装备,470|-2.65|31199.5|2.36|1|21|中科飞测,47|2.95|32120.91|1.79|22|0|联动科技,487|-1.92|31502.9|1.77|2|20|北方华创,460|-1.96|30886.52|1.69|2|20|京仪装备,313|-1.01|30575.87|1.83|3|19|矽电股份,45|1.63|31073.95|2.04|18|4|华峰测控,408|-2.74|30223.46|1.62|1|21|华峰测控,18|2.93|31110|1.71|22|0|联动科技,300|-2.69|30272.41|1.49|0|22|北方华创,52|-0.61|30088.61|1.95|6|16|微导纳米,236|-5.23|28514.66|2.12|1|21|拓荆科技,404|2.44|29209.53|1.60|20|2|耐科装备,171|2.25|29866.9|1.93|19|3|华亚智能,399|-2.15|29223.96|1.46|3|19|华亚智能,62|2.49|29950.91|1.64|21|1|先锋精科,27|2.34|30651.39|1.92|18|3|金海通,464|-3.48|29584.19|1.60|1|21|华亚智能,90|2.21|30237.76|1.61|21|1|中科飞测,482|-3.53|29170.12|1.70|1|21|华亚智能,33|-0.67|28974.08|1.19|7|15|耐科装备,286|1.06|29282.35|1.29|16|6|耐科装备,16|7.01|31334.92|2.42|22|0|长川科技,18|0.96|31636.97|2.10|13|9|金海通,25|2.20|32331.77|2.01|16|6|晶升股份,472|-1.47|31857|1.84|1|21|晶升股份,7|4.47|33280.47|2.52|19|3|金海通,436|-1.54|32768.56|2.19|4|18|耐科装备,104|1.98|33418.58|2.21|14|8|联动科技,170|0.40|33551.07|2.54|13|9|富乐德,382|0.17|33608.32|2.75|11|11|晶升股份,304|-0.45|33455.78|2.26|9|13|矽电股份,11|3.09|34490.11|3.00|22|0|矽电股份,365|-1.71|33901.52|2.60|3|19|晶升股份
BK1327|分立器件,,,,,,,,,,,,,,,,,,,,,,,,,,,,,,,,,,,,,,,,,,,,,,,,,,,,,,,,,,,,,,,,,,,,,,,164|1.92|13502|3.02|15|3|炬光科技,98|1.89|13757.05|3.53|15|3|长光华芯,83|1.18|13919.66|3.47|13|5|长光华芯,485|-1.10|13766.59|3.05|5|13|银河微电,286|-2.28|13452.84|3.63|3|15|源杰科技,437|-4.95|12786.63|4.70|3|15|长光华芯,110|0.09|12797.95|3.03|6|11|长光华芯,184|1.27|12960.38|3.02|13|5|派瑞股份,198|1.72|13182.93|3.35|11|7|派瑞股份,361|-1.47|12989.76|3.64|3|14|闻泰科技,4|5.63|13721.15|3.25|17|1|长光华芯,352|-0.56|13644.22|2.90|5|12|燕东微,275|-0.86|13526.39|2.39|4|14|锴威特,303|-0.96|13396.37|2.30|2|16|银河微电,49|1.57|13606.92|2.70|13|4|燕东微,480|-4.10|13048.54|2.59|1|16|台基股份,46|2.14|13327.42|2.08|16|1|源杰科技,85|-1.40|13140.71|2.34|4|13|长光华芯,18|0.96|13266.45|2.83|7|10|源杰科技,360|-5.84|12492.15|2.88|0|17|斯达半导,416|2.23|12770.78|2.36|15|2|炬光科技,69|2.79|13127.64|2.23|15|2|长光华芯,308|-1.66|12909.14|2.05|4|13|斯达半导,307|0.97|13034.68|1.85|13|4|芯导科技,297|0.05|13041.4|1.81|3|15|锴威特,482|-4.08|12509.73|1.99|0|18|*ST华微,14|4.36|13055.18|2.23|18|0|炬光科技,224|-1.43|12868.55|2.05|5|13|锴威特,12|0.27|12903.03|1.68|8|10|长光华芯,456|0.00|12902.85|1.52|10|8|银河微电,23|6.59|13753.7|2.66|18|0|锴威特,53|-0.10|13740.46|1.99|1|17|锴威特,98|1.37|13928.63|2.16|13|5|源杰科技,180|0.40|13983.83|1.77|8|9|长光华芯,35|2.41|14320.63|2.29|16|2|锴威特,344|-0.92|14188.47|2.19|5|13|燕东微,292|1.13|14348.59|1.94|16|2|炬光科技,32|2.21|14664.98|2.44|13|5|长光华芯,453|-0.40|14606.84|3.00|9|8|扬杰科技,453|-1.32|14414.39|3.04|3|15|源杰科技,15|2.91|14833.33|3.21|16|2|长光华芯,452|-2.55|14454.98|3.05|2|16|斯达半导
BK1328|集成电路封测,,,,,,,,,,,,,,,,,,,,,,,,,,,,,,,,,,,,,,,,,,,,,,,,,,,,,,,,,,,,,,,,,,,,,,,272|1.18|7750.1|5.51|10|3|晶方科技,139|1.49|7865.31|6.56|12|1|汇成股份,9|3.17|8114.5|7.53|12|1|伟测科技,324|0.24|8133.8|5.90|5|8|伟测科技,426|-3.32|7863.72|5.64|1|12|伟测科技,464|-5.75|7411.51|7.03|1|12|长电科技,83|0.37|7438.96|4.69|6|7|伟测科技,125|1.60|7558.06|5.14|12|1|大港股份,474|-1.13|7472.57|3.95|4|9|华岭股份,434|-2.08|7317.47|5.26|2|11|伟测科技,20|3.79|7594.65|4.00|13|0|伟测科技,468|-1.62|7471.63|3.78|2|11|长电科技,476|-2.39|7292.97|3.41|0|13|华天科技,404|-1.65|7172.58|3.13|0|13|气派科技,18|2.57|7356.63|4.24|13|0|蓝箭电子,453|-3.41|7105.52|3.62|1|12|蓝箭电子,4|4.01|7390.45|5.10|13|0|大港股份,417|-3.41|7138.5|4.27|0|13|大港股份,408|-3.16|6913.27|4.13|0|13|伟测科技,364|-5.84|6509.36|4.47|0|13|大港股份,431|2.01|6640.51|3.30|13|0|气派科技,350|1.46|6737.78|3.51|10|3|通富微电,421|-2.35|6579.37|3.00|2|11|汇成股份,350|0.80|6631.88|2.57|10|3|伟测科技,178|0.57|6669.38|2.57|7|6|伟测科技,436|-2.85|6479.6|2.82|0|13|华岭股份,40|2.97|6672.21|2.76|13|0|甬矽电子,481|-3.49|6439.09|2.66|0|13|华岭股份,45|-0.91|6380.54|2.13|2|10|伟测科技,107|2.19|6520.56|2.15|13|0|伟测科技,21|6.63|6952.91|4.08|13|0|通富微电,25|0.62|6995.81|4.07|6|7|汇成股份,325|0.51|7031.82|3.71|8|5|长电科技,27|2.01|7173|3.22|8|5|利扬芯片,29|2.55|7355.9|4.69|12|1|晶方科技,390|-1.11|7274.2|4.10|2|11|伟测科技,122|1.87|7409.88|3.46|13|0|汇成股份,53|1.73|7538.2|4.82|10|3|华岭股份,488|-1.05|7459.38|4.33|5|8|伟测科技,492|-2.01|7309.28|3.80|1|12|晶方科技,9|3.26|7547.75|4.74|11|2|甬矽电子,482|-3.39|7292.13|4.23|0|13|晶方科技
BK1329|集成电路制造,,,,,,,,,,,,,,,,,,,,,,,,,,,,,,,,,,,,,,,,,,,,,,,,,,,,,,,,,,,,,,,,,,,,,,,428|-0.12|3601.73|3.04|3|4|赛微电子,338|0.47|3618.61|3.17|6|1|华虹公司,157|0.35|3631.43|3.20|3|4|赛微电子,491|-1.76|3567.37|2.80|1|6|灿芯股份,418|-3.26|3451.07|3.12|0|7|赛微电子,486|-6.79|3216.86|3.93|0|7|中芯国际,415|-1.49|3168.86|2.40|1|6|赛微电子,116|1.66|3221.33|2.56|5|2|晶合集成,347|0.95|3251.94|1.98|4|2|灿芯股份,477|-2.83|3159.93|2.69|0|7|芯联集成-U,73|2.62|3242.63|2.22|7|0|赛微电子,436|-0.95|3211.96|2.30|2|5|华虹公司,187|-0.46|3197.16|2.13|2|5|华虹公司,420|-1.89|3136.83|2.16|1|6|中芯国际,16|2.83|3225.56|2.59|7|0|华虹公司,483|-4.24|3088.78|2.18|0|7|芯联集成-U,145|1.15|3124.41|1.73|7|0|赛微电子,411|-3.34|3019.93|2.09|0|7|中芯国际,204|-2.06|2957.8|2.24|1|6|赛微电子,272|-5.45|2796.71|2.94|0|7|中芯国际,392|2.53|2867.39|2.01|7|0|华虹公司,268|1.82|2919.65|1.88|7|0|灿芯股份,473|-3.25|2824.73|1.57|0|7|芯联集成-U,115|1.90|2878.29|2.04|7|0|赛微电子,456|-1.27|2841.86|1.62|0|7|灿芯股份,455|-3.25|2749.51|1.72|0|7|华润微,10|4.94|2885.4|2.28|7|0|晶合集成,291|-1.73|2835.4|2.16|2|5|赛微电子,49|-0.99|2807.19|1.81|1|6|赛微电子,79|2.54|2878.4|2.18|6|1|赛微电子,11|7.29|3088.34|3.70|7|0|华润微,122|-0.62|3069.19|2.45|1|6|赛微电子,384|0.18|3074.72|2.37|3|3|华虹公司,266|-0.02|3074.24|1.97|2|5|灿芯股份,69|1.87|3131.86|2.50|7|0|灿芯股份,311|-0.77|3107.68|2.57|2|5|中芯国际,318|1.01|3139|1.81|7|0|灿芯股份,111|0.90|3167.1|2.67|4|3|赛微电子,38|2.32|3240.59|3.20|5|2|华虹公司,454|-1.34|3197.18|4.27|2|6|赛微电子,49|1.65|3250.03|3.91|8|0|晶合集成,489|-4.71|3097.09|4.21|1|7|华润微
BK1330|模拟芯片设计,,,,,,,,,,,,,,,,,,,,,,,,,,,,,,,,,,,,,,,,,,,,,,,,,,,,,,,,,,,,,,,,,,,,,,,451|-0.56|6211.28|2.45|17|18|赛微微电,238|0.80|6261.11|2.33|23|11|赛微微电,87|1.05|6326.88|2.50|27|8|裕太微-U,404|-0.10|6320.36|2.54|11|24|杰华特,317|-2.53|6160.75|3.06|4|31|裕太微-U,478|-6.57|5756.24|3.42|0|35|昂瑞微-UW,332|-1.06|5695.24|2.31|5|30|卓胜微,38|2.36|5829.62|2.39|33|2|富满微,244|1.49|5916.38|2.02|29|5|芯动联科,246|-0.95|5859.9|2.30|8|27|纳芯微,12|4.12|6101.08|3.25|35|0|圣邦股份,446|-1.00|6040.37|2.81|7|28|圣邦股份,366|-1.27|5963.54|2.30|6|29|力芯微,407|-1.68|5863.51|2.04|4|31|赛微微电,28|2.14|5988.89|2.37|33|2|赛微微电,438|-3.11|5802.68|1.96|2|33|昂瑞微-UW,39|2.26|5934.1|1.95|32|3|臻镭科技,274|-2.61|5779.29|1.89|1|34|灿瑞科技,88|-1.17|5711.47|2.78|8|27|卓胜微,432|-6.19|5358.15|3.10|1|34|思瑞浦,327|2.91|5513.92|2.37|32|3|赛微微电,172|2.24|5637.58|2.50|34|1|杰华特,442|-2.56|5493.13|1.95|1|34|臻镭科技,178|1.41|5570.82|1.99|28|7|杰华特,338|-0.11|5564.47|1.90|13|22|臻镭科技,408|-2.48|5426.53|1.92|4|31|盛景微,51|2.75|5575.6|2.02|34|1|富满微,434|-2.72|5423.73|1.86|2|33|卓胜微,29|-0.46|5399.04|1.77|11|24|卓胜微,238|1.31|5469.6|1.79|29|6|杰华特,35|6.14|5805.33|2.90|35|0|臻镭科技,85|-0.37|5784.04|2.65|9|26|卓胜微,279|0.70|5824.48|2.70|27|8|富满微,112|0.76|5868.92|2.64|21|14|富满微,89|1.59|5962.22|2.70|33|2|臻镭科技,199|-0.31|5943.59|2.79|14|21|帝奥微,192|1.56|6036.32|2.60|31|3|翱捷科技-U,69|1.43|6122.66|2.53|26|9|盛景微,345|0.30|6141.15|2.82|19|15|翱捷科技-U,383|-0.82|6090.69|2.94|9|26|晶丰明源,25|2.21|6225.1|3.08|33|2|帝奥微,235|-0.86|6171.55|3.78|12|23|圣邦股份
BK1331|数字芯片设计,,,,,,,,,,,,,,,,,,,,,,,,,,,,,,,,,,,,,,,,,,,,,,,,,,,,,,,,,,,,,,,,,,,,,,,359|0.60|24181.03|2.85|29|22|优迅股份,448|-0.08|24162.71|2.68|26|25|力合微,45|1.89|24620.32|3.09|38|13|星宸科技,329|0.23|24675.82|2.72|23|28|盛科通信-U,330|-2.56|24044.55|3.08|8|43|盛科通信-U,489|-7.01|22359.1|3.68|0|51|新相微,76|0.46|22463.02|2.85|21|30|佰维存储,35|2.39|22999.89|3.21|47|3|东芯股份,333|1.05|23241.9|2.48|37|14|佰维存储,209|-0.76|23065.19|3.13|10|41|江波龙,58|2.80|23711.78|2.82|48|3|优迅股份,477|-1.70|23309.64|2.55|7|44|盛科通信-U,406|-1.45|22971.85|2.29|4|46|国科微,283|-0.88|22769.11|2.84|9|42|德明利,9|3.14|23485.1|3.26|42|9|兆易创新,362|-2.34|22936.34|2.55|6|45|沐曦股份-U,9|3.64|23771.76|3.30|48|3|安路科技,405|-3.30|22988.28|3.16|3|48|普冉股份,329|-2.61|22388.19|2.94|5|46|沐曦股份-U,391|-5.92|21061.79|3.06|2|49|安路科技,367|2.68|21625.39|2.76|45|6|沐曦股份-U,221|2.03|22063.96|2.78|48|2|佰维存储,459|-2.85|21435.39|2.36|5|46|德明利,250|1.15|21682.2|2.24|35|16|恒玄科技,405|-0.46|21583.11|2.03|13|38|沐曦股份-U,411|-2.51|21042.31|2.61|7|44|恒玄科技,60|2.48|21564.87|2.54|47|4|芯原股份,479|-3.41|20830.34|2.24|1|50|大为股份,19|-0.16|20796.17|1.82|16|34|思特威-W,139|1.82|21175.48|2.03|42|8|盛科通信-U,28|6.44|22538.82|3.43|51|0|大为股份,93|-0.44|22438.9|3.25|15|36|大为股份,34|1.99|22886.08|3.56|41|10|德明利,43|1.46|23219.9|3.27|34|17|优迅股份,40|2.38|23772.28|3.30|42|9|大为股份,392|-1.12|23506.63|3.31|10|41|沐曦股份-U,111|1.91|23955.48|2.96|44|6|大为股份,110|0.91|24174.16|3.09|35|16|优迅股份,141|1.18|24459.7|3.09|33|18|乐鑫科技,412|-1.06|24200.75|2.80|12|39|兆易创新,21|2.38|24777.73|3.27|47|4|峰岹科技,353|-1.61|24378.17|3.81|10|40|盛科通信-U
BK1332|电子化学品Ⅲ,,,,,,,,,,,,,,,,,,,,,,,,,,,,,,,,,,,,,,,,,,,,,,,,,,,,,,,,,,,,,,,,,,,,,,,135|2.22|2539.51|5.02|28|5|天通股份,44|3.21|2621.11|7.11|31|3|中巨芯-U,22|2.30|2681.32|6.54|28|6|德邦科技,483|-1.08|2652.33|5.03|7|27|国瓷材料,135|-0.78|2631.62|5.53|10|24|思泉新材,422|-4.65|2509.22|7.02|4|30|金宏气体,181|-0.41|2498.82|4.79|8|25|天承科技,181|1.28|2530.7|4.94|26|8|三孚新科,441|-0.42|2520.04|3.70|11|22|濮阳惠成,417|-1.90|2472.26|4.99|3|31|华特气体,27|3.44|2557.42|4.42|31|3|天通股份,237|-0.14|2553.93|5.20|14|19|天通股份,118|-0.02|2553.3|4.98|11|23|金宏气体,247|-0.63|2537.21|4.77|8|26|华特气体,92|1.04|2563.54|5.19|21|13|三孚新科,484|-4.36|2451.78|4.36|2|32|莱尔科技,117|1.39|2485.78|3.65|29|5|思泉新材,249|-2.50|2423.65|4.44|6|28|华特气体,257|-2.33|2367.11|4.54|4|30|金宏气体,260|-5.39|2239.42|5.03|3|31|华特气体,291|3.02|2307.1|3.96|30|4|天承科技,78|2.75|2370.48|3.92|31|3|莱特光电,319|-1.72|2329.62|3.00|5|29|瑞联新材,41|3.01|2399.76|4.41|29|5|宏昌电子,395|-0.41|2389.92|3.63|14|20|安集科技,458|-3.39|2308.99|3.69|1|33|国瓷材料,121|2.05|2356.32|3.36|30|4|思泉新材,391|-2.29|2302.36|3.45|4|30|华特气体,9|0.34|2310.27|3.68|15|19|华特气体,105|2.21|2361.26|3.66|26|8|宏昌电子,62|5.59|2493.2|5.80|32|2|莱尔科技,31|0.37|2502.52|4.23|16|17|天通股份,329|0.49|2514.77|5.08|15|17|德邦科技,124|0.70|2532.26|5.00|18|17|宏昌电子,49|2.18|2587.55|5.28|29|4|宏昌电子,364|-0.97|2562.4|5.22|9|26|天承科技,136|1.79|2608.25|4.89|28|7|中石科技,9|3.64|2703.06|4.38|27|7|天通股份,71|1.84|2752.69|4.85|24|11|天通股份,10|2.23|2813.96|7.72|24|10|华特气体,39|1.74|2862.89|6.56|27|8|天通股份,180|-0.58|2846.19|7.21|12|23|唯特偶
BK1333|LED,,,,,,,,,,,,,,,,,,,,,,,,,,,,,,,,,,,,,,,,,,,,,,,,,,,,,,,,,,,,,,,,,,,,,,,109|2.51|8770.77|6.06|25|5|晨丰科技,173|1.17|8873.39|5.87|18|12|ST长方,34|2.09|9058.49|7.93|24|6|聚飞光电,468|-0.62|9002.17|6.72|8|21|三安光电,436|-3.41|8695.23|6.10|1|29|ST长方,411|-4.58|8297.19|7.60|3|27|聚飞光电,60|0.69|8354.71|5.95|14|15|聚飞光电,1|10.14|9201.81|11.25|30|0|华灿光电,477|-1.24|9088.14|14.98|8|22|华灿光电,235|-0.90|9006.07|9.76|6|22|瑞丰光电,213|1.59|9149.03|8.63|23|7|瑞丰光电,110|0.77|9219.76|11.08|19|10|华灿光电,59|0.87|9299.53|10.89|14|16|三安光电,339|-1.14|9193.6|10.01|8|22|ST长方,356|-0.48|9149.2|6.88|10|19|宝明科技,468|-3.64|8816.58|6.89|1|29|晨丰科技,13|3.18|9097.01|5.98|28|2|艾比森,171|-2.13|8902.86|5.33|3|27|艾比森,282|-2.41|8687.9|7.54|4|26|联建光电,476|-6.81|8096.11|6.28|0|30|乾照光电,139|3.89|8411.31|7.29|28|2|爱克股份,353|1.45|8533.12|6.16|25|4|ST长方,484|-3.76|8212.11|5.53|1|29|ST长方,214|1.29|8318.32|5.02|24|6|盛洋科技,328|-0.06|8313.14|5.02|9|19|ST长方,402|-2.46|8109.01|4.54|3|27|乾照光电,213|1.59|8237.75|4.52|26|4|晨丰科技,394|-2.34|8044.95|4.13|3|27|光莆股份,39|-0.79|7981.72|5.03|8|22|光莆股份,457|-0.02|7979.95|4.20|19|11|奥拓电子,82|5.29|8402.44|6.02|29|1|国星光电,99|-0.45|8364.59|5.89|9|21|艾比森,259|0.77|8428.82|5.23|18|12|爱克股份,317|-0.27|8405.86|4.30|10|20|三安光电,118|1.40|8523.95|5.10|20|9|ST长方,154|-0.12|8514.05|5.01|8|22|隆利科技,352|0.85|8586.08|4.03|18|11|晨丰科技,46|1.89|8748.04|6.87|23|7|三安光电,312|0.43|8785.43|6.78|17|13|乾照光电,256|-0.30|8759.5|5.19|6|23|宝明科技,110|0.95|8842.52|5.84|18|12|三安光电,474|-3.18|8561.12|7.20|2|28|三安光电
BK1334|光学元件,,,,,,,,,,,,,,,,,,,,,,,,,,,,,,,,,,,,,,,,,,,,,,,,,,,,,,,,,,,,,,,,,,,,,,,326|0.83|14461.45|2.81|19|7|水晶光电,429|0.05|14468.61|2.50|14|12|苏大维格,74|1.33|14660.73|2.65|22|4|东田微,342|0.18|14687.31|2.67|11|15|蓝特光学,236|-2.01|14392.81|3.68|5|21|腾景科技,305|-3.41|13902.47|4.97|3|22|联创电子,406|-1.42|13705.72|2.86|3|23|戈碧迦,5|4.42|14311.67|4.65|24|1|欧菲光,476|-1.20|14139.35|3.99|7|18|腾景科技,428|-2.02|13853.45|3.64|3|23|美迪凯,17|3.83|14383.97|3.01|25|1|蓝特光学,329|-0.48|14314.29|2.62|9|16|茂莱光学,326|-1.09|14158.81|3.24|5|21|腾景科技,400|-1.61|13931.26|3.54|3|23|水晶光电,172|0.48|13998.34|2.72|15|9|冠石科技,452|-3.41|13521.51|2.70|2|24|光智科技,56|1.96|13787.04|2.07|24|2|戈碧迦,235|-2.44|13450.23|2.24|3|23|*ST恒久,58|-0.80|13342.43|3.23|7|19|腾景科技,407|-6.02|12539.69|3.56|2|24|腾景科技,68|4.44|13096.95|2.79|25|1|福晶科技,140|2.40|13411.14|2.62|25|1|美迪凯,371|-1.96|13147.66|2.28|4|22|东田微,175|1.43|13335.31|2.06|21|5|腾景科技,266|0.19|13360.46|2.48|11|14|福晶科技,412|-2.51|13025.09|2.08|1|24|光智科技,37|3.27|13450.37|2.56|24|2|波长光电,231|-1.47|13253.14|3.72|5|21|水晶光电,4|2.19|13543.31|3.18|15|10|福晶科技,350|0.72|13641.11|2.77|15|11|弘景光电,44|5.88|14442.89|4.29|26|0|水晶光电,5|2.06|14740.59|4.36|15|11|五方光电,124|1.25|14924.57|5.30|16|10|五方光电,307|-0.20|14894.58|4.10|11|15|东田微,272|0.53|14972.86|3.41|13|12|日久光电,256|-0.51|14896.99|3.60|8|18|弘景光电,260|1.26|15084.21|3.41|21|5|蓝特光学,13|3.22|15569.82|3.77|23|3|茂莱光学,140|1.19|15755.62|4.51|13|12|茂莱光学,42|1.19|15942.67|4.63|16|10|腾景科技,24|2.30|16309.69|3.66|20|6|冠石科技,484|-3.66|15713.41|4.31|2|24|苏大维格
BK1335|面板,,,,,,,,,,,,,,,,,,,,,,,,,,,,,,,,,,,,,,,,,,,,,,,,,,,,,,,,,,,,,,,,,,,,,,,168|1.90|3203.84|2.10|38|3|联得装备,310|0.58|3222.57|1.82|29|11|彩虹股份,104|0.79|3248.09|1.58|27|11|汇创达,184|0.89|3277|2.61|26|14|汇创达,357|-2.66|3189.94|2.63|6|35|三利谱,399|-4.48|3046.94|2.64|1|40|亚世光电,189|-0.43|3033.7|1.87|13|27|翰博高新,4|6.78|3239.25|3.33|41|0|冠捷科技,450|-0.63|3218.81|3.87|11|28|华塑控股,302|-1.23|3179.18|2.86|7|32|奥瑞德,89|2.50|3258.52|2.28|38|3|天禄科技,159|0.23|3266.17|2.36|23|15|沃格光电,220|-0.63|3245.49|2.52|12|28|纬达光电,309|-0.99|3213.42|2.18|9|30|亚世光电,164|0.55|3231.03|2.77|21|19|深华发Ａ,381|-2.45|3151.79|2.21|7|34|深华发Ａ,53|2.00|3214.75|2.04|31|8|深华发Ａ,67|-1.21|3175.75|1.90|5|36|深华发Ａ,140|-1.61|3124.54|2.35|7|34|深华发Ａ,439|-6.23|2930.01|3.07|1|40|秋田微,242|3.26|3025.46|2.16|39|2|华塑控股,279|1.79|3079.55|1.84|33|9|奥瑞德,426|-2.39|3006.04|2.54|3|39|奥瑞德,356|0.77|3029.14|2.28|28|13|奥瑞德,272|0.17|3034.19|2.34|18|20|翰博高新,401|-2.45|2959.75|1.99|3|39|京东方Ｂ,162|1.84|3014.11|1.90|36|5|奥瑞德,417|-2.48|2939.5|2.24|3|39|京东方Ｂ,73|-1.24|2903.19|1.56|4|37|亚世光电,290|1.04|2933.37|1.60|31|8|凯盛科技,104|4.96|3078.9|2.39|42|0|奥瑞德,57|-0.13|3075.05|2.93|12|30|彩虹股份,119|1.26|3113.65|2.50|31|11|彩虹股份,258|0.02|3114.24|2.12|13|25|三利谱,251|0.63|3133.88|2.13|27|12|汇创达,156|-0.13|3129.87|2.58|14|28|沃格光电,211|1.46|3175.62|2.82|31|9|奥瑞德,139|0.62|3195.26|3.02|22|19|沃格光电,109|1.43|3240.94|3.58|25|14|合力泰,263|-0.31|3230.79|4.46|15|26|亚世光电,30|1.95|3293.65|3.47|31|10|沃格光电,441|-2.35|3216.31|3.18|4|38|八亿时空
BK1336|其他电子Ⅲ,,,,,,,,,,,,,,,,,,,,,,,,,,,,,,,,,,,,,,,,,,,,,,,,,,,,,,,,,,,,,,,,,,,,,,,258|1.25|14884.49|4.46|25|8|瑞可达,284|0.66|14982.97|3.69|25|8|创益通,51|1.78|15249.3|4.53|25|8|创益通,434|-0.28|15206.21|4.37|10|23|好利科技,387|-2.86|14771.99|4.85|5|28|久之洋,454|-5.33|13984.09|5.40|1|31|可立克,111|0.08|13995.19|3.57|12|20|京泉华,107|1.71|14234.81|4.20|25|7|伊戈尔,231|1.56|14456.22|3.77|27|5|香农芯创,310|-1.27|14271.98|4.18|6|25|百邦科技,22|3.66|14793.89|3.54|31|1|好利科技,308|-0.37|14738.57|4.15|10|21|可立克,469|-2.10|14429.41|4.51|3|29|英唐智控,401|-1.63|14194.39|3.42|5|27|深圳华强,22|2.38|14531.68|4.47|25|7|雅创电子,414|-2.81|14123.18|5.37|6|27|沃尔核材,19|2.93|14537.43|6.00|30|3|中电港,391|-3.25|14065.67|4.92|2|31|瑞可达,275|-2.40|13727.65|6.38|3|30|盈方微,275|-5.47|12976.2|5.73|1|32|深圳华强,176|3.61|13445.27|5.02|33|0|富信科技,150|2.35|13761.85|7.14|31|1|睿能科技,287|-1.58|13543.98|5.85|7|25|可立克,415|0.50|13611.2|5.37|22|10|英唐智控,402|-0.45|13549.71|4.43|12|18|洁美科技,467|-3.51|13074|4.09|0|31|久之洋,133|1.99|13334.69|4.26|28|4|好利科技,442|-2.79|12962.77|4.15|2|30|百邦科技,151|-1.78|12731.48|3.49|7|25|英唐智控,200|1.43|12913.17|3.14|23|9|深圳华强,14|7.10|13830.4|6.43|32|0|中电港,39|0.20|13857.47|5.69|18|14|英唐智控,26|2.17|14158.86|6.84|25|8|盈方微,267|-0.02|14156.16|6.02|18|15|旭光电子,57|2.04|14444.24|5.99|24|8|京泉华,415|-1.34|14251.06|5.45|7|25|维峰电子,32|3.04|14683.64|4.97|29|4|睿能科技,58|1.60|14918.28|6.44|21|12|富信科技,118|1.32|15115.84|7.49|19|14|京泉华,381|-0.82|14992.49|6.25|10|23|英唐智控,75|1.21|15173.38|6.28|24|9|深圳华强,423|-2.14|14848.84|6.50|4|28|旭光电子
BK1337|品牌消费电子,,,,,,,,,,,,,,,,,,,,,,,,,,,,,,,,,,,,,,,,,,,,,,,,,,,,,,,,,,,,,,,,,,,,,,,345|0.74|2963.23|1.08|7|3|奥尼电子,359|0.39|2974.83|1.07|5|5|绿联科技,317|-0.62|2956.31|1.14|1|9|奥尼电子,280|0.41|2968.35|1.38|6|4|奥尼电子,269|-2.19|2903.42|2.09|1|9|影石创新,239|-2.79|2822.46|2.08|2|8|安克创新,459|-2.21|2760.11|1.58|1|10|惠威科技,420|-0.32|2751.35|1.29|9|2|光峰科技,159|1.96|2805.29|1.55|10|0|传音控股,134|-0.26|2798|1.84|1|10|绿联科技,50|2.90|2879.23|1.64|11|0|海菲曼,400|-0.75|2857.53|1.75|3|8|安克创新,446|-1.77|2806.92|1.48|1|10|传音控股,147|-0.11|2803.83|1.37|6|5|绿联科技,273|-0.06|2802.04|1.21|6|5|奥尼电子,160|-1.04|2773.03|1.35|3|8|海菲曼,185|0.92|2798.57|1.35|7|4|奥尼电子,314|-2.76|2721.4|1.33|0|11|奥尼电子,80|-1.12|2691.03|1.67|2|9|安克创新,156|-4.80|2561.95|2.16|2|9|安克创新,205|3.43|2649.75|1.50|10|1|奥尼电子,366|1.37|2686.11|1.62|9|2|绿联科技,223|-1.23|2652.93|1.54|3|8|海菲曼,171|1.49|2692.4|1.33|11|0|传音控股,371|-0.26|2685.53|1.54|5|6|漫步者,256|-1.27|2651.38|1.42|2|9|传音控股,229|1.51|2691.33|1.28|10|1|绿联科技,437|-2.74|2617.48|1.11|0|11|海菲曼,158|-1.82|2569.97|0.89|1|10|绿联科技,328|0.84|2591.66|0.85|7|4|奥尼电子,118|4.69|2713.31|1.51|11|0|奥尼电子,147|-0.73|2693.45|1.37|3|7|奥尼电子,9|3.71|2793.35|1.74|10|1|奥尼电子,296|-0.16|2788.77|1.32|2|9|奥尼电子,23|2.80|2866.72|1.37|9|2|奥尼电子,24|1.41|2907.19|1.52|4|7|奥尼电子,367|0.76|2929.26|1.73|9|2|安克创新,185|0.31|2938.28|1.51|5|6|海菲曼,260|0.63|2956.79|1.52|6|4|奥尼电子,402|-0.94|2929.05|1.77|4|7|视源股份,77|1.20|2964.14|1.85|9|2|传音控股,233|-0.86|2938.74|1.94|2|8|视源股份
BK1338|消费电子零部件及组装,,,,,,,,,,,,,,,,,,,,,,,,,,,,,,,,,,,,,,,,,,,,,,,,,,,,,,,,,,,,,,,,,,,,,,,235|1.40|13759.79|2.26|67|20|昀冢科技,346|0.45|13821.28|2.33|48|36|贝隆精密,85|1.13|13977.95|2.49|60|25|统联精密,370|0.08|13989.57|2.29|38|48|共达电声,241|-2.05|13703.06|2.90|15|71|利通电子,429|-4.73|13054.75|3.00|3|84|苏州天脉,138|-0.12|13038.67|2.05|31|56|慧为智能,76|1.85|13279.32|2.35|74|13|金龙机电,385|0.71|13373.18|1.86|59|27|杰美特,367|-1.49|13173.98|2.47|13|72|慧为智能,38|3.09|13580.81|2.65|82|5|奥海科技,271|-0.27|13544.46|2.40|28|59|利通电子,431|-1.62|13324.96|2.03|12|75|科森科技,353|-1.20|13164.44|1.80|10|76|隆扬电子,109|0.85|13275.9|2.32|57|30|胜利精密,413|-2.81|12902.76|2.67|7|80|新亚电子,47|2.11|13175.31|2.21|72|13|可川科技,278|-2.63|12828.18|2.08|6|81|利通电子,338|-2.69|12483.08|2.37|6|80|金龙机电,354|-5.80|11758.51|2.71|1|84|杰美特,231|3.32|12149.34|2.19|80|7|杰美特,92|2.64|12469.68|2.43|83|3|可川科技,334|-1.77|12249.43|2.08|12|75|泓禧科技,302|0.99|12370.18|1.67|60|27|杰美特,377|-0.27|12336.55|1.70|30|53|统联精密,259|-1.28|12178.31|2.05|14|73|工业富联,77|2.33|12461.59|1.96|81|6|华勤技术,395|-2.35|12169.36|1.79|9|78|泓禧科技,54|-1.04|12042.35|1.53|20|66|易天股份,195|1.45|12217.53|1.62|69|18|福蓉科技,34|6.17|12970.85|2.98|86|1|利通电子,23|0.65|13055.01|2.64|36|51|安洁科技,202|0.98|13183.35|2.81|68|18|杰美特,203|0.28|13220.67|2.24|39|44|杰美特,71|1.86|13466.69|2.62|77|10|协创数据,140|0.03|13471.29|2.66|31|55|福蓉科技,124|1.86|13721.27|2.89|77|10|可川科技,73|1.36|13908.22|2.66|52|29|可川科技,171|1.02|14049.98|3.47|60|26|可川科技,326|-0.59|13967.48|2.69|19|68|致尚科技,35|1.85|14226.23|3.26|69|16|协创数据,402|-1.93|13951.27|3.04|16|71|亿道信息
BK1339|被动元件,,,,,,,,,,,,,,,,,,,,,,,,,,,,,,,,,,,,,,,,,,,,,,,,,,,,,,,,,,,,,,,,,,,,,,,35|4.08|9340.52|5.06|16|2|风华高科,61|2.67|9589.78|6.62|16|1|风华高科,38|1.97|9778.56|7.58|16|2|铜峰电子,448|-0.37|9742.55|6.28|7|11|泰晶科技,91|0.17|9758.98|7.02|7|11|泰晶科技,415|-4.60|9309.93|7.77|1|17|麦捷科技,90|0.29|9336.74|5.18|8|9|铜峰电子,295|0.72|9404.31|4.71|10|8|ST惠伦,421|0.31|9433.59|3.67|7|10|*ST东晶,458|-2.53|9194.77|5.03|3|14|商络电子,44|2.96|9467.08|4.63|16|2|达利凯普,327|-0.48|9421.98|4.58|6|11|铜峰电子,453|-1.85|9247.84|4.21|3|15|法拉电子,405|-1.66|9094.68|3.32|1|17|ST惠伦,27|2.21|9295.54|3.85|17|1|泰晶科技,430|-2.99|9017.39|5.86|4|15|商络电子,22|2.80|9269.7|4.75|17|2|海星股份,307|-2.73|9017|4.69|1|18|风华高科,337|-2.69|8774.81|4.02|2|17|法拉电子,379|-5.89|8257.9|4.84|2|17|泰晶科技,101|4.12|8598.14|4.34|19|0|海星股份,63|2.90|8847.53|4.36|17|1|商络电子,242|-1.33|8729.84|3.42|4|15|海星股份,135|1.73|8880.98|3.09|11|8|泰晶科技,211|0.41|8917.07|3.84|8|11|江海股份,388|-2.30|8712.22|3.10|1|18|奥迪威,39|2.99|8972.41|3.48|17|2|晶赛科技,458|-2.99|8704.43|3.06|1|18|奥迪威,30|-0.50|8660.68|2.67|5|14|晶赛科技,410|0.37|8692.79|2.76|11|8|商络电子,45|5.86|9202.48|5.11|18|1|江海股份,191|-1.03|9107.79|3.54|3|16|商络电子,340|0.43|9146.64|3.76|13|6|商络电子,37|1.62|9295.08|3.96|13|6|泰晶科技,30|2.51|9528.16|5.19|15|4|江海股份,195|-0.30|9499.77|4.75|9|10|奥迪威,281|1.17|9610.94|4.34|14|4|风华高科,43|1.98|9801.43|3.94|13|6|泰晶科技,117|1.33|9931.84|4.40|11|8|高华科技,19|1.95|10125.2|4.06|12|7|泰晶科技,5|3.69|10498.96|4.81|15|3|海星股份,245|-0.90|10404.26|5.23|4|15|海星股份
BK1340|印制电路板,,,,,,,,,,,,,,,,,,,,,,,,,,,,,,,,,,,,,,,,,,,,,,,,,,,,,,,,,,,,,,,,,,,,,,,77|2.99|8253.34|3.96|39|5|深南电路,42|3.32|8527.09|4.85|41|3|明阳电路,3|5.10|8962|6.20|42|2|广合科技,493|-1.87|8794.26|5.09|9|35|中富电路,126|-0.61|8740.97|4.37|14|30|中英科技,446|-5.15|8290.65|4.88|2|42|东山精密,120|0.02|8292.18|3.30|18|26|超颖电子,160|1.38|8406.43|3.98|31|13|奥士康,253|1.43|8526.62|3.57|28|16|奥士康,469|-2.64|8301.24|4.28|3|41|东山精密,1|6.69|8856.94|4.34|43|1|金安国纪,141|0.38|8890.34|4.12|23|21|博敏电子,466|-2.01|8712.07|3.91|5|39|方邦股份,152|-0.13|8700.86|4.16|16|27|南亚新材,7|3.29|8987.1|4.43|38|6|金安国纪,486|-4.54|8579.08|4.74|4|40|超颖电子,8|3.65|8892.01|4.69|41|3|奥士康,347|-2.94|8630.95|3.62|4|40|南亚新材,191|-1.98|8459.76|4.02|10|34|南亚新材,478|-7.02|7866.14|4.11|0|44|生益电子,120|3.99|8179.79|3.53|43|1|金安国纪,278|1.79|8326.04|3.43|39|5|超颖电子,396|-2.15|8147.02|2.89|4|40|广合科技,456|-0.12|8136.86|2.54|18|25|澳弘电子,298|0.05|8140.87|2.41|22|22|中英科技,421|-2.61|7928.47|2.81|5|39|金禄电子,18|4.15|8257.87|3.29|44|0|中京电子,483|-3.55|7964.44|2.99|2|42|则成电子,20|-0.17|7951.05|2.56|17|27|威尔高,134|1.84|8097.44|2.70|38|6|中英科技,10|7.37|8694.38|4.62|45|0|东山精密,17|1.03|8784.13|4.72|27|18|东山精密,215|0.92|8864.79|4.69|25|20|东山精密,22|2.33|9070.98|4.96|39|6|兴森科技,12|3.67|9403.54|5.98|40|5|沪电股份,437|-1.59|9253.86|4.96|8|37|红板科技,102|2.00|9438.93|4.12|36|8|世运电路,15|2.85|9708.17|5.36|38|7|广合科技,421|-0.13|9695.2|5.13|19|26|方正科技,12|2.14|9902.66|5.34|32|13|方邦股份,7|3.41|10240.29|5.85|42|3|东山精密,455|-2.64|9969.99|5.69|7|37|广合科技
BK1341|房产租赁经纪,,,,,,,,,,,,,,,,,,,,,,,,,,,,,,,,,,,,,,,,,,,,,,,,,,,,,,,,,,,,,,,,,,,,,,,52|3.50|1738.71|3.32|3|0|宁波富达,16|4.69|1820.2|5.42|2|1|我爱我家,497|-4.17|1744.33|6.33|0|3|宁波富达,454|-0.41|1737.12|3.64|1|2|世联行,473|-4.03|1667.19|3.81|0|3|世联行,138|-1.80|1637.25|4.08|0|3|宁波富达,235|-0.66|1626.52|3.38|2|1|我爱我家,249|0.92|1641.54|2.98|2|1|宁波富达,55|2.90|1689.1|3.77|3|0|世联行,247|-0.95|1672.97|2.64|1|2|宁波富达,445|-0.43|1665.82|2.60|0|2|宁波富达,77|1.08|1683.88|3.12|3|0|世联行,141|-0.18|1680.83|2.45|2|1|世联行,45|0.69|1692.47|4.49|1|2|世联行,29|2.02|1726.66|5.91|2|1|我爱我家,2|4.00|1795.81|9.45|2|1|世联行,373|-0.47|1787.43|7.61|1|1|世联行,447|-3.91|1717.57|6.07|0|3|宁波富达,245|-2.29|1678.3|4.84|0|3|我爱我家,485|-7.42|1553.74|5.86|0|3|宁波富达,185|3.53|1608.66|4.26|3|0|宁波富达,394|1.18|1627.7|3.11|3|0|宁波富达,465|-2.98|1579.26|3.02|0|3|我爱我家,427|0.36|1584.93|3.07|2|1|宁波富达,11|3.88|1646.48|3.15|2|0|宁波富达,392|-2.32|1608.2|3.57|0|3|我爱我家,30|3.48|1664.21|3.42|2|1|宁波富达,359|-2.09|1629.5|3.22|0|3|宁波富达,211|-2.19|1593.81|2.21|0|3|我爱我家,89|2.41|1632.26|2.07|3|0|宁波富达,364|2.36|1670.72|2.92|3|0|宁波富达,149|-0.76|1658.02|2.13|1|2|宁波富达,383|0.18|1661.06|1.80|1|1|我爱我家,68|1.10|1679.39|3.02|2|1|世联行,31|2.49|1721.29|4.89|2|1|世联行,443|-1.66|1692.74|3.25|0|3|宁波富达,420|0.47|1700.7|1.94|2|1|世联行,38|2.10|1736.34|5.52|3|0|世联行,473|-0.65|1725|3.79|1|2|宁波富达,49|1.13|1744.48|2.92|2|1|宁波富达,448|-1.00|1726.99|1.88|0|3|世联行,304|-1.27|1705.11|2.17|0|3|宁波富达
BK1342|房地产综合服务,,,,,,,,,,,,,,,,,,,,,,,,,,,,,,,,,,,,,,,,,,,,,,,,,,,,,,,,,,,,,,,,,,,,,,,131|2.24|1918.29|3.32|1|0|珠江股份,6|6.77|2048.21|9.86|1|0|珠江股份,208|0.00|2048.21|9.42|0|0|珠江股份,480|-0.93|2029.11|6.27|0|1|珠江股份,349|-2.64|1975.61|5.01|0|1|珠江股份,163|-2.13|1933.57|4.27|0|1|珠江股份,122|0.00|1933.57|2.78|0|0|珠江股份,435|-0.59|1922.11|2.63|0|1|珠江股份,303|1.19|1945.04|1.97|1|0|珠江股份,495|-3.73|1872.43|4.00|0|1|珠江股份,15|3.88|1945.04|3.21|1|0|珠江股份,167|0.20|1948.86|2.35|1|0|珠江股份,306|-0.98|1929.75|1.83|0|1|珠江股份,347|-1.19|1906.83|1.76|0|1|珠江股份,30|2.00|1945.04|1.73|1|0|珠江股份,116|-0.79|1929.75|2.53|0|1|珠江股份,252|0.40|1937.4|1.57|1|0|珠江股份,44|-0.59|1925.93|3.12|0|1|珠江股份,5|1.98|1964.15|3.68|1|0|珠江股份,492|-8.17|1803.65|4.63|0|1|珠江股份,461|1.27|1826.58|3.36|1|0|珠江股份,12|4.18|1903.01|3.07|1|0|珠江股份,102|-0.60|1891.54|3.61|0|1|珠江股份,483|-0.81|1876.26|2.74|0|1|珠江股份,78|1.22|1899.18|2.45|1|0|珠江股份,20|1.01|1918.29|3.18|1|0|珠江股份,57|2.59|1967.97|3.58|1|0|珠江股份,495|-7.57|1818.94|6.23|0|1|珠江股份,486|-4.83|1731.05|3.39|0|1|珠江股份,71|2.65|1776.9|2.88|1|0|珠江股份,319|2.80|1826.58|2.47|1|0|珠江股份,310|-1.67|1796.01|2.16|0|1|珠江股份,488|-1.70|1765.44|2.29|0|1|珠江股份,33|1.73|1796.01|2.24|1|0|珠江股份,342|0.21|1799.83|2.37|1|0|珠江股份,483|-2.55|1753.98|2.10|0|1|珠江股份,254|1.31|1776.9|1.49|1|0|珠江股份,392|-0.86|1761.62|1.50|0|1|珠江股份,96|1.52|1788.37|1.87|1|0|珠江股份,415|-1.07|1769.26|1.80|0|1|珠江股份,234|0.22|1773.08|1.93|1|0|珠江股份,103|0.00|1773.08|1.57|0|0|珠江股份
BK1343|物业管理,,,,,,,,,,,,,,,,,,,,,,,,,,,,,,,,,,,,,,,,,,,,,,,,,,,,,,,,,,,,,,,,,,,,,,,346|0.73|2119.48|3.60|5|2|中天服务,26|4.04|2205.06|5.55|7|0|皇庭国际,446|-1.52|2171.5|4.46|1|7|皇庭B,288|0.38|2179.65|3.56|4|3|新大正,449|-3.60|2101.29|3.92|0|8|招商积余,250|-2.90|2040.26|3.54|0|8|ST明诚,391|-1.32|2013.25|2.84|2|5|皇庭B,170|1.32|2039.73|2.34|6|1|皇庭国际,179|1.85|2077.49|2.16|7|1|中天服务,433|-2.07|2034.49|2.32|0|8|南都物业,186|1.77|2070.52|3.78|7|0|皇庭国际,221|-0.07|2069.1|2.67|2|5|招商积余,369|-1.28|2042.58|2.01|0|6|招商积余,207|-0.44|2033.61|1.95|2|5|中天服务,228|0.25|2038.6|2.09|6|2|特发服务,58|-0.03|2038.08|2.47|3|3|特发服务,369|-0.42|2029.52|1.92|4|3|中天服务,354|-2.98|1968.98|1.92|0|8|皇庭B,302|-2.50|1919.83|2.09|0|8|招商积余,125|-4.42|1834.92|3.29|1|7|招商积余,76|4.40|1915.6|3.30|8|0|中天服务,124|2.48|1963.02|2.76|8|0|皇庭B,70|-0.24|1958.35|2.29|1|6|皇庭B,245|1.16|1981.15|4.65|7|0|ST明诚,162|0.67|1994.35|3.28|6|2|皇庭国际,310|-1.55|1963.53|3.87|1|6|皇庭国际,423|0.25|1968.51|3.14|5|3|招商积余,452|-2.95|1910.44|2.80|0|8|皇庭B,345|-2.89|1855.18|2.56|0|8|ST明诚,227|1.34|1880|1.88|5|1|新大正,151|4.32|1961.19|2.43|8|0|中天服务,484|-3.16|1899.14|2.52|0|8|新大正,289|0.66|1911.67|1.92|6|2|皇庭B,50|1.32|1936.92|2.32|5|2|中天服务,55|2.09|1977.4|3.35|7|0|皇庭国际,472|-2.14|1935.17|2.22|0|8|招商积余,380|0.69|1948.52|1.71|4|2|中天服务,241|-0.03|1948.02|2.13|3|4|招商积余,227|0.80|1963.54|2.32|5|1|皇庭国际,38|1.26|1988.2|4.69|5|3|皇庭国际,477|-1.38|1960.8|4.31|1|6|ST明诚,337|-1.51|1931.17|2.97|0|8|南都物业
BK1344|产业地产,,,,,,,,,,,,,,,,,,,,,,,,,,,,,,,,,,,,,,,,,,,,,,,,,,,,,,,,,,,,,,,,,,,,,,,384|0.39|2728.9|1.29|8|6|海泰发展,158|1.29|2764.11|1.84|11|3|华夏幸福,447|-1.53|2721.73|1.68|2|11|张江高科,271|0.44|2733.83|1.48|10|3|华夏幸福,318|-2.53|2664.58|1.88|1|13|金桥Ｂ股,259|-3.00|2584.57|2.08|0|14|金桥Ｂ股,239|-0.66|2567.39|1.32|4|9|电子城,216|1.11|2595.83|1.21|13|0|海泰发展,327|1.08|2623.99|1.14|13|1|海泰发展,306|-1.26|2590.97|1.10|1|13|外高Ｂ股,295|1.19|2621.71|0.81|13|0|空港股份,353|-0.56|2607.01|0.83|4|10|临港B股,209|-0.59|2591.51|0.90|2|11|中新集团,63|0.54|2605.42|1.13|8|5|浦东金桥,251|0.12|2608.43|1.04|9|5|华夏幸福,43|0.27|2615.53|3.12|5|8|华夏幸福,376|-0.48|2603.07|2.08|4|8|海泰发展,101|-1.55|2562.6|1.47|1|12|市北高新,29|0.11|2565.38|1.85|4|10|市北高新,132|-4.51|2449.67|1.97|0|14|金桥Ｂ股,304|2.98|2522.64|1.58|14|0|海泰发展,442|0.72|2540.7|1.25|10|3|张江高科,128|-0.77|2521.23|1.05|3|9|浦东金桥,406|0.56|2535.33|0.86|8|3|空港股份,398|-0.42|2524.8|1.09|4|7|外高桥,147|-0.82|2504.05|1.08|3|11|外高桥,353|0.81|2524.28|1.09|11|1|张江高科,275|-1.66|2482.34|1.46|1|12|空港股份,92|-1.40|2447.52|1.91|2|12|华夏幸福,454|0.01|2447.83|1.38|5|7|海泰发展,337|2.68|2513.33|1.52|14|0|上海临港,265|-1.39|2478.52|1.53|2|11|张江高科,200|0.99|2503.03|1.15|11|1|电子城,188|0.34|2511.54|1.04|8|4|电子城,199|0.83|2532.28|1.99|10|3|浦东金桥,396|-1.18|2502.5|2.51|4|10|华夏幸福,452|0.10|2505.02|2.35|9|4|电子城,329|-0.47|2493.21|1.81|6|7|张江高科,450|-0.39|2483.61|1.45|4|8|华夏幸福,159|0.12|2486.65|1.35|6|7|中新集团,72|1.23|2517.29|1.60|8|5|中新集团,56|0.74|2535.8|1.68|6|5|中新集团
BK1345|商业地产,,,,,,,,,,,,,,,,,,,,,,,,,,,,,,,,,,,,,,,,,,,,,,,,,,,,,,,,,,,,,,,,,,,,,,,442|-0.39|1398.09|0.66|6|6|云南城投,94|1.93|1425.01|1.10|10|0|新城控股,489|-2.50|1389.34|1.11|0|11|*ST南置,423|-0.23|1386.1|0.77|4|7|*ST南置,275|-2.22|1355.35|0.91|1|11|新城控股,111|-1.39|1336.47|0.94|2|10|汇丽B,409|-1.45|1317.1|0.92|1|10|*ST阳光,341|0.39|1322.26|0.66|8|3|*ST阳光,374|0.80|1332.84|0.59|11|1|云南城投,411|-1.83|1308.48|0.78|0|12|陆家Ｂ股,340|0.86|1319.79|0.64|9|3|*ST阳光,101|0.83|1330.69|0.60|5|6|汇丽B,77|0.46|1336.85|0.60|3|8|汇丽B,34|0.95|1349.59|0.93|8|4|汇丽B,154|0.62|1357.94|0.83|7|4|新城控股,41|0.38|1363.13|0.95|7|2|金 融 街,431|-0.84|1351.73|0.86|3|8|汇丽B,130|-1.90|1326.08|0.64|1|11|*ST阳光,84|-1.15|1310.84|0.65|2|10|新城控股,165|-4.87|1246.99|0.96|0|12|陆家Ｂ股,353|2.77|1281.58|0.77|12|0|云南城投,145|2.37|1312.01|0.64|12|0|汇丽B,88|-0.47|1305.83|0.60|2|10|*ST阳光,393|0.61|1313.8|0.60|6|4|汇丽B,159|0.68|1322.68|0.76|7|4|新城控股,253|-1.26|1306.01|0.78|2|9|*ST南置,391|0.51|1312.65|0.67|8|3|华侨城Ａ,306|-1.79|1289.09|0.65|2|10|中国国贸,100|-1.46|1270.28|0.59|1|11|汇丽B,408|0.37|1275.02|0.46|8|3|*ST阳光,347|2.56|1307.68|0.66|12|0|新城控股,110|-0.53|1300.74|0.50|3|9|汇丽B,174|1.09|1314.89|0.67|7|4|金 融 街,99|0.85|1326.04|0.97|7|5|金 融 街,46|2.27|1356.2|1.64|11|0|招商蛇口,439|-1.62|1334.23|1.28|3|9|中国国贸,471|-0.15|1332.19|0.88|4|7|*ST南置,177|0.35|1336.9|1.08|6|6|招商蛇口,478|-0.72|1327.21|0.78|1|9|*ST阳光,357|-0.71|1317.81|0.58|3|8|新城控股,308|-0.08|1316.77|0.53|4|5|汇丽B,260|-0.96|1304.07|0.58|0|11|陆家嘴
BK1346|住宅开发,,,,,,,,,,,,,,,,,,,,,,,,,,,,,,,,,,,,,,,,,,,,,,,,,,,,,,,,,,,,,,,,,,,,,,,291|1.09|2137.89|1.64|46|18|凤凰股份,70|2.28|2186.67|2.44|61|5|城投控股,476|-2.03|2142.31|2.30|7|60|黑牡丹,334|0.20|2146.67|1.43|42|21|京基智农,290|-2.32|2096.96|1.91|4|63|西藏城投,234|-2.76|2039.04|1.92|3|65|京投发展,250|-0.71|2024.5|1.47|16|48|华丽家族,248|0.93|2043.26|1.30|55|7|西藏城投,145|2.05|2085.16|1.40|61|4|大龙地产,322|-1.31|2057.83|1.48|8|57|西藏城投,271|1.35|2085.63|1.26|54|8|首开股份,180|0.15|2088.8|1.32|30|26|西藏城投,152|-0.27|2083.14|1.39|21|37|京投发展,132|-0.05|2082.13|1.77|23|37|京投发展,121|0.78|2098.32|1.50|44|13|京投发展,30|0.65|2111.87|2.40|37|26|中洲控股,443|-0.95|2091.8|1.84|17|49|沙河股份,328|-2.82|2032.72|1.60|1|66|大名城B,163|-1.76|1996.89|1.63|4|62|京投发展,302|-5.59|1885.29|2.16|2|65|首开股份,135|3.92|1959.16|1.74|66|1|西藏城投,183|2.20|2002.2|1.53|64|2|北辰实业,190|-1.08|1980.63|1.43|13|49|天保基建,227|1.25|2005.34|1.41|55|9|上实发展,374|-0.27|1999.97|1.41|23|37|世荣兆业,193|-1.04|1979.21|1.44|7|53|三湘印象,450|-0.18|1975.58|1.32|29|25|京能置业,332|-1.89|1938.23|1.34|6|56|京能置业,319|-2.77|1884.47|1.21|7|59|*ST荣控,222|1.35|1909.97|1.07|48|17|京能置业,257|3.35|1973.94|1.39|66|0|京能置业,185|-1.00|1954.27|1.27|11|53|京能置业,270|0.72|1968.37|1.18|49|13|*ST数源,79|1.01|1988.19|1.50|45|18|西藏城投,36|2.41|2036.05|2.20|58|8|盈新发展,464|-2.04|1994.56|2.19|7|57|京投发展,327|0.97|2013.85|1.47|41|17|京投发展,154|0.52|2024.25|1.79|28|31|京投发展,455|-0.42|2015.75|1.62|20|39|黑牡丹,172|0.06|2017.01|1.46|24|36|苏州高新,249|0.14|2019.88|1.50|24|35|苏州高新,177|-0.56|2008.56|1.60|16|47|苏州高新
BK1347|纺织鞋类制造,,,,,,,,,,,,,,,,,,,,,,,,,,,,,,,,,,,,,,,,,,,,,,,,,,,,,,,,,,,,,,,,,,,,,,,237|1.39|559.22|0.15|1|0|华利集团,461|-0.24|557.85|0.15|0|1|华利集团,494|-2.80|542.2|0.37|0|1|华利集团,300|0.34|544.03|0.10|1|0|华利集团,100|0.00|544.03|0.20|0|0|华利集团,77|-0.88|539.24|0.21|0|1|华利集团,327|-1.04|533.64|0.15|0|1|华利集团,439|-0.79|529.42|0.19|0|1|华利集团,187|1.79|538.89|0.14|1|0|华利集团,438|-2.16|527.25|0.13|0|1|华利集团,238|1.49|535.13|0.11|1|0|华利集团,24|2.52|548.6|0.25|1|0|华利集团,176|-0.38|546.54|0.12|0|1|华利集团,390|-1.52|538.21|0.16|0|1|华利集团,65|1.34|545.4|0.14|1|0|华利集团,39|0.54|548.37|0.21|1|0|华利集团,454|-1.10|542.32|0.13|0|1|华利集团,163|-2.04|531.24|0.12|0|1|华利集团,405|-3.14|514.57|0.29|0|1|华利集团,109|-4.13|493.34|0.22|0|1|华利集团,463|1.20|499.27|0.14|1|0|华利集团,462|0.43|501.44|0.08|1|0|华利集团,240|-1.32|494.82|0.08|0|1|华利集团,380|0.69|498.25|0.08|1|0|华利集团,337|-0.09|497.79|0.10|0|1|华利集团,71|-0.21|496.76|0.09|0|1|华利集团,115|2.07|507.04|0.13|1|0|华利集团,72|-0.07|506.69|0.10|0|1|华利集团,28|-0.45|504.41|0.08|0|1|华利集团,420|0.27|505.78|0.09|1|0|华利集团,426|1.53|513.54|0.12|1|0|华利集团,283|-1.51|505.78|0.10|0|1|华利集团,491|-2.05|495.39|0.43|0|1|华利集团,478|-1.68|487.06|0.16|0|1|华利集团,436|-0.40|485.11|0.16|0|1|华利集团,36|1.20|490.94|0.14|1|0|华利集团,405|0.58|493.79|0.16|1|0|华利集团,391|-0.85|489.57|0.11|0|1|华利集团,248|0.70|492.99|0.13|1|0|华利集团,184|0.00|492.99|0.17|0|0|华利集团,478|-1.41|486.03|0.14|0|1|华利集团,131|-0.26|484.77|0.11|0|1|华利集团
BK1348|辅料,,,,,,,,,,,,,,,,,,,,,,,,,,,,,,,,,,,,,,,,,,,,,,,,,,,,,,,,,,,,,,,,,,,,,,,334|0.79|2770.35|1.00|3|1|夜光明,447|-0.07|2768.44|1.13|1|3|兴业科技,388|-0.91|2743.38|1.25|1|3|浔兴股份,266|0.46|2756.1|0.85|2|2|兴业科技,389|-2.86|2677.28|1.39|0|4|伟星股份,55|-0.22|2671.52|1.66|2|2|夜光明,363|-1.20|2639.53|2.01|0|4|浔兴股份,282|0.80|2660.54|1.02|4|0|伟星股份,262|1.40|2697.86|0.96|4|0|兴业科技,335|-1.36|2661.07|1.33|1|3|兴业科技,282|1.28|2695|1.17|3|1|兴业科技,298|-0.34|2685.85|1.56|2|2|伟星股份,257|-0.78|2664.98|1.08|1|2|伟星股份,188|-0.33|2656.27|0.91|1|3|夜光明,210|0.32|2664.76|1.16|3|1|浔兴股份,372|-2.41|2600.62|1.22|1|3|伟星股份,287|0.18|2605.26|0.80|2|2|浔兴股份,237|-2.44|2541.6|0.74|0|3|伟星股份,50|-0.55|2527.72|0.94|1|3|夜光明,225|-5.20|2396.31|1.56|0|4|伟星股份,435|1.95|2443.13|1.32|3|1|浔兴股份,403|1.15|2471.29|0.90|4|0|浔兴股份,180|-1.05|2445.38|0.72|1|3|伟星股份,289|1.04|2470.69|0.63|3|1|兴业科技,209|0.41|2480.91|0.72|3|1|兴业科技,76|-0.27|2474.33|0.65|2|2|伟星股份,373|0.65|2490.45|0.57|4|0|兴业科技,84|-0.20|2485.51|0.56|2|2|夜光明,230|-2.30|2428.26|0.77|0|4|夜光明,171|1.58|2466.67|0.60|3|1|兴业科技,346|2.56|2529.92|0.74|4|0|夜光明,209|-1.09|2502.27|0.51|1|3|兴业科技,251|0.80|2522.22|0.60|3|1|夜光明,210|0.24|2528.29|0.61|1|3|兴业科技,284|0.49|2540.63|0.61|3|1|伟星股份,116|0.17|2545.06|0.60|2|1|伟星股份,393|0.65|2561.48|0.66|3|0|浔兴股份,87|1.24|2593.35|1.14|3|1|夜光明,163|1.09|2621.56|0.81|3|1|浔兴股份,253|-0.29|2613.9|0.67|2|2|夜光明,218|0.34|2622.68|0.57|3|1|兴业科技,207|-0.72|2603.75|0.82|1|3|伟星股份
BK1349|棉纺,,,,,,,,,,,,,,,,,,,,,,,,,,,,,,,,,,,,,,,,,,,,,,,,,,,,,,,,,,,,,,,,,,,,,,,170|1.87|2871.49|1.83|9|0|百隆东方,424|0.08|2873.71|1.90|4|4|孚日股份,307|-0.58|2857.08|2.31|4|5|联发股份,87|1.82|2909.01|2.18|7|1|联发股份,228|-1.89|2854.03|2.52|1|8|百隆东方,170|-2.22|2790.68|2.72|1|8|百隆东方,242|-0.67|2771.88|1.93|2|7|联发股份,314|0.59|2788.2|1.64|7|2|联发股份,125|2.20|2849.67|2.04|9|0|华孚时尚,125|-0.18|2844.53|2.51|2|7|百隆东方,202|1.64|2891.22|2.36|7|2|联发股份,119|0.66|2910.3|2.48|5|4|百隆东方,160|-0.30|2901.68|2.18|3|5|联发股份,87|0.28|2909.84|2.51|3|6|健盛集团,388|-0.78|2887.04|2.47|5|4|孚日股份,127|-0.86|2862.27|2.11|1|8|健盛集团,227|0.65|2880.81|2.17|5|3|百隆东方,149|-1.97|2823.92|2.31|1|8|健盛集团,410|-3.17|2734.37|2.52|1|8|鲁  泰Ｂ,298|-5.58|2581.8|2.90|0|9|健盛集团,61|4.49|2697.72|3.31|9|0|孚日股份,35|3.39|2789.26|2.88|9|0|健盛集团,340|-1.80|2738.99|2.54|1|8|孚日股份,97|2.03|2794.72|3.18|8|1|华孚时尚,74|1.23|2829.18|3.02|7|2|百隆东方,103|-0.54|2813.77|2.40|2|6|健盛集团,172|1.77|2863.7|2.47|7|2|孚日股份,364|-2.14|2802.46|2.37|1|8|百隆东方,362|-2.95|2719.83|1.89|1|8|百隆东方,292|1.04|2748.05|1.63|7|2|凤竹纺织,267|3.22|2836.51|2.04|9|0|华孚时尚,92|-0.44|2823.96|3.01|3|6|百隆东方,198|0.99|2851.97|3.13|7|2|孚日股份,130|0.67|2871.06|2.52|5|3|百隆东方,106|1.46|2912.97|4.02|4|4|孚日股份,477|-2.27|2846.97|4.04|1|8|华孚时尚,207|1.47|2888.8|4.57|8|1|华孚时尚,473|-1.65|2841.22|3.59|1|7|联发股份,238|0.76|2862.74|3.10|6|2|联发股份,94|0.63|2880.73|3.31|6|1|百隆东方,442|-0.96|2853.09|3.05|3|6|健盛集团,338|-1.51|2809.87|3.04|2|6|华孚时尚
BK1350|其他纺织,,,,,,,,,,,,,,,,,,,,,,,,,,,,,,,,,,,,,,,,,,,,,,,,,,,,,,,,,,,,,,,,,,,,,,,274|1.17|2328.15|3.81|10|4|金春股份,237|0.81|2347|3.39|7|6|台华新材,241|-0.22|2341.84|3.18|3|11|聚杰微纤,262|0.48|2353.13|2.25|7|7|宏达高科,278|-2.24|2300.53|3.57|3|11|聚杰微纤,263|-3.03|2230.84|3.17|0|13|宏达高科,158|-0.26|2224.96|2.61|5|9|金春股份,273|0.82|2243.19|2.58|10|4|江南高纤,267|1.39|2274.33|2.52|12|2|华升股份,348|-1.42|2242.09|2.96|2|12|台华新材,157|1.95|2285.73|2.38|11|2|华升股份,444|-0.99|2263.16|2.51|2|12|江南高纤,121|-0.04|2262.25|6.38|6|8|江南高纤,359|-1.21|2234.86|6.82|3|11|华生科技,145|0.67|2249.85|4.82|9|4|台华新材,347|-2.25|2199.11|5.14|2|12|江南高纤,212|0.74|2215.44|3.72|11|3|华升股份,196|-2.25|2165.5|3.97|2|12|云中马,475|-4.07|2077.35|3.62|0|14|新澳股份,443|-6.26|1947.29|3.82|0|14|云中马,59|4.51|2035.02|4.05|14|0|江南高纤,97|2.61|2088.04|3.91|13|1|江南高纤,401|-2.17|2042.64|4.47|1|13|江南高纤,155|1.63|2076.01|3.32|12|2|金春股份,299|0.05|2076.98|2.60|7|7|欣龙控股,233|-1.19|2052.22|2.61|2|12|聚杰微纤,339|0.88|2070.21|2.87|10|4|聚杰微纤,348|-2.01|2028.53|2.37|1|13|古麒绒材,372|-3.03|1967.12|2.80|0|14|古麒绒材,83|2.48|2015.83|2.70|13|1|江南高纤,229|3.58|2087.95|4.61|14|0|聚杰微纤,102|-0.49|2077.67|4.07|6|8|聚杰微纤,16|2.72|2134.12|3.50|11|2|新澳股份,83|0.98|2155.07|5.24|6|8|江南高纤,229|0.71|2170.36|5.77|8|5|金春股份,442|-1.65|2134.64|3.83|1|13|南山智尚,94|2.05|2178.39|5.08|12|2|华升股份,66|1.46|2210.24|4.32|6|8|华升股份,48|2.16|2257.93|4.25|12|2|华升股份,225|-0.17|2254.11|5.25|7|8|聚杰微纤,377|-0.49|2243.17|4.85|4|11|云中马,199|-0.69|2227.69|4.25|3|11|聚杰微纤
BK1351|印染,,,,,,,,,,,,,,,,,,,,,,,,,,,,,,,,,,,,,,,,,,,,,,,,,,,,,,,,,,,,,,,,,,,,,,,89|2.81|1693.45|2.57|4|0|航民股份,326|0.51|1702.1|2.68|2|2|航民股份,411|-1.10|1683.42|1.80|0|4|富春染织,255|0.52|1692.22|1.64|2|2|迎丰股份,273|-2.21|1654.8|2.49|0|4|航民股份,276|-3.15|1602.73|2.71|0|4|华纺股份,396|-1.35|1581.08|1.87|1|3|迎丰股份,240|0.99|1596.78|2.22|2|2|华纺股份,75|2.63|1638.81|2.48|4|0|富春染织,357|-1.45|1615.09|2.15|1|3|迎丰股份,49|2.92|1662.33|2.55|4|0|华纺股份,447|-1.06|1644.78|1.92|1|3|航民股份,473|-2.14|1609.63|1.55|0|4|华纺股份,197|-0.36|1603.87|1.69|2|2|航民股份,407|-1.06|1586.83|2.15|1|2|富春染织,354|-2.31|1550.24|1.61|0|4|航民股份,186|0.92|1564.43|1.29|3|1|富春染织,297|-2.68|1522.49|1.47|0|4|航民股份,448|-3.50|1469.24|2.29|0|4|航民股份,421|-6.15|1378.94|2.74|0|4|富春染织,15|5.50|1454.76|2.27|4|0|迎丰股份,20|3.82|1510.28|2.13|4|0|迎丰股份,184|-1.06|1494.24|1.76|1|2|华纺股份,80|2.27|1528.23|1.58|4|0|迎丰股份,23|2.53|1566.88|2.40|4|0|富春染织,91|-0.44|1560.04|2.05|1|3|迎丰股份,63|2.44|1598.13|1.97|3|1|迎丰股份,38|0.59|1607.56|2.16|2|2|迎丰股份,473|-4.33|1537.97|2.39|0|4|航民股份,160|1.68|1563.86|2.01|3|1|华纺股份,401|1.93|1594.04|1.68|4|0|华纺股份,3|2.45|1633.17|2.20|2|2|富春染织,17|2.63|1676.08|2.99|4|0|富春染织,57|1.27|1697.38|2.67|2|1|富春染织,486|-1.75|1667.65|2.57|0|3|华纺股份,127|0.10|1669.37|2.05|2|2|迎丰股份,36|2.98|1719.05|2.63|3|1|富春染织,384|-0.82|1704.97|2.41|1|3|富春染织,350|0.28|1709.76|1.78|3|1|华纺股份,68|0.96|1726.11|2.91|3|1|华纺股份,315|-0.10|1724.45|2.33|1|2|迎丰股份,196|-0.68|1712.7|2.11|2|2|迎丰股份
BK1352|非运动服装,,,,,,,,,,,,,,,,,,,,,,,,,,,,,,,,,,,,,,,,,,,,,,,,,,,,,,,,,,,,,,,,,,,,,,,252|1.26|2272.68|1.30|31|8|安奈儿,299|0.62|2286.81|1.64|26|11|洪兴股份,271|-0.38|2278.22|1.40|10|28|洪兴股份,166|0.96|2300.13|1.45|27|10|洪兴股份,364|-2.69|2238.35|2.18|3|35|比音勒芬,174|-2.24|2188.12|2.01|2|36|ST雪发,328|-1.04|2165.41|1.64|9|30|*ST步森,292|0.73|2181.2|1.40|30|9|棒杰股份,165|1.92|2223.16|1.34|34|5|浪莎股份,211|-0.77|2206.07|1.43|7|31|酷特智能,176|1.83|2246.42|1.12|38|0|棒杰股份,184|0.14|2249.52|1.34|16|21|嘉曼服饰,204|-0.57|2236.64|1.25|9|27|雅戈尔,242|-0.61|2222.96|1.47|12|26|日播时尚,280|-0.08|2221.1|1.16|21|15|日播时尚,138|-0.91|2200.86|1.45|6|32|酷特智能,203|0.81|2218.62|1.31|28|9|安奈儿,180|-2.19|2170.11|1.28|3|35|ST雪发,284|-2.43|2117.37|1.38|4|34|雅戈尔,262|-5.39|2003.14|2.00|1|38|比音勒芬,93|4.21|2087.45|1.62|36|3|浪莎股份,98|2.60|2141.66|1.46|38|1|歌力思,95|-0.52|2130.47|1.33|10|28|歌力思,211|1.30|2158.14|1.20|31|7|棒杰股份,54|1.44|2189.14|1.65|34|5|棒杰股份,143|-0.79|2171.78|1.56|8|30|棒杰股份,223|1.53|2204.96|1.68|31|5|美邦服饰,242|-1.51|2171.67|1.70|6|32|中胤时尚,384|-3.14|2103.42|1.38|1|38|棒杰股份,179|1.55|2135.93|1.22|30|6|如意集团,313|2.87|2197.21|1.39|37|2|璞源材料,179|-0.96|2176.04|1.20|6|32|歌力思,312|0.57|2188.41|1.19|27|10|酷特智能,341|-0.39|2179.79|1.13|15|23|如意集团,410|-0.21|2175.25|1.11|19|18|*ST金比,374|-1.03|2152.85|1.15|9|29|比音勒芬,234|1.38|2182.65|1.56|30|7|安奈儿,263|-0.16|2179.2|1.56|12|25|安奈儿,215|0.84|2197.46|1.36|31|6|*ST金比,87|0.69|2212.62|1.57|24|15|汇洁股份,411|-0.70|2197.15|1.36|9|29|中胤时尚,219|-0.78|2179.93|1.48|9|27|红豆股份
BK1353|家纺,,,,,,,,,,,,,,,,,,,,,,,,,,,,,,,,,,,,,,,,,,,,,,,,,,,,,,,,,,,,,,,,,,,,,,,411|0.08|4873.67|1.46|3|4|梦洁股份,366|0.34|4890.28|1.43|4|2|众望布艺,285|-0.48|4866.82|1.39|2|5|众望布艺,465|-0.58|4838.73|1.38|2|5|富安娜,87|0.23|4850|2.41|4|3|众望布艺,345|-3.71|4670.27|2.27|0|7|富安娜,356|-1.18|4615.32|1.64|1|6|太湖雪,269|0.83|4653.69|1.13|6|1|众望布艺,94|2.43|4766.99|1.37|7|0|水星家纺,413|-1.84|4679.1|1.46|1|6|真爱美家,263|1.38|4743.63|1.06|7|0|众望布艺,131|0.50|4767.18|1.53|3|3|真爱美家,102|0.17|4775.35|1.57|3|4|真爱美家,30|1.11|4828.45|1.86|4|3|真爱美家,350|-0.44|4807.15|1.58|3|4|众望布艺,349|-2.27|4697.93|1.46|0|7|富安娜,394|-0.59|4670.16|1.39|3|4|罗莱生活,382|-3.15|4523.08|1.42|0|7|富安娜,107|-1.34|4462.27|1.30|2|5|水星家纺,464|-6.58|4168.55|2.48|0|7|富安娜,45|4.72|4365.48|1.71|7|0|太湖雪,371|1.33|4423.41|1.35|6|1|真爱美家,246|-1.35|4363.83|1.21|0|6|罗莱生活,286|1.04|4409.31|0.95|5|1|众望布艺,106|1.05|4455.57|1.31|5|2|罗莱生活,261|-1.29|4398.26|1.44|2|4|太湖雪,93|2.19|4494.63|1.60|7|0|真爱美家,96|-0.38|4477.42|1.45|2|5|太湖雪,244|-2.40|4370.18|1.21|0|7|罗莱生活,461|-0.17|4362.68|1.26|3|4|梦洁股份,271|3.21|4502.63|1.49|7|0|真爱美家,263|-1.38|4440.58|1.29|0|7|罗莱生活,63|1.69|4515.6|1.68|6|1|梦洁股份,408|-0.73|4482.71|2.26|1|6|梦洁股份,227|0.72|4514.81|1.68|6|1|水星家纺,84|0.52|4538.08|1.49|5|2|富安娜,96|2.03|4630.32|1.37|6|1|真爱美家,323|-0.41|4611.13|1.74|2|5|太湖雪,59|2.02|4704.06|1.71|7|0|真爱美家,247|-0.26|4691.68|1.59|3|4|梦洁股份,44|1.72|4772.41|2.82|5|1|梦洁股份,154|-0.46|4750.4|4.00|2|4|罗莱生活
BK1354|鞋帽及其他,,,,,,,,,,,,,,,,,,,,,,,,,,,,,,,,,,,,,,,,,,,,,,,,,,,,,,,,,,,,,,,,,,,,,,,434|-0.23|725.46|2.43|7|4|牧高笛,413|0.14|726.51|2.19|5|5|天创时尚,81|1.19|735.15|2.45|5|6|哈森股份,296|0.36|737.76|3.08|6|5|哈森股份,285|-2.28|720.97|3.35|4|7|康隆达,312|-3.44|696.17|3.36|1|10|康隆达,179|-0.40|693.37|3.26|2|9|天创时尚,128|1.56|704.22|2.82|8|2|奥康国际,84|2.54|722.14|2.69|11|0|牧高笛,295|-1.21|713.37|2.78|1|10|奥康国际,108|2.36|730.18|2.31|10|1|哈森股份,311|-0.40|727.29|2.54|2|9|ST起步,248|-0.75|721.86|2.39|2|9|康隆达,273|-0.78|716.24|3.23|4|7|ST起步,338|-0.36|713.66|2.37|5|6|万里马,242|-1.53|702.73|3.00|2|9|ST起步,120|1.37|712.38|2.59|10|1|哈森股份,390|-3.23|689.36|2.56|0|11|恒辉安防,283|-2.43|672.64|2.55|1|9|康隆达,255|-5.36|636.6|3.22|0|11|ST起步,54|4.60|665.88|2.96|11|0|奥康国际,126|2.47|682.31|2.50|10|1|哈森股份,238|-1.30|673.43|2.33|3|8|康隆达,452|-0.05|673.08|2.03|7|4|康隆达,85|1.16|680.9|1.97|8|3|恒辉安防,346|-1.82|668.52|1.87|1|10|康隆达,84|2.26|683.62|2.01|11|0|哈森股份,353|-2.05|669.6|1.58|0|11|ST起步,392|-3.18|648.31|1.72|1|10|奥康国际,366|0.63|652.41|1.87|7|3|红蜻蜓,143|4.39|681.06|2.28|11|0|天创时尚,64|-0.17|679.92|2.14|2|9|哈森股份,97|1.37|689.25|2.19|10|1|开润股份,262|0.01|689.32|1.81|3|7|哈森股份,117|1.43|699.17|2.82|8|2|天创时尚,82|0.52|702.84|2.46|5|4|哈森股份,229|1.40|712.69|2.48|9|2|哈森股份,253|-0.10|711.99|2.47|4|7|恒辉安防,426|-0.17|710.75|3.01|7|4|天创时尚,82|0.79|716.37|2.86|7|4|天创时尚,433|-0.89|710.03|2.71|3|8|哈森股份,416|-2.07|695.31|2.84|1|10|红蜻蜓
BK1355|运动服装,,,,,,,,,,,,,,,,,,,,,,,,,,,,,,,,,,,,,,,,,,,,,,,,,,,,,,,,,,,,,,,,,,,,,,,241|1.37|3395.43|4.60|4|0|三夫户外,201|0.99|3428.98|3.59|4|0|探路者,199|0.06|3431.09|3.96|1|2|泰慕士,150|1.04|3466.94|2.99|4|0|探路者,355|-2.65|3375.02|3.53|0|4|泰慕士,251|-2.92|3276.45|4.26|0|4|泰慕士,118|0.03|3277.58|3.28|2|2|探路者,220|1.09|3313.37|2.67|4|0|探路者,37|3.21|3419.62|3.84|4|0|嘉麟杰,88|0.26|3428.55|3.84|2|2|探路者,154|1.98|3496.37|3.48|4|0|嘉麟杰,197|0.11|3500.2|3.20|2|2|泰慕士,489|-2.76|3403.68|3.66|0|4|探路者,329|-1.09|3366.7|3.29|1|3|三夫户外,422|-1.34|3321.62|3.66|2|2|嘉麟杰,289|-1.78|3262.43|2.38|0|4|泰慕士,85|1.68|3317.2|2.24|4|0|泰慕士,341|-2.88|3221.81|2.94|0|4|泰慕士,409|-3.16|3120.04|3.17|0|4|探路者,494|-8.39|2858.23|5.72|0|4|嘉麟杰,8|6.26|3037.02|4.93|4|0|探路者,13|4.16|3163.45|3.96|4|0|探路者,61|-0.15|3158.57|4.92|1|3|探路者,181|1.41|3203.03|4.76|3|1|探路者,52|1.45|3249.43|4.03|3|1|探路者,97|-0.46|3234.41|4.07|1|3|三夫户外,425|0.21|3241.07|2.89|3|1|泰慕士,425|-2.62|3156.2|3.39|0|4|三夫户外,400|-3.24|3054.06|3.05|1|3|探路者,72|2.64|3134.62|3.06|3|1|嘉麟杰,273|3.19|3234.75|2.91|4|0|探路者,215|-1.13|3198.16|2.81|1|3|泰慕士,413|0.03|3199.11|2.25|1|1|泰慕士,89|0.95|3229.57|2.20|3|1|泰慕士,456|-0.69|3207.28|2.40|0|4|探路者,120|0.15|3212.12|2.45|3|1|泰慕士,86|2.17|3281.97|2.70|4|0|泰慕士,420|-1.14|3244.45|2.48|0|4|探路者,240|0.75|3268.93|2.59|3|1|三夫户外,376|-0.80|3242.67|2.54|1|3|三夫户外,23|2.32|3317.81|2.91|2|2|泰慕士,9|2.42|3398.12|3.83|2|2|泰慕士
BK1356|其他饰品,,,,,,,,,,,,,,,,,,,,,,,,,,,,,,,,,,,,,,,,,,,,,,,,,,,,,,,,,,,,,,,,,,,,,,,396|0.24|714.1|2.29|1|1|瑞贝卡,343|0.46|717.37|3.60|1|1|瑞贝卡,405|-1.05|709.82|1.05|0|1|瑞贝卡,213|0.71|714.85|0.82|1|0|瑞贝卡,414|-3.17|692.2|1.80|0|1|瑞贝卡,166|-2.18|677.09|1.36|0|1|瑞贝卡,339|-1.12|669.54|1.11|0|1|瑞贝卡,207|1.13|677.09|0.74|1|0|瑞贝卡,176|1.86|689.68|0.80|1|0|瑞贝卡,199|-0.73|684.64|0.78|0|1|瑞贝卡,303|1.10|692.2|0.61|1|0|瑞贝卡,394|-0.73|687.16|0.57|0|1|瑞贝卡,116|0.00|687.16|0.60|0|0|瑞贝卡,129|0.00|687.16|0.87|0|0|瑞贝卡,201|0.37|689.68|0.78|1|0|瑞贝卡,42|0.37|692.2|1.21|1|0|瑞贝卡,411|-0.73|687.16|0.95|0|1|瑞贝卡,264|-2.56|669.54|1.04|0|1|瑞贝卡,441|-3.38|646.89|1.23|0|1|瑞贝卡,204|-5.06|614.17|1.18|0|1|瑞贝卡,106|4.10|639.34|1.14|1|0|瑞贝卡,76|2.76|656.96|0.96|1|0|瑞贝卡,364|-1.92|644.37|0.78|0|1|瑞贝卡,243|1.17|651.92|0.72|1|0|瑞贝卡,136|0.77|656.96|0.77|1|0|瑞贝卡,223|-1.15|649.4|0.90|0|1|瑞贝卡,403|0.39|651.92|0.64|1|0|瑞贝卡,340|-1.93|639.34|0.68|0|1|瑞贝卡,386|-3.15|619.2|0.80|0|1|瑞贝卡,88|2.44|634.3|0.78|1|0|瑞贝卡,323|2.78|651.92|0.86|1|0|瑞贝卡,481|-3.09|631.78|0.87|0|1|瑞贝卡,249|0.80|636.82|0.71|1|0|瑞贝卡,107|0.79|641.85|0.65|1|0|瑞贝卡,435|-0.39|639.33|0.74|0|1|瑞贝卡,462|-1.97|626.75|0.70|0|1|瑞贝卡,19|3.61|649.4|2.44|1|0|瑞贝卡,480|-1.94|636.82|1.43|0|1|瑞贝卡,452|-0.40|634.3|1.07|0|1|瑞贝卡,287|-0.40|631.78|0.96|0|1|瑞贝卡,465|-1.20|624.23|0.88|0|1|瑞贝卡,295|-1.21|616.68|0.75|0|1|瑞贝卡
BK1357|钟表珠宝,,,,,,,,,,,,,,,,,,,,,,,,,,,,,,,,,,,,,,,,,,,,,,,,,,,,,,,,,,,,,,,,,,,,,,,239|1.38|2486.43|3.96|12|3|中国黄金,452|-0.09|2484.2|2.73|4|9|金一文化,444|-1.50|2446.91|2.63|1|15|飞亚达,382|0.04|2447.79|2.29|11|5|菜百股份,58|1.08|2474.11|5.55|7|9|曼卡龙,310|-3.43|2389.21|4.65|1|14|曼卡龙,454|-2.09|2339.18|2.83|2|14|飞亚达Ｂ,414|-0.19|2334.83|2.43|6|10|金一文化,243|1.49|2369.59|1.73|13|1|莱绅通灵,213|-0.78|2351.14|2.22|2|13|老凤祥,350|0.80|2369.91|1.76|10|4|ST萃华,426|-0.89|2348.77|1.77|3|13|周大生,313|-1.03|2324.65|1.65|2|14|周大生,345|-1.18|2297.17|1.88|2|14|ST萃华,372|-0.61|2283.08|1.79|5|8|迪阿股份,143|-0.94|2261.64|1.46|2|13|周大生,226|0.66|2276.58|1.38|10|5|潮宏基,129|-1.90|2233.43|1.93|1|15|ST萃华,195|-1.99|2188.95|1.70|1|15|老凤祥Ｂ,200|-5.05|2078.43|2.37|0|16|深中华B,200|3.48|2150.79|2.21|16|0|潮宏基,283|1.78|2189|1.81|16|0|飞亚达,206|-1.17|2163.45|1.38|1|13|ST萃华,132|1.75|2201.4|1.80|14|1|金一文化,185|0.55|2213.45|1.71|11|4|深中华A,218|-1.13|2188.36|1.54|2|13|老凤祥,359|0.74|2204.59|1.34|13|2|潮宏基,187|-1.23|2177.42|1.25|4|12|飞亚达,118|-1.58|2143.09|1.01|1|15|ST萃华,323|0.89|2162.15|0.99|10|6|明牌珠宝,299|2.95|2225.96|2.19|16|0|曼卡龙,380|-2.05|2180.26|1.47|1|15|老凤祥Ｂ,291|0.65|2194.42|1.37|14|1|金一文化,74|1.03|2217.03|1.17|10|6|飞亚达,327|0.29|2223.57|1.62|9|6|周大生,51|0.98|2245.46|1.96|8|8|飞亚达,426|0.44|2255.41|1.95|11|4|莱绅通灵,417|-1.12|2230.23|1.87|3|12|深中华B,353|0.27|2236.31|1.35|10|6|菜百股份,288|-0.40|2227.42|1.45|6|10|飞亚达,418|-0.77|2210.27|1.55|4|12|菜百股份,238|-0.87|2191.08|1.36|5|11|飞亚达
BK1358|保险Ⅲ,,,,,,,,,,,,,,,,,,,,,,,,,,,,,,,,,,,,,,,,,,,,,,,,,,,,,,,,,,,,,,,,,,,,,,,469|-1.46|1625.7|0.30|0|5|中国太保,437|-0.01|1625.54|0.26|3|2|新华保险,486|-2.42|1586.24|0.37|0|5|中国人保,428|-0.27|1581.97|0.25|1|4|新华保险,151|-1.03|1565.66|0.36|1|4|新华保险,32|0.81|1578.31|0.42|4|1|新华保险,477|-2.99|1531.16|0.42|0|5|中国平安,345|0.37|1536.84|0.25|4|1|中国太保,396|0.63|1546.51|0.23|4|1|中国人保,426|-2.00|1515.51|0.30|0|5|中国人寿,269|1.35|1536|0.19|5|0|中国太保,145|0.33|1541.12|0.20|3|2|中国太保,207|-0.58|1532.13|0.19|0|3|中国人保,297|-0.95|1517.57|0.18|0|5|中国人寿,303|-0.21|1514.33|0.26|2|3|中国太保,8|2.10|1546.1|0.34|5|0|新华保险,245|0.45|1553|0.22|4|0|中国人寿,199|-2.26|1517.88|0.24|0|5|中国人寿,150|-1.67|1492.47|0.24|0|5|中国平安,139|-4.63|1423.32|0.42|0|5|中国平安,478|0.40|1429.05|0.28|3|2|中国平安,359|1.41|1449.14|0.22|5|0|中国太保,487|-3.81|1393.9|0.40|0|5|中国太保,489|-1.04|1379.46|0.43|2|3|中国平安,466|-1.57|1357.75|0.33|0|5|中国平安,63|-0.13|1355.95|0.30|2|3|中国太保,68|2.41|1388.58|0.32|5|0|中国太保,204|-1.35|1369.89|0.21|1|4|中国太保,36|-0.74|1359.81|0.15|0|5|中国平安,491|-1.37|1341.12|0.21|0|5|新华保险,54|5.69|1417.4|0.44|5|0|中国太保,450|-2.51|1381.89|0.25|0|5|中国平安,144|1.19|1398.34|0.28|5|0|中国人寿,469|-1.45|1378.06|0.22|0|5|中国人寿,112|1.44|1397.93|0.23|5|0|中国平安,263|-0.53|1390.53|0.21|0|5|中国人保,374|0.72|1400.48|0.25|3|2|新华保险,387|-0.84|1388.65|0.25|1|4|新华保险,337|0.32|1393.11|0.23|4|1|中国平安,367|-0.77|1382.38|0.22|0|5|中国人保,335|-0.24|1379.01|0.24|0|3|中国平安,184|-0.61|1370.62|0.24|0|5|中国太保
BK1359|金融控股,,,,,,,,,,,,,,,,,,,,,,,,,,,,,,,,,,,,,,,,,,,,,,,,,,,,,,,,,,,,,,,,,,,,,,,415|0.00|2536.53|0.74|7|3|中油资本,227|0.87|2558.6|1.04|8|2|爱建集团,376|-0.85|2536.96|0.82|1|7|新力金融,131|1.23|2568.08|0.98|8|1|浙江东方,139|-0.82|2547.01|1.81|4|6|中油资本,177|-2.28|2489.03|1.93|1|9|新力金融,452|-2.03|2438.55|1.31|1|9|新力金融,180|1.28|2469.67|1.30|9|1|新力金融,410|0.45|2480.67|0.91|8|2|爱建集团,392|-1.66|2439.56|0.97|1|9|新力金融,354|0.78|2458.67|0.81|7|3|越秀资本,247|-0.19|2454.05|0.81|3|7|国投资本,62|0.85|2474.99|0.97|8|2|越秀资本,340|-1.14|2446.67|1.05|2|8|香溢融通,20|2.42|2505.81|1.88|6|2|中油资本,22|1.03|2531.55|2.44|4|6|爱建集团,239|0.55|2545.4|1.91|5|5|爱建集团,14|1.59|2585.85|2.69|5|5|中油资本,474|-4.05|2481.03|2.36|0|9|国投资本,82|-3.65|2390.36|2.30|2|7|中油资本,286|3.04|2462.94|2.24|9|0|中油资本,427|0.87|2484.42|2.03|8|1|五矿资本,457|-2.81|2414.64|1.45|0|9|国投资本,102|1.99|2462.8|1.49|10|0|中油资本,460|-1.43|2427.66|1.53|1|8|越秀资本,341|-1.76|2384.86|1.64|1|9|国投资本,342|0.86|2405.43|1.43|7|2|爱建集团,387|-2.27|2350.75|1.46|2|8|中油资本,31|-0.51|2338.7|2.84|2|7|中油资本,248|1.27|2368.31|2.81|7|2|中油资本,410|1.82|2411.47|2.80|9|1|越秀资本,448|-2.50|2351.1|1.76|0|9|中油资本,304|0.60|2365.1|2.04|8|2|越秀资本,348|-0.42|2355.12|1.43|4|6|越秀资本,380|0.03|2355.78|1.49|6|2|爱建集团,168|-0.17|2351.87|1.16|3|7|浙江东方,442|0.24|2357.56|1.02|7|3|新力金融,395|-0.91|2336.2|1.11|2|8|越秀资本,472|-0.65|2320.98|0.97|5|5|中油资本,269|-0.33|2313.34|0.94|3|7|越秀资本,176|0.52|2325.34|0.95|6|3|*ST熊猫,92|0.12|2328.04|1.23|3|7|浙江东方
BK1360|金融信息服务,,,,,,,,,,,,,,,,,,,,,,,,,,,,,,,,,,,,,,,,,,,,,,,,,,,,,,,,,,,,,,,,,,,,,,,144|2.14|5638.32|3.21|2|1|亚联发展,35|3.53|5837.1|6.89|3|0|拉卡拉,146|0.46|5863.8|6.27|2|1|*ST仁东,299|0.34|5883.72|5.85|2|1|拉卡拉,406|-3.06|5703.74|6.40|0|3|*ST仁东,155|-2.02|5588.25|7.01|0|2|*ST仁东,482|-3.15|5412.28|4.85|0|2|拉卡拉,368|0.18|5422.17|5.91|1|1|*ST仁东,21|3.67|5621.16|6.46|2|0|拉卡拉,35|1.44|5701.85|11.85|1|1|拉卡拉,353|0.79|5746.86|8.84|1|1|*ST仁东,484|-1.83|5641.95|7.13|0|2|拉卡拉,35|1.64|5734.44|9.19|2|0|拉卡拉,418|-1.86|5627.58|8.57|1|1|*ST仁东,242|0.17|5637|6.47|1|1|拉卡拉,492|-4.65|5374.6|5.55|0|2|*ST仁东,433|-0.85|5329.12|4.36|1|2|拉卡拉,162|-2.04|5220.36|4.35|1|2|*ST仁东,465|-3.88|5018.05|4.21|1|2|*ST仁东,85|-3.73|4830.91|3.46|0|3|拉卡拉,417|2.23|4938.62|2.79|3|0|*ST仁东,288|1.77|5025.8|2.87|3|0|*ST仁东,460|-2.86|4882.26|2.70|0|3|*ST仁东,160|1.60|4960.36|2.45|2|1|拉卡拉,474|-1.82|4869.91|2.12|0|3|翠微股份,432|-2.75|4736.01|2.29|0|3|翠微股份,399|0.43|4756.6|2.37|2|1|拉卡拉,403|-2.38|4643.59|1.99|0|3|*ST仁东,1|4.90|4871.08|5.36|3|0|翠微股份,16|4.48|5089.15|4.92|2|1|翠微股份,317|2.83|5233.15|8.29|3|0|拉卡拉,197|-1.05|5178.32|5.74|1|2|*ST仁东,3|4.65|5419.07|9.31|3|0|拉卡拉,495|-3.28|5241.58|5.29|0|2|拉卡拉,15|3.13|5405.38|6.19|2|1|仁东控股,420|-1.36|5331.62|7.45|1|2|拉卡拉,421|0.47|5356.54|5.51|2|1|翠微股份,20|2.54|5492.41|8.85|2|1|拉卡拉,11|4.22|5724.45|5.26|3|0|仁东控股,325|-0.57|5691.89|8.29|1|2|仁东控股,48|1.67|5786.76|6.70|2|1|仁东控股,290|-1.16|5719.53|6.07|1|2|仁东控股
BK1361|期货,,,,,,,,,,,,,,,,,,,,,,,,,,,,,,,,,,,,,,,,,,,,,,,,,,,,,,,,,,,,,,,,,,,,,,,436|-0.25|566.87|0.62|3|1|瑞达期货,107|1.81|577.14|0.83|4|0|弘业期货,421|-1.19|570.27|0.81|0|3|瑞达期货,7|5.85|603.64|2.22|4|0|南华期货,63|0.94|609.3|2.74|2|2|南华期货,116|-1.45|600.48|2.17|1|3|南华期货,132|-0.08|599.99|1.52|1|3|南华期货,423|-0.38|597.72|1.39|1|3|南华期货,1|5.71|631.87|2.90|4|0|瑞达期货,415|-1.85|620.19|2.04|0|4|弘业期货,447|-0.62|616.35|1.45|2|2|永安期货,226|-0.09|615.82|1.42|3|1|瑞达期货,8|4.18|641.54|2.95|4|0|南华期货,496|-5.58|605.74|2.90|0|4|弘业期货,336|-0.35|603.64|1.52|2|2|永安期货,4|2.82|620.69|3.32|4|0|南华期货,402|-0.63|616.76|1.89|2|2|永安期货,31|-0.10|616.12|2.20|2|2|瑞达期货,377|-2.90|598.22|2.39|1|3|瑞达期货,22|-1.01|592.17|2.38|1|3|南华期货,474|0.55|595.44|1.93|2|2|弘业期货,490|-0.72|591.18|1.53|3|1|永安期货,496|-4.75|563.07|1.56|0|4|永安期货,438|0.16|563.95|1.15|3|1|弘业期货,170|0.63|567.49|1.46|3|1|南华期货,267|-1.34|559.89|1.15|1|3|瑞达期货,434|0.01|559.95|1.22|2|2|南华期货,489|-3.84|538.46|1.23|0|4|永安期货,352|-2.91|522.78|1.08|0|4|永安期货,390|0.50|525.39|1.09|3|1|弘业期货,274|3.19|542.16|1.36|4|0|瑞达期货,273|-1.46|534.25|0.76|0|4|瑞达期货,4|4.23|556.84|1.42|4|0|南华期货,261|0.01|556.91|1.52|3|1|瑞达期货,98|1.50|565.25|1.22|4|0|南华期货,197|-0.30|563.54|1.06|2|2|瑞达期货,110|1.93|574.44|1.13|4|0|瑞达期货,225|0.04|574.65|0.85|2|2|南华期货,200|0.89|579.76|1.01|3|1|瑞达期货,177|0.03|579.91|1.14|2|2|瑞达期货,37|1.78|590.23|1.00|4|0|南华期货,420|-2.12|577.74|1.09|0|4|永安期货
BK1362|其他多元金融,,,,,,,,,,,,,,,,,,,,,,,,,,,,,,,,,,,,,,,,,,,,,,,,,,,,,,,,,,,,,,,,,,,,,,,310|0.94|2565.69|0.40|1|0|电投产融,340|0.46|2577.58|0.40|1|0|电投产融,,,,,,,,,,,,,,,,,,,,,,,,,,,,,,,,,,,,,,,,
BK1363|信托,,,,,,,,,,,,,,,,,,,,,,,,,,,,,,,,,,,,,,,,,,,,,,,,,,,,,,,,,,,,,,,,,,,,,,,184|1.77|2290.35|0.71|3|0|国网英大,124|1.69|2329.05|1.21|3|0|建元信托,152|0.39|2338.17|0.88|1|2|国网英大,63|2.24|2390.49|1.38|3|0|国网英大,150|-1.00|2366.53|1.34|0|3|陕国投Ａ,248|-2.88|2298.42|1.45|0|3|陕国投Ａ,278|-0.84|2279.01|1.19|1|2|国网英大,204|1.17|2305.73|0.93|2|0|国网英大,143|2.08|2353.65|1.14|3|0|国网英大,222|-0.84|2333.79|1.04|1|2|国网英大,413|0.35|2341.88|0.83|2|1|建元信托,239|-0.14|2338.66|0.97|1|2|陕国投Ａ,67|0.67|2354.27|1.13|2|1|陕国投Ａ,431|-2.16|2303.45|1.08|0|3|建元信托,314|-0.25|2297.75|0.85|1|1|建元信托,71|-0.36|2289.38|1.18|2|1|建元信托,381|-0.50|2278.03|0.81|0|3|国网英大,84|-1.37|2246.79|0.98|0|3|陕国投Ａ,237|-2.22|2196.8|1.03|0|3|国网英大,167|-4.88|2089.54|1.28|0|3|国网英大,402|2.45|2140.8|0.82|3|0|陕国投Ａ,267|1.83|2179.97|0.82|3|0|国网英大,311|-1.68|2143.29|0.58|0|3|陕国投Ａ,352|0.80|2160.33|0.56|3|0|建元信托,340|-0.13|2157.59|0.59|2|1|陕国投Ａ,202|-1.07|2134.46|0.61|0|3|陕国投Ａ,274|1.28|2161.79|0.60|3|0|国网英大,370|-2.18|2114.69|0.58|0|3|陕国投Ａ,90|-1.40|2085.17|0.56|0|3|建元信托,395|0.45|2094.59|0.44|2|1|陕国投Ａ,255|3.35|2164.76|0.79|3|0|国网英大,449|-2.51|2110.53|0.55|0|3|陕国投Ａ,62|1.69|2146.24|0.79|3|0|建元信托,352|-0.44|2136.9|0.46|0|3|陕国投Ａ,216|0.78|2153.49|0.54|3|0|国网英大,247|-0.48|2143.15|0.54|1|2|国网英大,440|0.29|2149.26|0.53|2|0|国网英大,375|-0.76|2132.92|0.49|0|3|国网英大,432|-0.21|2128.53|0.53|0|1|陕国投Ａ,320|-0.54|2116.93|0.51|0|3|国网英大,8|3.29|2186.5|1.57|2|0|建元信托,301|-1.25|2159.11|1.17|0|3|国网英大
BK1364|资产管理,,,,,,,,,,,,,,,,,,,,,,,,,,,,,,,,,,,,,,,,,,,,,,,,,,,,,,,,,,,,,,,,,,,,,,,444|-0.42|4756.75|1.06|2|2|九鼎投资,174|1.16|4811.83|1.05|4|0|海德股份,322|-0.63|4781.42|0.99|2|2|四川双马,225|0.66|4813.2|0.98|3|1|海德股份,444|-3.51|4644.12|1.70|0|4|四川双马,366|-4.05|4456.21|1.63|0|4|海德股份,321|-1.01|4411.26|1.05|0|4|华金资本,113|1.69|4485.78|0.89|4|0|四川双马,236|1.54|4554.69|0.82|4|0|海德股份,339|-1.38|4491.98|0.82|0|4|四川双马,288|1.23|4547.45|0.67|4|0|九鼎投资,292|-0.32|4532.87|0.58|1|3|海德股份,263|-0.80|4496.44|0.65|1|3|海德股份,417|-1.86|4412.73|0.76|0|4|四川双马,193|0.38|4429.68|0.73|3|1|九鼎投资,260|-1.60|4358.71|0.81|0|4|海德股份,267|0.34|4373.44|0.64|4|0|华金资本,201|-2.27|4274.27|0.76|0|4|华金资本,413|-3.19|4137.87|0.85|0|4|海德股份,168|-4.90|3935.29|1.08|0|4|海德股份,354|2.77|4044.4|0.82|4|0|华金资本,141|2.40|4141.4|0.81|4|0|四川双马,430|-2.46|4039.39|0.57|0|4|海德股份,204|1.35|4093.94|0.56|4|0|四川双马,258|0.24|4103.7|0.57|1|3|四川双马,285|-1.44|4044.65|0.55|0|4|华金资本,261|1.33|4098.44|0.49|4|0|四川双马,149|-0.90|4061.58|0.63|1|3|四川双马,106|-1.51|4000.08|0.70|1|3|华金资本,411|0.36|4014.68|0.60|2|2|海德股份,344|2.58|4118.14|0.96|4|0|华金资本,327|-1.78|4045.02|0.77|1|3|四川双马,44|1.85|4119.85|0.86|4|0|四川双马,34|1.68|4189.26|1.56|3|1|海德股份,255|0.61|4214.87|0.97|3|1|九鼎投资,397|-1.18|4165.27|0.72|0|4|九鼎投资,218|1.43|4224.83|0.69|4|0|四川双马,207|0.20|4233.33|0.71|2|2|九鼎投资,272|0.58|4257.95|0.79|3|1|四川双马,405|-0.98|4216.19|0.62|0|4|四川双马,73|1.22|4267.83|1.13|3|1|四川双马,281|-1.11|4220.42|0.87|0|4|九鼎投资
BK1365|租赁,,,,,,,,,,,,,,,,,,,,,,,,,,,,,,,,,,,,,,,,,,,,,,,,,,,,,,,,,,,,,,,,,,,,,,,225|1.45|3417.8|1.43|3|0|渤海租赁,405|0.18|3423.85|1.35|2|1|渤海租赁,201|0.04|3425.09|1.47|1|1|海南华铁,119|1.42|3473.85|1.64|2|1|海南华铁,115|-0.38|3460.59|1.84|2|1|渤海租赁,178|-2.28|3381.62|1.71|0|3|江苏金租,432|-1.74|3322.64|1.55|0|3|江苏金租,405|-0.14|3317.93|1.36|1|2|海南华铁,235|1.54|3368.95|1.15|3|0|海南华铁,440|-2.22|3294.3|1.92|1|2|海南华铁,371|0.72|3317.91|1.24|2|0|渤海租赁,203|0.06|3319.91|1.08|1|2|江苏金租,74|0.52|3337.29|1.16|2|1|江苏金租,432|-2.16|3265.23|1.17|0|3|江苏金租,297|-0.17|3259.66|1.33|2|1|江苏金租,121|-0.83|3232.51|1.19|1|2|江苏金租,263|0.35|3243.85|1.37|2|1|海南华铁,224|-2.39|3166.24|2.35|2|1|江苏金租,91|-1.23|3127.31|1.90|1|2|江苏金租,108|-4.12|2998.46|1.81|0|3|渤海租赁,46|4.72|3140.05|1.56|3|0|渤海租赁,127|2.45|3217.01|1.94|2|1|海南华铁,252|-1.39|3172.23|1.23|1|2|江苏金租,446|0.08|3174.7|1.10|2|1|渤海租赁,386|-0.34|3163.89|1.06|1|2|江苏金租,50|0.09|3166.71|1.13|2|1|江苏金租,273|1.28|3207.4|1.08|2|1|渤海租赁,182|-1.20|3168.85|1.02|1|2|江苏金租,53|-1.04|3136.01|0.87|0|3|江苏金租,487|-1.06|3102.62|0.91|0|3|海南华铁,38|6.05|3290.37|2.00|3|0|渤海租赁,411|-2.19|3218.46|1.29|1|2|江苏金租,303|0.60|3237.75|1.17|2|1|海南华铁,423|-0.86|3209.8|1.03|0|3|江苏金租,261|0.59|3228.76|1.00|2|1|海南华铁,50|0.99|3260.57|1.07|2|1|渤海租赁,77|2.24|3333.71|1.78|2|1|海南华铁,178|0.35|3345.47|1.43|2|1|海南华铁,442|-0.27|3336.29|1.12|1|2|渤海租赁,72|0.85|3364.6|1.18|2|1|渤海租赁,86|1.12|3402.2|1.29|2|0|江苏金租,287|-1.13|3363.73|1.50|1|2|江苏金租
BK1366|证券Ⅲ,,,,,,,,,,,,,,,,,,,,,,,,,,,,,,,,,,,,,,,,,,,,,,,,,,,,,,,,,,,,,,,,,,,,,,,409|0.08|152105.93|0.70|29|15|第一创业,216|0.92|153505.5|1.19|41|8|第一创业,369|-0.82|152249.44|0.83|2|47|首创证券,273|0.44|152923.49|0.77|34|10|第一创业,170|-1.27|150980.8|1.02|1|45|华林证券,87|-1.02|149440.34|1.23|5|42|国盛证券,455|-2.09|146310.62|1.06|1|47|华林证券,390|0.03|146348.46|0.71|30|13|兴业证券,249|1.45|148466.68|0.81|48|0|国盛证券,373|-1.52|146214.88|0.82|1|47|首创证券,351|0.79|147375.23|0.65|46|1|财通证券,186|0.13|147567.33|0.69|27|14|第一创业,94|0.22|147885.59|0.75|23|19|中银证券,281|-0.88|146588.69|0.74|4|44|东兴证券,333|-0.33|146100.38|0.70|12|28|第一创业,37|0.55|146898.21|1.29|40|7|国信证券,359|-0.34|146401.93|0.76|10|36|哈投股份,63|-1.05|144862.81|0.88|2|46|第一创业,130|-1.57|142594.19|0.92|2|47|华鑫股份,126|-4.43|136272.42|1.23|0|49|第一创业,452|1.59|138438.88|0.91|49|0|哈投股份,407|1.12|139982.53|0.82|49|0|华泰证券,347|-1.84|137407.11|0.74|0|49|西南证券,347|0.80|138507.21|0.63|47|2|中国银河,349|-0.16|138282.11|0.67|17|29|华林证券,167|-0.88|137070.76|0.73|6|42|招商证券,298|1.17|138669.54|0.67|48|0|第一创业,253|-1.56|136510.98|0.67|1|47|华林证券,51|-1.03|135110.08|0.54|4|45|方正证券,443|0.10|135249.58|0.48|23|21|锦龙股份,212|3.75|140325.55|1.23|49|0|第一创业,401|-2.14|137315.79|0.73|0|49|国盛证券,18|2.57|140844.18|1.82|49|0|哈投股份,135|0.63|141736.95|1.03|41|3|哈投股份,289|0.46|142391.41|0.84|43|5|东兴证券,285|-0.65|141471.99|0.65|3|46|广发证券,423|0.46|142117.99|0.84|39|5|第一创业,308|-0.32|141668.18|0.69|8|36|广发证券,422|-0.17|141432.91|0.70|14|30|湘财股份,437|-1.21|139725.82|0.66|1|46|中金公司,150|0.64|140626.09|0.96|38|9|哈投股份,252|-0.93|139317.41|0.76|3|45|华西证券
BK1367|板材,,,,,,,,,,,,,,,,,,,,,,,,,,,,,,,,,,,,,,,,,,,,,,,,,,,,,,,,,,,,,,,,,,,,,,,167|1.91|1058.73|1.57|16|2|安阳钢铁,19|4.56|1107.06|3.77|18|0|安阳钢铁,127|0.64|1114.09|3.89|12|4|华菱钢铁,45|2.64|1143.53|4.47|16|0|杭钢股份,92|0.16|1145.4|3.88|10|8|马钢股份,293|-3.33|1107.23|3.29|0|18|柳钢股份,347|-1.14|1094.6|2.52|1|15|包钢股份,392|0.02|1094.86|2.07|10|6|八一钢铁,391|0.65|1102.03|1.78|11|4|杭钢股份,195|-0.71|1094.19|1.80|2|14|杭钢股份,464|-1.12|1081.93|1.90|1|17|马钢股份,150|0.32|1085.42|1.80|10|4|南钢股份,20|2.32|1110.57|2.20|17|1|酒钢宏兴,52|0.60|1117.22|2.65|11|6|酒钢宏兴,493|-4.37|1068.44|2.77|0|18|本钢板Ｂ,11|1.52|1084.72|2.07|13|5|安阳钢铁,383|-0.52|1079.1|2.14|3|15|酒钢宏兴,451|-3.94|1036.56|2.47|0|18|本钢板Ｂ,380|-2.93|1006.21|1.87|0|18|宝钢股份,146|-4.69|959.02|2.07|0|18|本钢板Ｂ,352|2.78|985.67|1.67|18|0|马钢股份,212|2.09|1006.29|1.71|16|0|杭钢股份,419|-2.30|983.18|1.41|1|16|南钢股份,209|1.32|996.11|1.19|15|0|八一钢铁,118|0.98|1005.9|1.19|14|2|马钢股份,205|-1.08|995.02|1.29|3|12|杭钢股份,285|1.24|1007.33|1.70|15|1|包钢股份,322|-1.85|988.67|1.47|0|16|本钢板Ｂ,165|-1.86|970.29|1.62|1|16|包钢股份,422|0.26|972.8|1.50|9|8|包钢股份,211|3.76|1009.37|1.71|16|0|杭钢股份,63|-0.15|1007.82|1.79|7|10|马钢股份,450|-0.34|1004.36|1.64|8|8|*ST八钢,167|0.45|1008.9|2.31|7|3|包钢股份,452|-0.58|1003.05|2.23|6|12|杭钢股份,316|-0.79|995.14|1.37|2|15|杭钢股份,193|1.53|1010.35|1.38|16|0|杭钢股份,343|-0.53|1005.04|1.12|4|12|*ST八钢,487|-1.01|994.84|1.51|3|12|包钢股份,308|-0.47|990.12|1.11|7|10|本钢板Ｂ,208|0.38|993.86|1.24|6|9|杭钢股份,298|-1.24|981.57|1.76|4|12|马钢股份
BK1368|钢铁管材,,,,,,,,,,,,,,,,,,,,,,,,,,,,,,,,,,,,,,,,,,,,,,,,,,,,,,,,,,,,,,,,,,,,,,,53|3.47|814.69|2.07|3|0|武进不锈,62|2.65|836.32|2.80|3|0|武进不锈,276|-0.40|832.96|1.69|1|2|友发集团,36|2.84|856.59|2.31|3|0|武进不锈,155|-1.08|847.37|2.49|1|2|新兴铸管,247|-2.86|823.1|2.35|0|3|友发集团,213|-0.58|818.34|1.65|1|2|武进不锈,350|0.32|820.95|1.46|1|1|武进不锈,246|1.48|833.14|1.54|3|0|武进不锈,288|-1.15|823.54|1.96|0|3|友发集团,321|1.00|831.79|1.75|3|0|武进不锈,451|-1.10|822.64|1.55|0|2|友发集团,96|0.21|824.39|1.35|2|1|友发集团,261|-0.71|818.5|1.95|2|1|友发集团,464|-2.34|799.33|1.87|0|3|武进不锈,214|-1.39|788.24|1.49|0|3|新兴铸管,346|-0.23|786.39|1.27|1|2|武进不锈,398|-3.26|760.73|1.54|0|3|友发集团,381|-2.95|738.26|1.38|0|3|友发集团,308|-5.61|696.87|2.02|0|3|友发集团,117|4.03|724.92|1.85|3|0|新兴铸管,406|1.12|733.02|1.19|3|0|武进不锈,167|-1.01|725.63|1.34|1|2|新兴铸管,296|1.01|732.95|0.95|3|0|武进不锈,103|1.06|740.71|0.96|3|0|友发集团,157|-0.85|734.41|1.27|1|2|新兴铸管,295|1.18|743.05|1.14|3|0|武进不锈,263|-1.59|731.23|1.03|0|3|新兴铸管,180|-1.91|717.29|1.00|0|3|新兴铸管,386|0.51|720.98|0.77|2|1|武进不锈,262|3.27|744.55|0.97|3|0|武进不锈,250|-1.30|734.87|0.94|0|3|武进不锈,478|-0.89|728.36|2.44|2|1|友发集团,280|-0.07|727.85|1.19|1|1|武进不锈,249|0.64|732.49|1.03|2|0|新兴铸管,327|-0.85|726.27|0.84|0|2|友发集团,18|3.69|753.04|1.05|3|0|武进不锈,218|0.06|753.46|1.08|1|2|友发集团,14|3.33|778.55|3.20|3|0|新兴铸管,121|0.33|781.13|2.04|2|1|武进不锈,427|-0.81|774.8|1.57|0|2|武进不锈,483|-3.60|746.91|1.68|0|3|新兴铸管
BK1369|长材,,,,,,,,,,,,,,,,,,,,,,,,,,,,,,,,,,,,,,,,,,,,,,,,,,,,,,,,,,,,,,,,,,,,,,,90|2.80|673.55|1.14|3|0|中南股份,10|5.94|713.58|3.21|3|0|凌钢股份,315|-0.60|709.29|2.80|1|1|三钢闽光,67|2.20|724.89|2.19|3|0|三钢闽光,104|-0.10|724.13|2.02|1|1|三钢闽光,227|-2.71|704.47|1.66|0|3|三钢闽光,435|-1.78|691.9|1.25|0|3|中南股份,377|0.10|692.6|1.11|1|1|中南股份,216|1.63|703.9|1.12|3|0|凌钢股份,292|-1.18|695.57|1.25|1|2|中南股份,478|-2.41|678.81|1.70|0|3|三钢闽光,134|0.48|682.04|1.55|2|1|三钢闽光,21|2.18|696.94|1.76|3|0|凌钢股份,12|2.06|711.3|2.65|2|1|凌钢股份,495|-5.11|674.95|2.68|0|3|三钢闽光,1|4.14|702.9|5.22|3|0|中南股份,486|-2.72|683.8|4.15|0|3|三钢闽光,479|-5.22|648.13|3.25|0|3|三钢闽光,455|-3.60|624.79|2.04|0|3|中南股份,313|-5.62|589.67|1.81|0|3|中南股份,323|2.92|606.87|1.53|3|0|三钢闽光,19|3.83|630.1|1.57|3|0|凌钢股份,383|-2.06|617.11|1.21|0|3|三钢闽光,395|0.60|620.83|0.87|3|0|中南股份,48|1.50|630.14|1.18|2|0|凌钢股份,327|-1.68|619.55|0.99|0|3|凌钢股份,413|0.33|621.62|0.80|2|0|三钢闽光,363|-2.12|608.43|0.76|0|3|三钢闽光,185|-1.96|596.48|0.71|0|3|凌钢股份,225|1.34|604.47|0.64|3|0|中南股份,243|3.46|625.4|1.08|3|0|凌钢股份,379|-2.05|612.59|0.78|0|3|凌钢股份,380|0.20|613.83|0.76|2|1|中南股份,183|0.39|616.2|0.64|2|1|中南股份,446|-0.51|613.05|0.76|0|2|中南股份,377|-1.05|606.62|0.58|0|2|三钢闽光,144|1.76|617.32|0.80|3|0|凌钢股份,427|-1.18|610.03|0.76|0|3|凌钢股份,445|-0.36|607.83|0.72|0|1|中南股份,168|0.09|608.39|0.68|2|1|凌钢股份,446|-0.99|602.34|0.60|0|3|三钢闽光,122|-0.14|601.49|0.83|1|2|凌钢股份
BK1370|特钢Ⅲ,,,,,,,,,,,,,,,,,,,,,,,,,,,,,,,,,,,,,,,,,,,,,,,,,,,,,,,,,,,,,,,,,,,,,,,84|2.87|2518.41|1.40|12|1|常宝股份,49|3.07|2595.71|2.58|13|0|抚顺特钢,7|3.49|2686.34|2.56|9|2|常宝股份,37|2.81|2761.85|3.30|12|1|常宝股份,84|0.25|2768.62|3.03|4|9|广大特材,369|-4.07|2656.04|2.88|0|13|中信特钢,130|-0.08|2653.91|2.01|5|8|广大特材,223|1.06|2682.05|1.66|9|4|广大特材,259|1.41|2719.98|1.75|9|4|常宝股份,406|-1.80|2671.09|1.95|1|12|广大特材,358|0.77|2691.66|1.55|9|4|翔楼新材,478|-1.76|2644.35|1.58|1|11|中信特钢,335|-1.13|2614.4|1.59|5|7|西宁特钢,270|-0.77|2594.27|1.55|1|12|西宁特钢,470|-2.52|2528.82|1.95|1|12|翔楼新材,110|-0.72|2510.64|1.53|5|8|西宁特钢,283|0.22|2516.21|1.21|7|6|常宝股份,433|-3.69|2423.34|1.28|0|13|甬金股份,299|-2.48|2363.17|1.23|0|13|久立特材,382|-5.89|2223.9|1.70|0|13|中信特钢,153|3.78|2307.9|1.23|13|0|常宝股份,354|1.44|2341.05|1.13|12|1|久立特材,284|-1.58|2304.1|0.87|1|12|中信特钢,377|0.70|2320.22|0.70|11|2|甬金股份,223|0.37|2328.75|0.89|7|6|西宁特钢,356|-1.90|2284.47|0.91|0|13|方大特钢,91|2.21|2334.85|0.94|13|0|金洲管道,298|-1.76|2293.79|0.91|1|12|久立特材,259|-2.46|2237.39|0.80|1|12|中信特钢,459|-0.15|2233.93|0.75|8|5|广大特材,110|4.75|2339.95|1.08|13|0|常宝股份,97|-0.45|2329.43|1.02|5|8|久立特材,141|1.19|2357.2|1.00|8|4|盛德鑫泰,285|-0.12|2354.41|0.98|6|7|金洲管道,395|-0.09|2352.34|1.06|5|7|金洲管道,204|-0.33|2344.6|0.95|3|9|广大特材,97|2.03|2392.19|1.23|12|1|方大特钢,151|0.55|2405.27|1.15|8|4|盛德鑫泰,277|0.55|2418.47|1.30|9|4|盛德鑫泰,341|-0.63|2403.21|1.05|2|11|方大特钢,229|0.24|2409.06|1.21|7|6|金洲管道,246|-0.90|2387.32|1.47|2|11|金洲管道
BK1371|铁矿石,,,,,,,,,,,,,,,,,,,,,,,,,,,,,,,,,,,,,,,,,,,,,,,,,,,,,,,,,,,,,,,,,,,,,,,58|3.36|2232.42|2.91|6|0|大中矿业,18|4.58|2334.64|3.71|5|1|大中矿业,228|-0.17|2330.75|3.50|2|4|大中矿业,86|1.82|2373.19|3.16|5|1|海南矿业,146|-0.94|2350.77|4.47|3|3|海南矿业,203|-2.53|2291.26|4.41|1|5|海南矿业,407|-1.43|2258.57|3.29|0|6|金岭矿业,426|-0.42|2249.03|2.82|2|4|广东明珠,451|-0.64|2234.74|2.83|1|5|广东明珠,25|1.91|2277.53|3.94|3|3|海南矿业,477|-2.16|2228.32|3.48|1|5|河钢资源,200|0.07|2229.92|2.90|3|3|大中矿业,47|1.04|2253.2|3.14|2|4|海南矿业,29|1.11|2278.28|4.14|4|2|大中矿业,480|-2.96|2210.88|3.25|0|6|河钢资源,250|-1.57|2176.2|2.29|0|6|宝地矿业,463|-1.26|2148.8|2.08|3|3|宝地矿业,474|-4.76|2046.5|2.81|0|6|海南矿业,102|-1.30|2019.88|2.39|1|5|大中矿业,124|-4.35|1931.94|2.75|1|5|大中矿业,66|4.45|2017.93|2.90|6|0|大中矿业,153|2.35|2065.3|2.23|6|0|广东明珠,15|1.06|2087.22|2.99|2|3|广东明珠,58|2.59|2141.38|2.73|5|0|大中矿业,419|-0.60|2128.44|2.21|1|4|广东明珠,450|-3.16|2061.12|2.24|0|5|河钢资源,357|0.76|2076.68|1.60|3|2|河钢资源,100|-0.43|2067.73|1.65|2|3|大中矿业,166|-1.86|2029.28|1.41|1|4|广东明珠,327|0.85|2046.47|1.66|4|1|宝地矿业,287|3.06|2109.06|2.01|5|0|河钢资源,128|-0.66|2095.09|1.70|2|3|河钢资源,59|1.70|2130.71|2.51|4|1|广东明珠,29|1.79|2168.92|2.33|2|2|大中矿业,78|1.74|2206.76|1.95|5|0|大中矿业,491|-3.42|2131.22|2.33|0|5|河钢资源,5|5.07|2239.28|2.50|5|0|大中矿业,222|0.04|2240.28|2.59|3|2|宝地矿业,485|-0.99|2217.99|2.34|2|3|金岭矿业,433|-1.18|2191.88|1.76|0|5|河钢资源,393|-0.57|2179.29|2.13|2|1|大中矿业,400|-1.91|2137.59|1.97|0|5|宝地矿业
BK1372|冶钢辅料,,,,,,,,,,,,,,,,,,,,,,,,,,,,,,,,,,,,,,,,,,,,,,,,,,,,,,,,,,,,,,,,,,,,,,,68|3.21|6452.31|1.88|4|0|钒钛股份,27|3.98|6708.99|3.28|4|0|钒钛股份,115|0.72|6757.02|1.89|2|1|鄂尔多斯,13|4.06|7031.61|3.28|4|0|方大炭素,49|1.61|7144.81|3.49|4|0|方大炭素,325|-3.51|6894.2|3.09|0|4|鄂尔多斯,364|-1.20|6811.6|1.95|1|3|方大炭素,18|3.14|7025.66|3.83|3|1|方大炭素,468|-0.93|6960.05|2.80|1|3|钒钛股份,52|1.03|7031.67|2.61|3|1|鄂尔多斯,458|-0.88|6969.7|2.61|1|3|方大炭素,55|1.47|7071.82|3.05|4|0|方大炭素,68|0.64|7117.36|2.85|2|2|方大炭素,495|-4.57|6792.09|2.99|0|4|鄂资Ｂ股,455|-2.01|6655.85|2.37|0|4|鄂尔多斯,342|-2.22|6507.78|1.61|0|4|鄂资Ｂ股,367|-0.39|6482.12|1.59|2|2|鄂资Ｂ股,273|-2.61|6313.06|1.63|0|4|鄂资Ｂ股,202|-2.04|6184.43|1.31|0|4|钒钛股份,53|-2.88|6006.16|1.84|0|4|鄂尔多斯,411|2.29|6143.6|1.47|4|0|钒钛股份,420|0.95|6202.24|1.48|4|0|鄂资Ｂ股,228|-1.25|6124.42|1.06|0|4|鄂资Ｂ股,249|1.16|6195.3|1.29|4|0|钒钛股份,335|-0.08|6190.31|1.06|1|2|鄂尔多斯,255|-1.27|6111.84|1.18|0|3|方大炭素,310|1.06|6176.73|0.92|4|0|钒钛股份,342|-1.94|6056.73|0.98|0|4|鄂尔多斯,194|-2.02|5934.28|0.81|0|4|鄂尔多斯,270|1.15|6002.27|0.75|3|1|方大炭素,221|3.67|6222.31|1.04|4|0|鄂尔多斯,468|-2.78|6049.17|0.80|0|4|鄂资Ｂ股,277|0.71|6092.1|0.86|4|0|鄂资Ｂ股,336|-0.36|6070.06|0.85|2|2|方大炭素,468|-0.96|6012.04|0.95|1|2|钒钛股份,7|2.71|6175.1|1.13|2|2|鄂尔多斯,105|1.96|6296.1|0.98|4|0|鄂资Ｂ股,136|0.64|6336.48|1.09|3|1|钒钛股份,480|-0.88|6280.68|0.94|0|2|钒钛股份,60|1.01|6343.89|0.91|2|2|鄂尔多斯,56|1.51|6439.68|1.18|4|0|方大炭素,384|-1.80|6324|1.07|0|4|鄂尔多斯
BK1373|电能综合服务,,,,,,,,,,,,,,,,,,,,,,,,,,,,,,,,,,,,,,,,,,,,,,,,,,,,,,,,,,,,,,,,,,,,,,,29|4.34|3627.38|2.23|16|0|南网能源,265|0.73|3653.79|2.35|10|6|福能股份,35|2.08|3729.9|3.16|15|1|广安爱众,10|4.14|3884.4|4.43|16|0|南网能源,80|0.49|3903.34|4.04|6|9|涪陵电力,112|-1.40|3848.68|4.08|3|13|广安爱众,48|1.02|3887.94|3.52|11|4|电投绿能,37|2.36|3979.82|4.22|15|0|南网能源,310|1.16|4025.83|3.41|10|5|涪陵电力,20|2.16|4112.66|4.13|15|1|南网能源,456|-0.83|4078.42|3.82|5|10|九洲集团,50|1.54|4141.39|4.15|14|2|南网能源,42|1.21|4191.6|4.37|11|5|南网能源,477|-3.02|4065.18|3.90|2|13|电投绿能,482|-3.15|3936.95|3.33|0|16|山高环能,297|-1.84|3864.69|2.75|2|14|广西能源,196|0.86|3897.94|2.44|14|2|九洲集团,27|0.27|3908.36|2.55|5|11|广安爱众,20|0.88|3942.79|4.76|9|6|广西能源,56|-2.90|3828.51|4.78|2|14|南网能源,22|5.11|4024.02|4.81|16|0|乐山电力,74|2.77|4135.66|5.40|14|2|南网储能,64|-0.17|4128.63|4.51|6|9|广西能源,474|-0.63|4102.78|3.18|3|13|广西能源,495|-5.62|3872.3|4.96|0|16|广东建工,471|-3.58|3733.63|3.92|1|14|广西能源,463|-0.57|3712.3|2.67|7|9|福能股份,111|-0.55|3691.82|3.39|5|9|乐山电力,488|-5.41|3492.09|2.77|0|16|福能股份,403|0.43|3507.02|1.97|10|5|山高环能,294|3.01|3612.68|2.41|15|1|涪陵电力,438|-2.37|3526.95|1.93|1|15|电投绿能,314|0.56|3546.76|1.61|13|3|南网储能,51|1.32|3593.6|2.07|13|3|郴电国际,371|0.09|3596.95|1.84|7|8|涪陵电力,137|0.06|3599.03|2.13|6|10|广东建工,427|0.44|3614.73|1.94|12|3|电投绿能,238|-0.01|3614.19|1.92|7|7|三峡水利,27|2.69|3711.24|2.79|13|3|广安爱众,77|0.82|3741.55|3.50|11|5|广安爱众,282|0.02|3742.19|3.04|7|8|南网能源,13|2.36|3830.69|4.21|14|2|广西能源
BK1374|风力发电,,,,,,,,,,,,,,,,,,,,,,,,,,,,,,,,,,,,,,,,,,,,,,,,,,,,,,,,,,,,,,,,,,,,,,,79|2.97|2136.74|1.08|15|0|嘉泽新能,226|0.87|2155.34|1.25|12|3|嘉泽新能,95|0.94|2175.58|1.01|11|3|银星能源,47|2.61|2232.31|1.73|15|0|嘉泽新能,94|0.16|2235.78|1.78|8|6|龙源电力,64|-0.51|2224.44|1.89|4|11|新天绿能,51|0.90|2244.35|1.69|11|4|银星能源,280|0.81|2262.48|1.97|11|4|中闽能源,319|1.12|2287.87|1.79|12|3|立新能源,10|2.59|2347.11|2.44|12|3|立新能源,392|0.58|2360.63|2.99|8|6|绿发电力,8|3.74|2448.94|4.06|14|1|绿发电力,15|3.03|2523.06|4.35|11|3|绿发电力,380|-1.36|2488.85|5.96|2|13|华电新能,479|-2.90|2416.62|4.04|2|12|新天绿能,7|2.14|2468.23|5.09|7|8|江苏新能,388|-0.52|2455.31|4.10|6|9|银星能源,20|0.73|2473.13|3.85|8|7|立新能源,46|-0.43|2462.59|4.26|5|10|银星能源,16|0.00|2462.47|4.51|5|10|立新能源,12|5.62|2600.77|5.68|15|0|节能风电,33|3.42|2689.82|5.86|12|2|中闽能源,384|-2.07|2634.12|5.92|4|11|中闽能源,496|-2.13|2578.01|4.53|1|13|川能动力,491|-4.00|2474.94|3.86|2|13|川能动力,478|-3.86|2379.36|3.34|1|14|中闽能源,479|-1.63|2340.63|3.02|3|12|珠海港,284|-1.70|2300.79|2.57|2|12|川能动力,459|-3.97|2209.55|2.16|0|15|嘉泽新能,315|0.91|2229.55|2.02|11|3|节能风电,407|1.89|2271.72|2.14|15|0|嘉泽新能,297|-1.57|2236.05|1.61|1|14|川能动力,456|-0.39|2227.36|1.43|5|9|*ST宝实,17|2.71|2287.81|1.91|13|1|嘉泽新能,398|-0.10|2285.45|1.75|7|8|*ST宝实,376|-1.04|2261.64|1.40|1|14|嘉泽新能,308|1.07|2285.8|1.40|11|3|川能动力,106|0.99|2308.48|1.62|7|5|嘉泽新能,250|0.67|2323.88|1.55|9|4|江苏新能,28|1.61|2361.41|2.67|13|2|江苏新能,201|0.41|2371.14|1.98|10|5|龙源电力,2|3.67|2458.18|3.84|12|3|节能风电
BK1375|光伏发电,,,,,,,,,,,,,,,,,,,,,,,,,,,,,,,,,,,,,,,,,,,,,,,,,,,,,,,,,,,,,,,,,,,,,,,70|3.16|3632.94|4.38|12|0|金开新能,176|1.15|3674.76|4.65|8|3|晶科科技,207|0.00|3674.78|4.44|5|8|金开新能,11|4.11|3825.83|6.40|13|0|金开新能,367|-2.70|3722.57|6.30|2|11|浙江新能,169|-2.21|3640.47|5.98|1|12|珈伟新能,37|1.43|3692.42|4.86|7|6|金开新能,25|2.74|3793.67|6.67|11|1|太阳能,116|2.32|3881.87|5.74|11|2|金开新能,8|2.65|3984.81|6.17|13|0|金开新能,302|1.12|4029.49|8.70|6|6|晶科科技,31|2.11|4114.56|10.28|10|2|浙江新能,54|0.92|4152.39|9.57|8|5|金开新能,463|-2.62|4043.61|8.85|2|11|东方新能,389|-0.80|4011.28|8.14|3|10|东方新能,24|0.90|4047.19|9.18|7|5|兆新股份,250|0.41|4063.63|9.63|5|8|珈伟新能,10|2.31|4157.38|10.07|8|5|东方新能,22|0.54|4180.03|12.13|7|6|兆新股份,9|1.20|4230.28|14.11|7|6|拓日新能,11|5.75|4473.58|14.81|12|1|拓日新能,96|2.61|4590.26|16.16|11|2|浙江新能,480|-3.53|4428.16|12.21|2|11|京运通,492|-1.11|4378.88|10.11|4|9|东方新能,489|-3.89|4208.57|11.05|2|11|*ST聆达,447|-3.14|4076.32|9.37|2|11|京运通,459|-0.50|4055.88|8.17|6|6|珈伟新能,484|-3.57|3911.08|8.01|2|11|京运通,438|-3.57|3771.65|6.44|3|10|晶科科技,197|1.45|3826.44|4.50|9|3|东方新能,334|2.70|3929.9|6.23|13|0|露笑科技,433|-2.35|3837.45|4.34|1|12|*ST聆达,407|0.05|3839.19|4.49|4|8|露笑科技,11|3.41|3970.02|6.26|11|2|浙江新能,126|1.30|4021.78|7.84|8|4|晶科科技,281|-0.62|3996.93|7.14|3|10|金开新能,201|1.50|4056.91|6.94|11|1|晶科科技,172|0.37|4072.09|8.19|7|5|晶科科技,151|1.11|4117.37|7.95|10|3|京运通,32|1.46|4177.68|8.34|7|6|浙江新能,158|0.59|4202.47|7.89|4|9|兆新股份,37|1.26|4255.6|9.63|6|6|晶科科技
BK1376|核力发电,,,,,,,,,,,,,,,,,,,,,,,,,,,,,,,,,,,,,,,,,,,,,,,,,,,,,,,,,,,,,,,,,,,,,,,249|1.28|621.9|0.38|2|0|中国广核,473|-0.41|619.35|0.63|0|1|中国广核,173|0.24|620.85|0.38|2|0|中国核电,163|0.99|626.97|0.72|2|1|电投产融,46|1.88|638.74|0.93|3|0|中国广核,75|-0.87|633.2|0.84|1|2|中国核电,113|0.07|633.65|0.66|1|2|中国广核,121|1.62|643.91|0.83|3|0|电投产融,351|0.93|649.9|0.60|3|0|电投产融,68|0.71|654.5|0.97|3|0|中国核电,380|0.65|658.74|0.75|2|1|中国广核,43|1.69|669.89|0.92|2|1|中国广核,65|0.73|674.81|0.93|3|0|中国核电,265|-0.76|669.67|1.08|1|2|中国核电,436|-1.52|659.51|0.85|0|3|电投产融,135|-0.89|653.61|0.66|1|2|电投产融,413|-0.73|648.82|0.57|0|3|中国广核,35|-0.48|645.69|0.55|0|3|中国核电,60|-0.82|640.38|0.65|1|2|中国核电,15|0.13|641.23|1.45|2|1|中国广核,333|2.88|659.72|1.13|3|0|中国广核,144|2.38|675.39|1.27|3|0|中国广核,106|-0.63|671.16|1.07|1|2|中国广核,450|0.04|671.42|0.80|1|1|中国广核,409|-0.50|668.07|0.71|0|3|中国核电,201|-1.07|660.91|0.61|1|2|中国广核,472|-0.97|654.52|0.74|1|2|电投产融,65|0.13|655.35|0.57|2|1|中国核电,186|-1.98|642.37|0.49|0|3|中国广核,479|-0.73|637.69|0.40|0|3|中国广核,423|1.60|647.92|0.53|3|0|电投产融,188|-1.01|641.4|0.41|0|2|中国广核,435|-0.18|640.24|0.49|2|1|电投产融,299|-0.17|639.14|0.36|1|2|电投产融,411|-0.22|637.73|0.34|1|2|中国核电,115|0.18|638.87|0.47|2|1|中国核电,475|-0.26|637.19|0.35|0|2|电投产融,279|-0.22|635.81|0.39|1|2|电投产融,175|1.01|642.24|0.50|2|1|中国广核,45|1.18|649.83|0.56|3|0|中国广核,127|0.77|654.84|0.46|3|0|中国广核,33|1.31|663.45|0.57|3|0|电投产融
BK1377|火力发电,,,,,,,,,,,,,,,,,,,,,,,,,,,,,,,,,,,,,,,,,,,,,,,,,,,,,,,,,,,,,,,,,,,,,,,88|2.82|2117.89|1.36|32|0|豫能控股,169|1.21|2143.49|1.78|24|4|赣能股份,26|2.15|2189.53|1.53|30|2|豫能控股,26|3.28|2261.37|2.15|32|0|赣能股份,65|0.85|2280.56|2.60|21|10|豫能控股,108|-1.36|2249.55|2.51|5|27|华银电力,95|0.22|2254.57|1.97|11|16|豫能控股,91|1.79|2295|2.07|31|1|华银电力,200|1.71|2334.19|2.46|30|3|华电辽能,83|0.31|2341.52|3.18|16|13|华电能源,422|0.26|2347.59|2.63|10|21|华电能源,22|2.56|2407.78|3.73|30|2|赣能股份,16|2.89|2477.35|4.25|30|2|华电能源,451|-2.48|2415.81|4.06|4|28|华电能源,463|-2.30|2360.13|3.23|3|28|华电辽能,109|-0.72|2343.18|2.51|5|25|华电辽能,28|2.55|2402.86|2.41|27|4|粤电力Ａ,18|0.82|2422.46|2.72|14|15|粤电力Ａ,19|0.94|2445.2|3.45|21|11|华电辽能,50|-2.85|2375.58|3.56|2|30|华电辽能,53|4.62|2485.41|3.71|33|0|华电辽能,10|4.55|2598.41|4.89|32|1|华电辽能,9|1.76|2644.04|4.45|18|15|晋控电力,472|-0.58|2628.75|3.87|12|19|晋控电力,496|-6.00|2470.9|3.44|0|34|淮河能源,394|-2.36|2412.64|3.29|5|29|深南电A,476|-1.15|2384.93|2.34|16|17|京能电力,379|-2.23|2331.75|2.31|5|26|陕西能源,402|-3.24|2256.2|2.10|0|34|豫能控股,398|0.44|2266.12|1.68|19|15|华电辽能,353|2.48|2322.33|1.90|33|0|上海电力,311|-1.68|2283.35|1.59|3|30|国电电力,430|-0.14|2280.19|1.49|17|15|天富能源,30|1.79|2321.01|1.65|27|5|甘肃能源,235|0.68|2336.85|1.88|21|10|华电辽能,138|0.05|2338.12|2.01|13|20|豫能控股,451|0.10|2340.52|1.61|17|13|豫能控股,212|0.15|2344.09|1.55|13|20|深南电A,167|1.05|2368.7|1.75|24|10|豫能控股,6|2.45|2426.79|2.68|29|3|粤电力Ａ,184|0.46|2437.89|2.24|16|16|华电辽能,15|2.23|2492.18|3.07|30|3|华电能源
BK1378|其他能源发电,,,,,,,,,,,,,,,,,,,,,,,,,,,,,,,,,,,,,,,,,,,,,,,,,,,,,,,,,,,,,,,,,,,,,,,95|2.67|1646.74|2.06|1|0|长青集团,406|0.17|1649.6|1.65|1|0|长青集团,42|1.90|1680.99|2.58|1|0|长青集团,65|2.21|1718.09|3.46|1|0|长青集团,234|-1.99|1683.84|2.82|0|1|长青集团,68|-0.68|1672.43|2.78|0|1|长青集团,281|-0.85|1658.16|2.39|0|1|长青集团,131|1.55|1683.84|2.49|1|0|长青集团,56|2.88|1732.36|3.46|1|0|长青集团,82|0.33|1738.07|4.60|1|0|长青集团,275|1.31|1760.9|3.78|1|0|长青集团,75|1.13|1780.88|4.95|1|0|长青集团,32|1.76|1812.27|5.60|1|0|长青集团,458|-2.52|1766.61|5.09|0|1|长青集团,357|-0.48|1758.05|2.63|0|1|长青集团,304|-1.95|1723.8|2.39|0|1|长青集团,45|2.15|1760.9|3.33|1|0|长青集团,11|2.11|1798|7.34|1|0|长青集团,161|-1.75|1766.61|6.19|0|1|长青集团,38|-2.42|1723.8|6.06|0|1|长青集团,18|5.30|1815.13|7.33|1|0|长青集团,4|5.66|1917.87|13.79|1|0|长青集团,24|0.56|1928.61|3.67|1|1|长青集团,396|0.60|1940.18|4.08|1|1|顺发恒能,488|-3.44|1873.38|2.83|0|2|顺发恒能,1|6.04|1986.59|6.18|2|0|顺发恒能,496|-6.20|1863.4|9.22|0|2|长青集团,496|-7.68|1720.32|5.72|0|2|长青集团,496|-6.70|1605.08|3.72|0|2|长青集团,110|2.16|1639.7|2.38|2|0|长青集团,338|2.67|1683.41|2.36|2|0|长青集团,470|-2.83|1635.74|1.82|0|2|长青集团,315|0.55|1644.79|1.80|1|1|长青集团,92|0.91|1659.7|1.61|1|0|顺发恒能,416|-0.27|1655.19|1.26|1|1|长青集团,453|-1.80|1625.35|1.42|0|2|长青集团,360|0.79|1638.16|1.07|1|0|长青集团,412|-1.09|1620.26|1.05|0|2|长青集团,57|2.06|1653.67|1.31|2|0|长青集团,311|-0.49|1645.54|1.29|0|2|顺发恒能,412|-0.70|1634.01|0.91|0|2|长青集团,62|0.58|1643.52|1.48|2|0|长青集团
BK1379|热力服务,,,,,,,,,,,,,,,,,,,,,,,,,,,,,,,,,,,,,,,,,,,,,,,,,,,,,,,,,,,,,,,,,,,,,,,157|2.02|3184.63|2.57|14|4|协鑫能科,391|0.24|3192.14|2.18|8|8|百通能源,114|0.72|3215.21|2.49|12|5|华光环能,69|2.18|3285.32|3.04|16|2|协鑫能科,216|-1.77|3227.14|3.48|2|16|百通能源,59|-0.25|3219.14|4.83|6|11|迪森股份,66|0.62|3239.25|4.01|11|7|廊坊发展,205|1.16|3276.84|4.20|12|5|华光环能,181|1.84|3337.21|3.52|14|4|协鑫能科,84|0.31|3347.39|3.72|7|11|协鑫能科,360|0.77|3373.03|5.04|10|8|协鑫能科,132|0.49|3389.56|5.21|9|8|协鑫能科,43|1.16|3428.93|5.27|10|8|协鑫能科,284|-0.89|3398.32|6.21|4|13|亨通股份,426|-1.38|3351.54|5.82|5|12|大连热电,448|-3.33|3239.8|4.86|2|16|世茂能源,133|1.24|3279.92|4.13|14|3|新中港,143|-1.96|3215.77|4.18|2|16|京能热力,59|-0.81|3189.8|5.84|5|13|新中港,59|-2.92|3096.56|5.94|3|15|廊坊发展,6|6.64|3302.22|6.84|18|0|迪森股份,18|3.89|3430.63|7.77|17|1|富春环保,43|0.14|3435.58|8.54|8|9|惠天热电,425|0.42|3449.96|7.44|10|8|宁波能源,486|-3.33|3334.94|6.35|1|17|惠天热电,331|-1.70|3278.17|6.26|4|14|新中港,455|-0.26|3269.53|6.27|10|8|新中港,101|-0.43|3255.42|5.34|8|10|新中港,477|-4.47|3109.77|4.20|2|16|京能热力,92|2.39|3184.12|5.07|15|3|新中港,321|2.78|3272.64|5.00|16|2|新中港,326|-1.77|3214.66|3.88|2|15|亨通股份,217|0.91|3244.02|3.47|15|3|大连热电,127|0.68|3266.05|3.52|11|7|宁波能源,390|-0.05|3264.44|4.06|11|5|新中港,428|-1.46|3216.93|3.99|6|12|迪森股份,99|2.03|3282.17|4.04|16|2|大连热电,429|-1.20|3242.92|3.83|3|15|华光环能,20|2.78|3333.03|4.20|15|3|新中港,217|-0.14|3328.34|4.80|6|11|宁波能源,91|1.07|3364.1|4.29|11|7|东望时代,60|0.64|3385.5|5.48|10|8|东望时代
BK1380|水力发电,,,,,,,,,,,,,,,,,,,,,,,,,,,,,,,,,,,,,,,,,,,,,,,,,,,,,,,,,,,,,,,,,,,,,,,114|2.43|3644.75|0.52|11|0|甘肃能源,362|0.37|3658.16|0.62|6|5|梅雁吉祥,79|1.21|3702.43|0.55|10|1|甘肃能源,21|3.47|3831.08|1.03|10|0|闽东电力,48|1.68|3895.27|1.26|7|4|桂冠电力,72|-0.76|3865.59|1.31|6|5|华能水电,29|1.79|3934.76|1.04|9|2|桂冠电力,62|1.97|4012.22|0.95|9|2|桂冠电力,229|1.56|4074.87|0.85|9|2|韶能股份,41|1.26|4126.34|1.39|6|5|韶能股份,455|-0.81|4092.81|1.11|1|9|国投电力,49|1.61|4158.66|1.24|10|1|韶能股份,19|2.62|4267.66|1.41|10|1|梅雁吉祥,489|-3.87|4102.4|1.46|0|11|长江电力,447|-1.76|4030|1.00|1|10|闽东电力,153|-0.98|3990.65|0.81|3|8|湖南发展,79|1.69|4057.95|0.71|7|3|韶能股份,23|0.42|4074.83|0.72|3|7|韶能股份,13|1.49|4135.72|1.01|7|4|韶能股份,90|-3.85|3976.55|1.40|0|11|长江电力,20|5.17|4181.94|1.27|11|0|湖南发展,5|5.21|4399.61|1.37|10|1|湖南发展,42|0.15|4406.31|1.69|6|5|湖南发展,494|-1.37|4346.11|1.43|2|8|梅雁吉祥,492|-4.27|4160.73|1.20|0|10|长江电力,301|-1.50|4098.16|0.90|2|8|闽东电力,478|-1.30|4044.89|0.82|2|8|桂冠电力,147|-0.86|4010.04|0.75|5|5|川投能源,421|-3.39|3874.27|0.61|0|10|川投能源,477|-0.58|3851.79|0.55|5|5|韶能股份,433|1.46|3907.95|0.61|10|0|梅雁吉祥,81|-0.32|3895.43|0.52|2|8|黔源电力,453|-0.35|3881.69|0.51|3|7|湖南发展,48|1.34|3933.65|0.59|7|3|闽东电力,417|-0.27|3922.91|0.56|3|6|黔源电力,231|-0.41|3906.75|0.55|4|6|川投能源,432|0.34|3919.91|0.48|6|3|黔源电力,307|-0.31|3907.62|0.58|3|7|湖南发展,41|2.30|3997.38|0.75|10|0|川投能源,17|2.03|4078.63|0.89|10|0|黔源电力,319|-0.13|4073.2|0.71|2|8|湖南发展,29|1.57|4137.1|0.97|6|2|湖南发展
BK1381|燃气Ⅲ,,,,,,,,,,,,,,,,,,,,,,,,,,,,,,,,,,,,,,,,,,,,,,,,,,,,,,,,,,,,,,,,,,,,,,,65|3.26|1993.19|2.02|32|0|首华燃气,356|0.40|2001.07|1.64|15|15|德龙汇能,250|-0.24|1996.19|1.56|13|18|升达林业,57|2.39|2043.9|2.00|29|3|德龙汇能,26|3.71|2119.72|4.34|27|5|水发燃气,4|10.52|2342.78|8.59|29|3|胜利股份,492|-6.03|2201.4|9.58|2|30|水发燃气,473|-1.88|2159.91|6.92|7|24|特瑞斯,463|-0.84|2141.7|4.94|9|22|升达林业,122|-0.17|2138.02|6.75|17|13|国新能源,470|-1.79|2099.79|4.55|6|26|胜通能源,162|0.21|2104.21|3.35|12|18|首华燃气,30|1.84|2142.83|4.48|25|7|德龙汇能,368|-1.26|2115.79|3.52|4|27|新奥股份,401|-0.96|2095.44|2.39|6|26|新奥股份,276|-1.70|2059.77|2.61|2|29|胜利股份,354|-0.29|2053.77|2.07|13|18|首华燃气,3|4.28|2141.7|5.22|25|7|国新能源,112|-1.37|2112.42|4.80|9|23|国新能源,39|-2.48|2059.93|5.23|7|25|凯添燃气,456|1.48|2090.43|4.35|23|9|德龙汇能,485|-0.22|2085.77|4.15|21|10|国新能源,21|0.63|2098.82|3.86|15|14|首华燃气,368|0.72|2114.01|3.78|25|7|胜通能源,461|-1.46|2083.23|3.46|8|24|九丰能源,441|-3.00|2020.78|3.02|2|30|美能能源,440|-0.08|2019.21|2.19|16|16|中泰股份,33|0.90|2037.34|2.38|16|14|德龙汇能,461|-3.98|1956.32|2.45|1|31|胜通能源,100|2.25|2000.25|1.91|31|1|德龙汇能,472|0.10|2002.29|2.41|20|12|中泰股份,141|-0.72|1987.9|1.98|9|22|新天然气,317|0.53|1998.53|1.71|19|12|美能能源,119|0.72|2012.92|2.02|21|10|美能能源,426|-0.34|2006.14|1.90|8|20|美能能源,450|-1.76|1970.8|1.86|4|27|东方环宇,371|0.72|1985.01|1.71|21|8|德龙汇能,257|-0.13|1982.49|1.68|8|24|升达林业,129|1.27|2007.66|2.04|26|6|水发燃气,200|-0.08|2006.15|2.07|20|10|九丰能源,313|-0.10|2004.24|1.95|12|19|水发燃气,48|0.91|2022.49|2.37|24|8|水发燃气
BK1382|地面兵装Ⅲ,,,,,,,,,,,,,,,,,,,,,,,,,,,,,,,,,,,,,,,,,,,,,,,,,,,,,,,,,,,,,,,,,,,,,,,71|3.15|4766.28|5.29|12|0|捷强装备,372|0.31|4781.08|5.36|6|6|银河电子,176|0.20|4790.58|4.32|7|5|国科军工,438|-0.30|4776.02|4.18|4|8|长城军工,17|5.79|5052.36|9.55|12|0|北方导航,434|-4.88|4805.91|6.97|2|10|国科军工,23|2.13|4908.07|5.72|10|2|国科军工,449|-1.09|4854.8|4.68|3|8|银河电子,485|-1.86|4764.33|3.30|3|9|ST应急,465|-2.62|4639.73|3.75|1|11|银河电子,363|0.75|4674.5|3.07|9|3|捷强装备,474|-1.67|4596.33|3.51|1|10|光电股份,481|-2.47|4482.63|2.91|0|12|ST应急,391|-1.53|4413.87|2.64|2|10|捷强装备,325|-0.28|4401.33|1.92|7|5|国科军工,360|-2.34|4298.49|2.21|1|11|捷强装备,304|0.10|4302.75|2.07|5|7|银河电子,116|-1.81|4224.93|2.43|2|10|甘化科工,461|-3.77|4065.46|2.49|0|12|光电股份,318|-5.65|3835.78|3.15|1|11|捷强装备,1|8.60|4165.58|4.25|12|0|长城军工,7|4.73|4362.59|5.93|12|0|长城军工,490|-4.02|4187.26|4.12|0|12|ST应急,59|2.53|4293.3|3.90|12|0|甘化科工,275|0.15|4299.74|3.60|6|6|银河电子,234|-1.21|4247.83|3.84|2|10|光电股份,447|-0.16|4240.95|4.02|8|4|光电股份,103|-0.46|4221.24|3.17|4|8|北方长龙,187|-1.99|4137.34|2.78|2|10|捷强装备,361|0.65|4164.34|1.91|10|2|甘化科工,404|1.91|4243.77|3.02|11|1|银河电子,67|-0.24|4233.76|2.79|2|10|光电股份,252|0.79|4267.05|3.16|10|2|国科军工,39|1.56|4333.69|2.57|11|1|光电股份,301|0.41|4351.59|2.89|5|7|北方导航,338|-0.90|4312.34|3.55|1|11|银河电子,354|0.83|4348.14|2.62|9|2|光电股份,201|0.23|4358.29|2.75|6|6|光电股份,30|2.51|4467.84|3.54|11|0|光电股份,426|-1.14|4417.01|3.18|2|10|长城军工,232|0.22|4426.6|2.63|3|6|光电股份,407|-1.98|4338.97|3.02|1|11|ST应急
BK1383|航海装备Ⅲ,,,,,,,,,,,,,,,,,,,,,,,,,,,,,,,,,,,,,,,,,,,,,,,,,,,,,,,,,,,,,,,,,,,,,,,213|1.55|6579.36|7.33|6|4|亚星锚链,432|0.02|6580.82|7.56|4|6|中国船舶,192|0.11|6588.33|4.80|4|6|中科海讯,75|1.93|6715.73|5.95|7|3|海兰信,109|-0.29|6696.48|7.38|4|6|天海防务,402|-4.52|6393.78|6.32|1|9|*ST松发,14|3.22|6599.64|5.56|10|0|江龙船艇,467|-1.80|6480.78|4.46|2|8|中国船舶,312|1.15|6555.16|4.02|8|2|海兰信,478|-2.84|6368.78|4.18|1|9|海兰信,313|1.04|6434.93|3.44|8|2|*ST松发,466|-1.46|6340.68|3.24|1|9|*ST松发,487|-2.67|6171.69|3.00|0|10|中船防务,441|-2.29|6030.47|2.46|0|10|中国海防,40|1.73|6134.88|3.79|7|3|中科海讯,462|-3.54|5917.78|3.02|0|10|中国船舶,214|0.74|5961.56|2.13|7|3|海兰信,372|-3.08|5777.74|2.30|0|10|中国船舶,432|-3.33|5585.35|2.34|0|10|中国海防,362|-5.84|5259.11|3.14|0|10|*ST松发,123|3.98|5468.19|2.60|10|0|江龙船艇,290|1.74|5563.28|2.45|10|0|江龙船艇,470|-3.13|5389.13|2.11|0|10|中船防务,274|1.08|5447.17|1.57|10|0|天海防务,230|0.36|5466.53|1.66|7|2|*ST松发,151|-0.83|5420.96|2.47|2|8|海兰信,333|0.91|5470.46|1.76|8|1|*ST松发,216|-1.40|5393.65|1.55|0|10|*ST松发,240|-2.38|5265.07|1.38|1|9|*ST松发,147|1.78|5358.83|1.86|9|1|中国船舶,186|3.93|5569.64|2.56|10|0|海兰信,280|-1.51|5485.58|1.84|0|10|海兰信,219|0.90|5534.76|2.14|9|1|海兰信,248|0.08|5539.21|1.83|8|2|海兰信,108|1.45|5619.8|2.37|9|1|海兰信,266|-0.54|5589.21|2.21|1|9|中船防务,263|1.23|5658.23|1.94|10|0|海兰信,145|0.58|5690.99|2.00|6|3|中科海讯,3|4.91|5970.43|4.49|10|0|松发股份,78|0.81|6018.93|3.70|4|6|松发股份,487|-1.97|5900.62|3.05|3|7|中国船舶,11|2.37|6040.46|4.93|8|2|中国船舶
BK1384|航空装备Ⅲ,,,,,,,,,,,,,,,,,,,,,,,,,,,,,,,,,,,,,,,,,,,,,,,,,,,,,,,,,,,,,,,,,,,,,,,328|0.82|5663.27|2.94|31|15|中航重机,289|0.66|5700.37|2.63|23|25|菲利华,48|1.83|5804.56|3.13|33|15|钢研高纳,390|0.00|5804.66|2.85|18|29|广联航空,54|1.32|5881.27|4.45|23|25|航天彩虹,490|-7.58|5435.27|4.56|0|48|航天彩虹,27|1.87|5536.73|3.06|33|14|航天彩虹,412|-0.18|5526.52|2.76|22|24|西部超导,343|0.99|5581.16|3.09|36|11|航发科技,429|-2.03|5467.81|2.84|5|42|广联航空,196|1.70|5560.51|2.34|43|5|广联航空,482|-1.82|5459.5|2.43|7|41|*ST观典,455|-1.90|5355.54|2.59|6|42|光威复材,429|-2.15|5240.24|2.18|5|41|新兴装备,229|0.22|5252.02|1.90|25|23|中无人机,309|-1.99|5147.66|1.86|6|42|中简科技,143|1.16|5207.12|1.72|34|12|广联航空,409|-3.34|5033.13|1.78|2|46|广联航空,403|-3.13|4875.41|1.76|0|47|ST炼石,188|-4.99|4632.02|2.21|1|47|洪都航空,361|2.74|4758.91|1.85|44|4|迈信林,160|2.29|4868.06|1.79|46|1|洪都航空,352|-1.85|4778|1.44|5|43|派克新材,403|0.57|4805.12|1.22|39|9|江航装备,76|1.23|4864.05|1.47|38|9|广联航空,195|-1.04|4813.47|1.74|9|38|*ST立航,381|0.61|4843.07|1.38|35|13|超卓航科,324|-1.86|4752.88|1.32|4|44|航发动力,212|-2.19|4648.59|1.18|2|46|菲利华,472|-0.43|4628.44|1.05|25|23|航新科技,116|4.70|4845.93|1.78|47|1|广联航空,313|-1.70|4763.68|1.38|5|43|爱乐达,236|0.83|4803.3|1.64|38|11|航发动力,69|1.08|4855.26|1.77|33|14|博云新材,37|2.40|4971.87|1.85|44|4|海特高新,78|0.57|5000.07|2.35|21|28|博云新材,342|0.89|5044.69|2.30|28|20|博云新材,133|0.67|5078.62|2.22|29|19|博云新材,77|1.74|5166.91|2.55|42|6|博云新材,440|-1.22|5103.72|2.47|7|41|*ST立航,300|-0.06|5100.5|2.36|23|25|爱乐达,256|-0.95|5051.88|2.92|15|34|博云新材
BK1385|航天装备Ⅲ,,,,,,,,,,,,,,,,,,,,,,,,,,,,,,,,,,,,,,,,,,,,,,,,,,,,,,,,,,,,,,,,,,,,,,,390|0.31|6249.15|2.67|5|4|星网宇达,30|3.72|6481.38|5.13|9|0|电科蓝天,43|1.90|6604.66|4.85|7|2|电科蓝天,185|0.88|6662.85|4.32|6|3|理工导航,14|6.15|7072.8|7.58|8|1|中天火箭,493|-8.30|6485.93|5.79|0|9|理工导航,12|3.32|6701.38|3.51|9|0|航天环宇,263|0.86|6759.1|4.26|4|5|航天环宇,418|0.34|6781.98|3.87|5|4|理工导航,262|-1.02|6712.71|3.71|3|6|电科蓝天,133|2.12|6855.29|3.71|9|0|电科蓝天,490|-2.06|6714.3|2.93|0|8|电科蓝天,495|-3.59|6473.53|2.70|0|9|新余国科,475|-3.01|6278.61|3.72|1|8|理工导航,377|-0.69|6235.25|2.88|4|5|电科蓝天,455|-3.42|6021.72|2.56|0|9|新余国科,11|3.31|6221.27|3.73|8|1|电科蓝天,147|-1.97|6098.82|2.45|0|9|航天环宇,446|-3.50|5885.57|2.26|0|9|电科蓝天,191|-5.00|5591.33|2.94|1|8|电科蓝天,424|2.05|5706.06|2.59|8|1|新余国科,409|1.09|5768.27|2.14|8|1|新余国科,229|-1.26|5695.74|2.51|2|7|航天环宇,481|-0.81|5649.78|1.84|4|5|星网宇达,20|2.64|5799.07|2.85|9|0|航天环宇,22|0.91|5851.99|4.24|6|3|航天环宇,405|0.37|5873.71|2.88|2|7|理工导航,427|-2.65|5717.79|1.94|0|9|新余国科,77|-1.25|5646.43|1.82|1|8|理工导航,429|0.18|5656.57|1.58|3|6|新余国科,40|6.01|5996.41|2.87|9|0|电科蓝天,338|-1.83|5886.74|2.34|1|8|航天电子,462|-0.46|5859.48|1.97|4|5|新余国科,52|1.30|5935.85|1.78|8|1|理工导航,4|5.22|6245.61|4.05|9|0|航天环宇,37|1.20|6320.38|4.88|6|2|电科蓝天,384|0.68|6363.59|2.98|4|5|理工导航,158|0.48|6393.87|2.48|6|3|理工导航,1|6.16|6787.8|6.04|8|1|中国卫星,57|1.01|6856.63|6.31|4|5|理工导航,489|-2.33|6697.2|4.47|0|9|新余国科,283|-1.11|6622.59|5.31|2|7|中国卫星
BK1386|军工电子Ⅲ,,,,,,,,,,,,,,,,,,,,,,,,,,,,,,,,,,,,,,,,,,,,,,,,,,,,,,,,,,,,,,,,,,,,,,,388|0.31|8059.96|3.93|40|23|雷科防务,101|1.87|8210.32|4.81|54|9|航天发展,58|1.60|8341.57|5.41|46|16|鸿远电子,401|-0.08|8335.31|5.01|30|31|国光电气,28|3.22|8603.45|8.44|48|14|华如科技,476|-6.54|8041.02|8.24|4|58|华如科技,99|0.20|8056.87|5.19|34|27|全信股份,388|0.04|8059.94|5.38|30|32|泰豪科技,402|0.54|8103.68|4.66|38|24|泰豪科技,346|-1.41|7989.14|5.24|13|48|北斗星通,75|2.60|8196.87|5.08|54|8|航天电器,439|-0.97|8117.63|5.09|12|50|晶品特装,477|-2.41|7922.29|4.78|7|55|航天电器,452|-2.51|7723.57|4.03|5|57|北斗星通,158|0.59|7769.2|3.33|46|16|富吉瑞,401|-2.62|7565.53|3.15|3|58|西测测试,24|2.62|7763.46|3.56|55|6|西测测试,155|-2.03|7605.94|3.17|8|53|西测测试,378|-2.91|7384.61|3.55|5|56|航天电器,197|-5.03|7013.43|3.94|4|57|航天南湖,321|2.92|7218.12|3.66|57|4|富吉瑞,305|1.69|7340.35|3.59|52|10|晶品特装,326|-1.73|7213.01|3.56|7|55|西测测试,360|0.75|7266.78|2.72|46|15|华丰科技,42|1.63|7384.98|3.70|48|14|富吉瑞,221|-1.14|7300.62|3.76|12|50|兴图新科,369|0.66|7349.16|3.26|42|20|泰豪科技,372|-2.19|7188.39|3.01|6|57|雷科防务,97|-1.45|7083.85|2.65|14|48|华丰科技,400|0.44|7114.88|2.32|37|26|航天电器,89|5.18|7483.33|3.59|63|0|富吉瑞,69|-0.25|7464.62|3.10|19|44|航天电器,308|0.58|7507.79|3.09|37|22|陕西华达,87|0.97|7580.61|2.70|41|22|兴图新科,21|2.90|7800.54|3.84|58|5|航天长峰,165|-0.16|7787.87|4.46|25|37|宏明电子,363|0.78|7848.42|3.57|46|16|泰豪科技,88|1.23|7945.21|3.92|46|14|国博电子,25|2.72|8161.21|5.31|56|5|泰豪科技,396|-0.91|8087.15|5.00|14|46|奥普光电,128|0.77|8149.08|5.57|40|23|天微电子,429|-2.25|7966.01|4.78|7|55|华如科技
BK1387|环保设备Ⅲ,,,,,,,,,,,,,,,,,,,,,,,,,,,,,,,,,,,,,,,,,,,,,,,,,,,,,,,,,,,,,,,,,,,,,,,207|1.61|3606.65|2.11|21|6|法尔胜,140|1.48|3660.03|3.65|16|9|法尔胜,56|1.63|3719.56|3.50|23|4|法尔胜,153|1.04|3758.14|3.94|15|12|恒誉环保,242|-2.05|3681.09|3.80|4|22|法尔胜,362|-4.02|3533.07|3.92|1|26|*ST节能,126|-0.04|3531.76|2.84|9|16|法尔胜,81|1.82|3596.05|3.13|24|3|先河环保,214|1.63|3654.84|2.41|22|5|恒誉环保,178|-0.63|3631.9|2.89|5|22|恒誉环保,139|2.08|3707.41|2.55|24|2|恒誉环保,195|0.12|3711.8|3.52|7|18|皖仪科技,279|-0.89|3678.86|3.25|5|20|法尔胜,143|-0.09|3675.4|2.52|7|20|法尔胜,169|0.50|3693.77|3.39|14|13|法尔胜,168|-1.07|3654.3|2.69|5|22|法尔胜,101|1.57|3711.67|2.69|20|7|恒誉环保,253|-2.51|3618.38|2.49|2|25|法尔胜,335|-2.68|3521.56|2.59|3|24|美埃科技,136|-4.52|3362.42|3.19|4|23|严牌股份,29|4.94|3528.53|3.09|25|2|华宏科技,235|1.96|3597.82|3.33|21|6|法尔胜,452|-2.76|3498.61|2.86|3|24|严牌股份,136|1.73|3559.16|2.70|20|5|法尔胜,213|0.40|3573.56|2.24|13|14|法尔胜,348|-1.84|3507.79|3.00|4|23|法尔胜,70|2.40|3591.82|3.98|25|2|华宏科技,245|-1.52|3537.21|3.74|8|19|法尔胜,68|-1.20|3494.93|3.18|8|19|森远股份,169|1.60|3550.85|2.75|19|8|法尔胜,208|3.79|3685.46|4.15|26|1|创元科技,36|0.25|3694.66|3.53|12|14|华宏科技,331|0.49|3712.62|4.66|20|7|盈峰环境,178|0.40|3727.39|4.06|14|13|先河环保,195|0.83|3758.49|5.35|16|10|盈峰环境,100|0.28|3768.96|5.49|11|16|青达环保,82|2.20|3852|4.41|20|6|盈峰环境,233|-0.01|3851.75|5.48|9|18|盈峰环境,60|2.00|3928.83|5.20|20|5|严牌股份,136|0.23|3937.85|4.75|17|10|先河环保,171|0.54|3959.3|5.87|17|10|法尔胜,363|-1.70|3892.16|5.48|8|19|法尔胜
BK1388|大气治理,,,,,,,,,,,,,,,,,,,,,,,,,,,,,,,,,,,,,,,,,,,,,,,,,,,,,,,,,,,,,,,,,,,,,,,121|2.35|3832.47|3.98|7|1|雪浪环境,247|0.78|3862.25|3.40|5|2|中航泰达,29|2.12|3943.99|4.82|6|2|福鞍股份,396|-0.03|3942.72|6.17|4|4|中创环保,385|-2.83|3831.12|4.75|1|7|电投水电,107|-1.34|3779.82|4.86|3|5|中航泰达,229|-0.64|3755.47|3.46|5|3|中创环保,155|1.40|3808.15|4.36|7|1|电投水电,68|2.72|3911.6|4.68|8|0|雪浪环境,194|-0.71|3883.84|4.25|2|6|雪浪环境,421|0.26|3893.97|4.40|7|1|福鞍股份,488|-1.95|3818.11|3.91|0|8|同兴科技,458|-1.91|3745.11|3.44|0|8|电投水电,14|1.94|3817.89|4.67|5|3|同兴科技,453|-1.95|3743.49|3.91|1|7|电投水电,333|-2.17|3662.1|2.44|1|6|中创环保,262|0.35|3675.01|2.21|3|3|福鞍股份,296|-2.68|3576.52|2.07|0|7|福鞍股份,164|-1.76|3513.47|2.07|1|6|中航泰达,60|-2.94|3410.07|2.85|1|7|雪浪环境,9|6.25|3623.2|3.45|8|0|雪浪环境,42|3.23|3740.41|5.82|8|0|雪浪环境,483|-3.71|3601.59|5.19|0|8|保丽洁,462|-0.26|3592.19|4.78|5|3|德创环保,25|2.39|3677.87|4.40|4|3|雪浪环境,112|-0.60|3655.74|5.03|2|6|雪浪环境,387|0.57|3676.75|4.59|6|2|电投水电,176|-1.12|3635.72|4.90|3|5|中航泰达,472|-4.31|3478.98|4.66|0|8|中航泰达,283|1.08|3516.6|2.90|4|3|德创环保,121|4.65|3680.21|3.89|8|0|福鞍股份,66|-0.23|3671.87|6.25|3|5|福鞍股份,324|0.52|3690.86|5.36|5|3|同兴科技,21|2.38|3778.61|2.91|4|3|德创环保,455|-0.67|3753.2|6.14|4|4|电投水电,278|-0.59|3730.99|4.40|4|3|电投水电,45|2.74|3833.21|5.06|7|1|福鞍股份,17|2.67|3935.51|8.08|5|3|福鞍股份,148|1.13|3980|8.41|6|2|ST雪浪,26|1.70|4047.49|7.27|4|4|同兴科技,419|-0.78|4016.11|7.09|3|5|福鞍股份,274|-1.04|3974.52|5.14|2|6|福鞍股份
BK1389|固废治理,,,,,,,,,,,,,,,,,,,,,,,,,,,,,,,,,,,,,,,,,,,,,,,,,,,,,,,,,,,,,,,,,,,,,,,143|2.15|3175.59|2.22|31|3|高能环境,83|2.11|3242.57|2.73|29|5|通源环境,54|1.67|3296.59|2.95|24|10|金圆股份,115|1.45|3344.45|3.59|26|8|中国天楹,160|-1.14|3306.17|3.80|10|24|中国天楹,183|-2.33|3229.05|4.60|5|29|飞南资源,88|0.30|3238.68|3.36|17|16|飞南资源,339|0.39|3251.38|3.08|24|10|节能环境,61|2.86|3344.23|3.43|31|3|华新环保,133|-0.26|3335.54|3.78|13|19|惠城环保,291|1.23|3376.44|3.23|26|6|中国天楹,137|0.45|3391.72|3.75|16|18|绿色动力,112|0.05|3393.54|3.72|13|21|绿色动力,321|-1.05|3357.85|3.77|10|23|伟明环保,370|-0.60|3337.75|3.64|9|23|大地海洋,302|-1.91|3274.04|2.91|3|31|绿色动力,231|0.60|3293.81|2.64|20|14|圣元环保,95|-1.46|3245.66|2.68|5|29|圣元环保,76|-1.07|3210.83|2.66|10|23|中兰环保,274|-5.47|3035.21|3.07|1|33|绿色动力,40|4.76|3179.67|3.10|34|0|中国天楹,91|2.65|3264.07|3.35|30|4|中兰环保,373|-1.98|3199.32|2.68|4|30|中再资环,264|1.11|3234.87|2.20|23|10|金圆股份,420|-0.61|3215.23|2.60|10|23|中兰环保,387|-2.29|3141.74|2.58|3|31|华新环保,235|1.47|3187.85|2.24|25|8|万德斯,265|-1.60|3136.75|2.22|8|26|万德斯,303|-2.69|3052.49|1.98|3|31|瀚蓝环境,268|1.16|3087.86|1.72|24|9|飞南资源,127|4.58|3229.39|2.22|34|0|飞南资源,143|-0.72|3206.02|2.20|5|28|中兰环保,272|0.72|3229|2.11|27|6|万德斯,417|-0.80|3203.02|2.37|11|20|华新科技,315|0.35|3214.15|2.04|20|10|飞南资源,272|-0.55|3196.45|1.93|8|24|中兰环保,88|2.15|3265.2|1.93|28|5|金圆股份,223|0.04|3266.65|2.43|12|22|大地海洋,246|0.73|3290.44|2.21|20|13|华新科技,223|-0.16|3285.17|2.01|16|18|中兰环保,254|0.13|3289.38|1.96|17|14|绿色动力,91|0.12|3293.4|2.60|13|17|军信股份
BK1390|水务及水治理,,,,,,,,,,,,,,,,,,,,,,,,,,,,,,,,,,,,,,,,,,,,,,,,,,,,,,,,,,,,,,,,,,,,,,,128|2.27|2233.92|1.23|49|3|清水源,153|1.36|2264.22|1.69|40|11|清水源,97|0.91|2284.86|1.95|39|12|清水源,135|1.19|2312|1.87|39|10|倍杰特,266|-2.16|2262.14|2.20|6|45|中原环保,182|-2.32|2209.76|2.31|4|46|清水源,218|-0.59|2196.81|1.91|13|39|*ST凯鑫,102|1.74|2235.03|1.71|46|5|京源环保,119|2.27|2285.67|1.84|47|5|清水源,218|-0.83|2266.81|2.14|16|36|中赋科技,178|1.82|2308.17|1.69|40|11|祥龙电业,168|0.20|2312.7|2.01|26|25|祥龙电业,300|-0.97|2290.36|1.81|12|39|钱江生化,209|-0.45|2280.09|1.77|16|35|复洁科技,329|-0.31|2273.09|1.82|17|35|深水海纳,245|-1.55|2237.94|1.63|8|44|深水海纳,162|1.07|2261.98|1.68|37|12|京源环保,232|-2.43|2207.09|1.78|4|46|海峡环保,314|-2.55|2150.74|1.99|4|47|嘉戎技术,399|-5.97|2022.44|2.44|0|52|京源环保,41|4.74|2118.31|2.02|51|1|海天股份,77|2.75|2176.54|2.17|49|3|联合水务,359|-1.89|2135.41|1.70|7|43|德林海,313|0.94|2155.49|1.46|34|17|祥龙电业,202|0.47|2165.53|1.52|24|28|路德科技,370|-2.03|2121.54|1.52|6|46|海天股份,404|0.39|2129.72|1.33|35|14|中晟高科,330|-1.88|2089.63|1.30|2|49|中赋科技,397|-3.21|2022.5|1.38|1|51|德林海,159|1.70|2056.95|1.19|36|14|清水源,183|3.95|2138.2|1.54|52|0|鹏鹞环保,295|-1.56|2104.86|1.27|8|44|祥龙电业,129|1.24|2130.89|1.18|41|8|上海洗霸,333|-0.35|2123.46|1.29|16|30|德林海,262|0.59|2136|1.35|30|16|碧水源,152|-0.11|2133.63|1.20|15|33|科净源,156|1.71|2170.11|1.13|40|9|嘉戎技术,377|-0.77|2153.4|1.10|11|39|嘉戎技术,266|0.60|2166.38|1.24|36|13|中赋科技,202|-0.08|2164.7|1.18|26|23|路德科技,227|0.26|2170.22|1.00|17|31|中持股份,186|-0.61|2156.99|1.29|19|31|节能国祯
BK1391|综合环境治理,,,,,,,,,,,,,,,,,,,,,,,,,,,,,,,,,,,,,,,,,,,,,,,,,,,,,,,,,,,,,,,,,,,,,,,153|2.07|1948.09|2.29|12|3|赛恩斯,51|3.01|2006.64|3.28|10|4|启迪环境,16|2.54|2057.56|6.00|11|4|启迪环境,142|1.14|2080.96|7.25|6|7|赛恩斯,466|-3.97|1998.43|3.31|1|12|正和生态,405|-4.53|1907.83|5.69|0|14|绿茵生态,59|0.72|1921.51|4.45|8|7|正和生态,145|1.46|1949.47|3.19|11|3|赛恩斯,85|2.54|1999|7.75|13|2|卓锦股份,301|-1.23|1974.48|5.20|2|12|启迪环境,259|1.40|2002.08|2.74|12|3|卓锦股份,283|-0.31|1995.96|2.57|6|9|绿茵生态,333|-1.12|1973.64|2.86|4|11|ST新动力,225|-0.49|1963.99|2.45|5|8|正和生态,330|-0.31|1957.94|3.10|4|10|维尔利,393|-2.55|1907.98|2.31|0|14|启迪环境,183|0.95|1926.08|1.98|12|2|南大环境,271|-2.59|1876.23|2.44|1|13|艾布鲁,351|-2.76|1824.5|5.66|1|13|ST京蓝,306|-5.60|1722.29|4.76|0|15|赛恩斯,24|5.06|1809.39|6.17|14|1|绿茵生态,254|1.87|1843.28|3.94|12|3|绿茵生态,454|-2.76|1792.4|2.48|1|14|ST新动力,246|1.16|1813.17|4.88|13|1|艾布鲁,378|-0.27|1808.23|3.21|7|8|绿茵生态,446|-3.10|1752.21|2.96|0|15|绿茵生态,294|1.18|1772.86|3.93|10|5|赛恩斯,267|-1.61|1744.25|2.99|1|14|南大环境,277|-2.53|1700.14|4.07|1|14|ST京蓝,109|2.17|1737.01|2.89|14|1|绿茵生态,205|3.82|1803.29|3.72|14|1|赛恩斯,355|-1.90|1769.03|2.73|2|13|东湖高新,223|0.89|1784.77|3.46|12|3|正和生态,458|-1.30|1761.63|3.37|2|11|艾布鲁,236|0.68|1773.65|2.84|9|5|正和生态,345|-0.93|1757.13|3.26|2|13|ST京蓝,57|2.53|1801.58|3.39|14|1|正和生态,314|-0.34|1795.49|3.14|3|12|艾布鲁,63|1.96|1830.74|3.06|11|3|赛恩斯,100|0.52|1840.26|3.42|7|7|绿茵生态,265|0.09|1841.99|2.92|8|6|绿茵生态,271|-1.02|1823.17|3.93|2|11|ST京蓝
BK1392|工程机械器件,,,,,,,,,,,,,,,,,,,,,,,,,,,,,,,,,,,,,,,,,,,,,,,,,,,,,,,,,,,,,,,,,,,,,,,419|-0.04|18256.64|1.65|9|3|威博液压,130|1.57|18543.27|1.50|11|2|唯万密封,314|-0.60|18432.15|1.39|2|10|唯万密封,387|0.01|18433.17|1.51|5|8|福事特,173|-1.29|18195.98|2.01|2|11|邵阳液压,188|-2.44|17752.11|2.31|3|10|恒立钻具,335|-1.08|17560.33|1.59|4|9|邵阳液压,144|1.46|17817.35|1.37|12|1|万通液压,379|0.76|17952.88|1.17|10|3|拓山重工,350|-1.43|17697.04|1.45|1|12|恒立液压,69|2.67|18170.02|1.32|12|0|福事特,375|-0.66|18050.84|1.25|5|7|恒立钻具,483|-2.49|17600.61|1.21|1|12|拓山重工,362|-1.22|17385.89|0.98|2|10|长龄液压,376|-0.69|17266.45|1.08|2|11|邵阳液压,329|-2.15|16895.11|1.12|1|12|泰凯英,131|1.27|17110.2|1.06|9|4|长龄液压,183|-2.19|16735.17|1.18|1|12|长龄液压,228|-2.19|16369.17|1.26|1|12|长龄液压,416|-6.12|15367.5|2.33|0|13|威博液压,364|2.71|15784.37|1.73|12|1|金道科技,351|1.46|16015.02|1.24|12|1|拓山重工,182|-1.05|15846.26|1.05|2|11|万通液压,434|0.20|15877.89|1.04|8|5|万通液压,232|0.36|15934.28|1.14|7|6|恒立钻具,8|2.96|16405.39|1.84|8|5|邵阳液压,421|0.26|16448.4|2.14|8|5|恒立液压,127|-0.65|16341.61|1.85|4|9|拓山重工,337|-2.84|15876.81|1.44|1|12|恒立液压,298|0.98|16032.58|1.20|10|3|拓山重工,134|4.51|16755.14|1.73|13|0|金道科技,293|-1.55|16495.74|1.09|2|11|万通液压,211|0.94|16650.14|1.31|11|2|威博液压,412|-0.76|16523.68|1.40|3|10|邵阳液压,125|1.34|16745.36|1.71|10|3|恒立液压,235|-0.43|16672.96|1.46|3|9|福事特,160|1.69|16955.5|1.59|11|2|拓山重工,33|2.19|17326.97|1.75|10|3|万通液压,146|1.14|17525.11|1.96|11|2|艾迪精密,363|-0.75|17393.66|2.21|5|8|长龄液压,131|0.75|17524.43|1.97|10|3|长龄液压,422|-2.13|17151.96|1.53|1|12|长龄液压
BK1393|工程机械整机,,,,,,,,,,,,,,,,,,,,,,,,,,,,,,,,,,,,,,,,,,,,,,,,,,,,,,,,,,,,,,,,,,,,,,,92|2.74|5248.21|1.87|20|1|徐工机械,270|0.72|5285.83|1.63|12|9|建设机械,187|0.14|5293.14|1.53|10|11|华东重机,475|-0.88|5246.6|1.34|4|17|同力股份,194|-1.53|5166.13|1.57|3|17|海伦哲,328|-3.56|4981.99|1.83|1|20|铁拓机械,280|-0.85|4939.72|1.27|9|12|南方路机,148|1.45|5011.19|1.39|19|2|海伦哲,273|1.35|5079.02|1.27|18|3|安徽合力,485|-3.10|4921.35|1.79|0|21|天元智能,106|2.37|5038.13|1.34|21|0|徐工机械,217|-0.06|5035.24|1.26|11|10|铁拓机械,396|-1.40|4964.83|2.11|3|18|中际联合,126|0.02|4965.59|1.55|5|15|南方路机,432|-1.48|4892.25|1.49|4|17|建设机械,68|-0.33|4876.21|1.57|7|13|厦工股份,336|-0.17|4868.13|1.64|7|14|海伦哲,420|-3.44|4700.58|1.94|1|20|厦工股份,119|-1.42|4633.6|1.88|5|16|厦工股份,113|-4.18|4440.12|2.19|2|19|厦工股份,146|3.82|4609.55|1.81|20|0|华东重机,46|3.14|4754.23|1.84|21|0|厦工股份,398|-2.15|4651.95|1.80|0|21|浙江鼎力,269|1.10|4703.07|1.69|17|4|华东重机,372|-0.26|4691.02|1.97|9|12|华东重机,146|-0.82|4652.68|1.95|7|12|中联重科,278|1.25|4711.06|2.04|16|5|三一重工,337|-1.91|4621.22|1.53|4|17|铁拓机械,253|-2.42|4509.23|1.00|1|20|杭叉集团,365|0.64|4538.17|1.04|12|8|铁拓机械,32|6.21|4819.95|2.18|21|0|建设机械,290|-1.54|4745.61|1.57|1|20|华东重机,366|0.29|4759.59|1.41|12|7|中力股份,231|0.15|4766.83|1.45|7|15|厦工股份,167|0.99|4813.87|1.46|20|2|海伦哲,178|-0.22|4803.14|1.36|9|13|海伦哲,446|0.16|4811.03|2.01|13|8|华东重机,239|-0.03|4809.82|1.44|6|15|志高机械,409|0.00|4809.79|1.76|11|9|中际联合,231|-0.17|4801.39|1.38|10|12|中际联合,273|0.05|4803.86|1.78|9|11|厦工股份,391|-1.85|4715.08|1.81|2|20|杭叉集团
BK1394|轨交设备Ⅲ,,,,,,,,,,,,,,,,,,,,,,,,,,,,,,,,,,,,,,,,,,,,,,,,,,,,,,,,,,,,,,,,,,,,,,,146|2.10|2032.44|1.12|29|3|天宜新材,435|0.01|2032.7|1.29|16|16|朗进科技,101|0.85|2049.89|1.04|24|8|朗进科技,263|0.48|2059.64|1.09|16|14|天宜新材,260|-2.14|2015.63|1.48|4|27|中国通号,319|-3.48|1945.42|1.38|1|30|必得科技,194|-0.49|1935.97|1.28|9|23|天宜新材,89|1.79|1970.72|1.08|30|2|必得科技,189|1.78|2005.81|0.95|29|3|今创集团,286|-1.13|1983.07|1.03|6|26|九州一轨,114|2.28|2028.3|0.94|31|0|鼎汉技术,346|-0.53|2017.55|1.19|9|22|中国通号,350|-1.22|1992.95|1.07|6|25|长青科技,227|-0.51|1982.79|1.28|7|25|朗进科技,352|-0.45|1973.89|1.05|9|23|工大高科,370|-2.40|1926.46|0.97|2|30|雷尔伟,128|1.29|1951.25|0.92|23|7|九州一轨,365|-3.04|1891.96|0.86|0|32|工大高科,266|-2.38|1846.92|1.07|4|28|中国中车,449|-6.31|1730.44|1.34|0|32|时代电气,82|4.27|1804.34|0.90|32|0|九州一轨,201|2.13|1842.85|0.94|31|1|中国铁物,208|-1.17|1821.23|1.65|2|29|中国铁物,247|1.16|1842.31|1.53|26|4|九州一轨,98|1.10|1862.55|1.88|22|10|神州高铁,6|3.82|1933.66|2.33|28|4|神州高铁,480|-1.73|1900.26|3.47|10|21|朗进科技,333|-1.90|1864.18|2.35|3|28|九州一轨,228|-2.30|1821.38|1.95|5|27|九州一轨,352|0.72|1834.47|1.33|19|12|九州一轨,144|4.38|1914.91|1.51|32|0|九州一轨,334|-1.81|1880.18|1.21|3|29|科安达,195|0.99|1898.88|1.47|28|3|中国铁物,370|-0.50|1889.34|1.01|7|23|九州一轨,318|0.33|1895.58|0.89|21|10|永贵电器,227|-0.41|1887.9|0.93|8|23|雷尔伟,183|1.60|1918.14|0.90|26|5|永贵电器,163|0.46|1926.87|1.08|18|14|必得科技,251|0.67|1939.69|1.03|21|10|永贵电器,164|0.10|1941.67|0.83|11|19|必得科技,302|-0.06|1940.44|0.96|11|18|工大高科,197|-0.68|1927.16|1.23|9|22|众合科技
BK1395|机床工具,,,,,,,,,,,,,,,,,,,,,,,,,,,,,,,,,,,,,,,,,,,,,,,,,,,,,,,,,,,,,,,,,,,,,,,369|0.53|1992.41|3.19|14|4|宇环数控,375|0.31|1998.51|3.12|13|7|日发精机,76|1.28|2024.04|3.14|15|5|宁波精达,330|0.22|2028.47|2.99|8|12|宇晶股份,232|-1.99|1988.18|3.47|4|15|宇环数控,463|-5.71|1874.6|3.90|0|19|恒进感应,129|-0.07|1873.22|2.53|8|11|日发精机,28|2.61|1922.14|2.60|18|1|日发精机,353|0.91|1939.71|2.60|15|4|海天精工,232|-0.89|1922.45|2.49|2|17|宇环数控,35|3.18|1983.59|2.43|19|0|宇环数控,33|2.09|2025.05|5.44|14|4|华东数控,479|-2.45|1975.52|4.10|0|19|ST汇洲,262|-0.72|1961.36|2.95|4|13|宇环数控,391|-0.83|1945.02|2.43|7|11|思进智能,411|-2.79|1890.75|2.18|0|19|浙海德曼,60|1.88|1926.26|2.33|16|1|宁波精达,396|-3.26|1863.49|2.57|0|19|思进智能,369|-2.85|1810.33|2.34|0|19|ST汇洲,402|-6.00|1701.73|3.21|0|19|华辰装备,376|2.63|1746.45|2.28|18|1|宇环数控,214|2.08|1782.74|2.09|19|0|乔锋智能,428|-2.41|1739.69|1.88|0|19|思进智能,162|1.58|1767.2|1.88|15|3|浙海德曼,354|-0.18|1764.02|1.57|9|10|宇环数控,126|-0.69|1751.78|1.59|5|13|乔锋智能,185|1.72|1781.98|1.79|19|0|沈阳机床,368|-2.17|1743.31|1.65|2|17|恒进感应,141|-1.75|1712.86|1.41|1|18|宇环数控,337|0.80|1726.58|1.16|13|6|亚威股份,103|4.98|1812.56|2.03|19|0|宇环数控,230|-1.21|1790.65|1.39|3|16|宇环数控,89|1.41|1815.88|1.82|19|0|宁波精达,64|1.17|1837.13|1.82|13|6|宇晶股份,110|1.45|1863.78|2.29|17|1|宇晶股份,385|-1.08|1843.61|2.14|2|17|华东数控,67|2.39|1887.59|2.08|18|1|乔锋智能,21|2.46|1933.95|3.00|17|2|华辰装备,263|0.62|1945.92|2.42|11|8|乔锋智能,348|-0.66|1933.1|1.88|3|16|宇环数控,111|0.93|1951.01|1.99|13|5|乔锋智能,355|-1.64|1918.99|1.90|0|19|纽威数控
BK1396|金属制品,,,,,,,,,,,,,,,,,,,,,,,,,,,,,,,,,,,,,,,,,,,,,,,,,,,,,,,,,,,,,,,,,,,,,,,246|1.30|6475.44|6.99|56|23|永和智控,219|0.92|6534.74|6.92|48|30|欧科亿,75|1.29|6618.84|6.40|44|33|泰嘉股份,236|0.62|6659.64|6.76|42|38|泰嘉股份,188|-1.47|6561.85|6.83|18|62|泰嘉股份,289|-3.26|6347.87|7.57|11|69|中寰股份,275|-0.84|6294.74|4.89|26|53|智能自控,138|1.51|6389.6|5.38|66|14|智能自控,373|0.80|6440.84|4.80|55|25|泰嘉股份,283|-1.12|6368.85|4.93|19|62|中南文化,60|2.74|6543.46|4.46|74|7|中南文化,415|-0.85|6488.12|4.32|19|62|中南文化,441|-1.72|6376.36|4.22|10|71|中南文化,370|-1.28|6294.97|4.82|14|67|中南文化,319|-0.26|6278.85|7.02|44|37|巨力索具,418|-2.85|6099.77|5.70|1|79|正泰电源,124|1.34|6181.62|5.07|65|16|中南文化,423|-3.49|5965.85|5.36|4|77|中寰股份,308|-2.53|5815.12|4.84|5|76|正泰电源,147|-4.72|5540.65|5.47|5|76|正泰电源,253|3.21|5718.51|4.54|75|5|中南文化,184|2.20|5844.07|5.60|72|6|晋亿实业,330|-1.74|5742.24|4.66|6|73|中大力德,338|0.82|5789.26|5.34|62|18|中南文化,119|0.97|5845.58|5.17|49|30|欧科亿,118|-0.64|5808.33|6.07|25|54|巨力索具,280|1.25|5880.85|5.66|62|17|瑞迪智驱,347|-2.00|5763.21|4.50|13|66|纽威股份,285|-2.58|5614.58|4.16|8|71|鼎泰高科,310|0.93|5666.92|3.38|53|24|恒星科技,73|5.39|5972.3|5.15|80|1|利欧股份,132|-0.67|5932.51|6.04|22|58|泰嘉股份,137|1.20|6003.93|5.68|67|12|鼎泰高科,238|0.12|6010.87|5.16|39|42|双飞集团,99|1.49|6100.67|6.02|61|18|春晖智控,391|-1.11|6032.74|5.73|11|67|宝鼎科技,161|1.69|6134.7|5.68|66|14|崇德科技,80|1.30|6214.53|4.94|52|29|大业股份,214|0.84|6266.96|6.76|57|23|泰嘉股份,245|-0.25|6251.25|5.92|25|54|巨力索具,246|0.15|6260.61|4.79|45|34|应流股份,433|-2.26|6119.03|4.94|8|72|应流股份
BK1397|磨具磨料,,,,,,,,,,,,,,,,,,,,,,,,,,,,,,,,,,,,,,,,,,,,,,,,,,,,,,,,,,,,,,,,,,,,,,,10|6.91|8385.14|8.26|14|0|黄河旋风,395|0.22|8403.37|9.99|9|5|奔朗新材,36|2.00|8571.14|10.48|12|2|黄河旋风,18|3.60|8879.82|11.35|10|4|沃尔德,231|-1.97|8704.91|10.28|2|12|沃尔德,398|-4.47|8316.07|9.35|1|13|金太阳,169|-0.36|8286.43|5.95|4|9|四方达,19|2.96|8531.43|10.53|11|3|三超新材,443|-0.47|8491.74|7.79|6|8|金太阳,441|-2.22|8303.3|6.98|2|12|金太阳,11|4.19|8650.8|7.70|14|0|凤形股份,116|0.75|8715.52|9.77|7|7|黄河旋风,491|-3.06|8448.5|10.46|0|14|美畅股份,454|-2.51|8236.28|7.23|1|13|美畅股份,55|1.43|8353.86|6.85|8|6|金太阳,487|-4.55|7973.92|8.34|1|13|耐普矿机,125|1.32|8079.14|5.91|9|5|金太阳,441|-3.86|7766.89|5.63|0|14|岱勒新材,434|-3.34|7507.81|5.07|1|13|美畅股份,434|-6.21|7041.95|6.44|0|14|四方达,152|3.78|7308.3|4.83|14|0|岱勒新材,309|1.68|7431.25|5.15|14|0|金太阳,467|-3.08|7202.7|4.52|0|14|鲁信创投,147|1.70|7325.32|3.47|14|0|沃尔德,295|0.05|7329.17|3.90|7|7|黄河旋风,366|-2.00|7182.42|3.68|0|12|博深股份,136|1.98|7324.94|3.78|11|2|岱勒新材,222|-1.42|7221.17|4.40|2|12|四方达,27|-0.45|7188.9|4.25|4|10|沃尔德,228|1.33|7284.85|5.10|9|4|黄河旋风,48|5.81|7708.3|5.94|14|0|国机精工,77|-0.30|7685.3|5.94|7|7|四方达,359|0.33|7710.31|6.08|8|6|耐普矿机,405|-0.71|7655.81|4.37|4|10|岱勒新材,67|1.90|7800.98|6.94|9|5|沃尔德,389|-1.10|7715.2|5.93|2|12|惠丰钻石,174|1.64|7841.73|4.82|14|0|四方达,37|2.12|8008.1|5.32|12|1|沃尔德,34|2.41|8201.35|6.79|12|0|国机精工,314|-0.51|8159.31|5.27|2|12|四方达,92|1.05|8245.19|6.17|5|9|沃尔德,442|-2.36|8050.95|6.37|2|12|黄河旋风
BK1398|其他通用设备,,,,,,,,,,,,,,,,,,,,,,,,,,,,,,,,,,,,,,,,,,,,,,,,,,,,,,,,,,,,,,,,,,,,,,,186|1.75|6604.22|4.13|37|15|新锦动力,192|1.03|6672.48|4.85|33|16|开山股份,15|2.63|6848|6.03|37|15|川润股份,295|0.36|6872.53|5.70|25|27|海鸥股份,292|-2.33|6712.57|6.14|6|46|新锦动力,355|-3.93|6449.01|6.00|4|48|新锦动力,145|-0.19|6437.02|5.25|20|32|川润股份,103|1.74|6548.87|5.69|43|9|华曙高科,182|1.83|6668.91|5.67|37|15|宗申动力,344|-1.41|6575.07|6.11|8|43|开山股份,53|2.89|6765.13|5.31|46|6|海鸥股份,261|-0.23|6749.36|5.35|16|35|大元泵业,462|-1.96|6616.98|4.68|8|44|瑞晨环保,383|-1.44|6521.78|3.94|13|39|德马科技,205|0.35|6544.6|3.81|23|28|美心翼申,441|-3.18|6336.26|3.54|3|49|克莱特,78|1.70|6444.08|3.31|43|10|大元泵业,345|-2.93|6255.3|3.79|6|47|新锦动力,414|-3.20|6055.26|3.64|3|50|泰福泵业,355|-5.81|5703.26|3.93|1|53|泰福泵业,240|3.27|5889.53|2.98|52|1|山东章鼓,310|1.68|5988.34|2.65|49|4|德马科技,372|-1.98|5869.58|2.58|3|50|德马科技,273|1.09|5933.51|2.34|38|12|宏盛股份,278|0.14|5941.83|2.93|24|27|航天动力,142|-0.79|5894.81|3.33|12|41|泰福泵业,224|1.53|5984.77|2.90|46|7|昊志机电,393|-2.30|5846.91|2.59|4|49|新锦动力,190|-1.99|5730.3|2.53|6|48|大元泵业,249|1.26|5802.72|2.41|37|16|宏盛股份,106|4.87|6085.13|3.48|53|1|联德股份,223|-1.17|6014.03|3.06|12|41|大元泵业,76|1.56|6107.73|4.30|43|9|联德股份,113|0.76|6154.1|3.50|29|25|腾亚精工,96|1.51|6247.27|3.90|39|12|海鸥股份,192|-0.29|6229.01|3.93|18|34|泰福泵业,289|1.14|6300.01|3.23|46|8|联德股份,116|0.84|6353.09|3.40|32|22|恒道科技,120|1.32|6436.95|3.76|41|13|腾亚精工,408|-0.99|6373.1|3.53|19|36|隆华科技,224|0.29|6391.83|3.33|26|28|*ST金灵,405|-1.95|6267.28|3.25|7|47|美心翼申
BK1400|制冷空调设备,,,,,,,,,,,,,,,,,,,,,,,,,,,,,,,,,,,,,,,,,,,,,,,,,,,,,,,,,,,,,,,,,,,,,,,278|1.15|4604.01|3.79|13|5|冰轮环境,383|0.27|4616.63|2.99|10|7|汉钟精机,14|2.95|4752.93|4.18|16|2|佳力图,469|-0.63|4722.98|3.70|5|13|开勒股份,148|-0.98|4676.65|5.39|5|13|冰轮环境,323|-3.51|4512.68|6.64|2|17|雪人集团,240|-0.67|4482.63|4.11|7|11|申菱环境,127|1.57|4552.88|4.57|16|3|雪人集团,288|1.28|4611.09|3.62|14|4|申菱环境,449|-2.35|4502.64|3.92|0|19|亿利达,36|3.16|4644.84|4.17|19|0|同飞股份,158|0.24|4655.79|3.40|6|12|申菱环境,412|-1.50|4585.96|4.13|2|16|儒竞科技,171|-0.21|4576.34|3.42|8|10|英华特,248|0.14|4582.86|3.19|8|11|绿岛风,420|-2.88|4450.98|2.59|2|17|南特科技,32|2.41|4558.19|3.46|16|2|佳力图,238|-2.44|4446.75|3.86|1|18|开勒股份,265|-2.38|4340.93|3.22|1|18|汉钟精机,373|-5.88|4085.86|3.69|0|19|开勒股份,116|4.03|4250.38|4.08|19|0|冰轮环境,245|1.91|4331.61|3.26|19|0|开勒股份,374|-1.99|4245.25|2.69|2|16|英特科技,384|0.67|4273.84|2.22|15|3|英华特,110|1.04|4318.16|3.02|12|5|亿利达,302|-1.51|4253.03|2.62|2|15|英特科技,61|2.48|4358.35|4.17|14|4|佳力图,424|-2.59|4245.36|4.84|3|15|雪人集团,139|-1.70|4173.08|3.93|3|15|雪人集团,198|1.44|4233.29|5.22|14|5|开勒股份,52|5.74|4476.34|6.05|19|0|开勒股份,103|-0.50|4454.1|4.86|6|13|开勒股份,214|0.92|4495.03|4.88|13|5|申菱环境,200|0.29|4508.06|3.51|7|12|申菱环境,68|1.89|4593.09|4.31|15|4|亿利达,425|-1.44|4527.14|4.38|1|18|雪人集团,198|1.51|4595.46|3.98|17|2|绿岛风,174|0.36|4611.87|4.30|10|8|南特科技,32|2.50|4727.18|4.95|15|4|亿利达,399|-0.92|4683.57|5.75|6|12|开勒股份,95|1.03|4731.67|5.02|12|5|冰轮环境,324|-1.41|4665.18|5.20|5|13|佳力图
BK1401|纺织服装设备,,,,,,,,,,,,,,,,,,,,,,,,,,,,,,,,,,,,,,,,,,,,,,,,,,,,,,,,,,,,,,,,,,,,,,,234|1.41|3671.28|4.01|10|2|标准股份,121|1.70|3733.74|4.50|9|4|中捷资源,140|0.51|3752.91|7.39|8|4|中捷资源,257|0.52|3772.4|5.04|7|5|宏华数科,329|-2.56|3675.92|4.71|2|10|越剑智能,265|-3.07|3562.98|4.16|1|12|越剑智能,121|0.01|3563.5|4.59|5|8|卓郎智能,26|2.72|3660.58|1.76|10|2|卓郎智能,139|2.12|3738.19|4.52|10|3|卓郎智能,437|-2.12|3659.03|6.54|2|11|泰坦股份,183|1.80|3724.8|5.29|11|2|标准股份,206|0.03|3725.91|6.70|4|9|远信工业,457|-1.91|3654.92|5.08|2|10|上工申贝,267|-0.76|3627.01|4.05|3|10|金鹰股份,113|0.82|3656.68|4.38|7|6|标准股份,70|-0.35|3643.84|3.78|3|10|卓郎智能,184|0.95|3678.28|5.88|8|5|泰坦股份,315|-2.77|3576.46|4.32|2|11|泰坦股份,394|-3.08|3466.32|5.22|1|12|杰克科技,142|-4.66|3304.82|4.57|2|11|泰坦股份,95|4.20|3443.47|4.90|12|1|泰坦股份,158|2.32|3523.29|4.04|12|0|远信工业,247|-1.36|3475.44|3.25|2|11|泰坦股份,235|1.23|3518.18|2.60|11|2|越剑智能,226|0.36|3531.01|3.06|7|6|泰坦股份,55|0.04|3532.27|3.76|6|7|远信工业,321|0.97|3566.68|3.12|11|2|卓郎智能,132|-0.71|3541.27|3.83|4|9|宏华数科,40|-0.81|3512.5|3.07|2|11|标准股份,358|0.68|3536.44|2.42|8|5|远信工业,157|4.24|3686.21|4.10|13|0|远信工业,155|-0.78|3657.53|3.06|2|11|远信工业,37|1.92|3727.67|5.55|11|2|泰坦股份,132|0.66|3752.36|5.05|8|5|泰坦股份,374|0.07|3754.98|4.20|7|6|杰克科技,141|0.00|3755.14|3.23|3|9|泰坦股份,203|1.49|3811.19|3.05|10|3|远信工业,182|0.31|3823.15|3.59|7|6|远信工业,479|-0.74|3794.9|3.44|4|8|上工申贝,195|-0.06|3792.74|3.17|5|8|物产金轮,281|0.02|3793.4|4.13|6|7|泰坦股份,446|-2.47|3699.72|3.37|1|12|泰坦股份
BK1402|楼宇设备,,,,,,,,,,,,,,,,,,,,,,,,,,,,,,,,,,,,,,,,,,,,,,,,,,,,,,,,,,,,,,,,,,,,,,,332|0.81|2714.26|1.43|12|3|梅轮电梯,215|0.93|2739.5|1.42|15|0|通用电梯,149|0.43|2751.34|1.63|8|7|沪宁股份,357|0.13|2755|1.46|7|9|华菱精工,157|-1.09|2724.93|2.20|2|14|展鹏科技,295|-3.35|2633.65|2.71|1|15|华菱精工,424|-1.64|2590.46|1.99|3|12|机电Ｂ股,78|1.84|2638.08|1.76|15|1|上海机电,98|2.38|2700.89|1.46|13|2|同力天启,80|0.41|2711.83|1.80|8|8|同力天启,107|2.37|2776.05|1.53|16|0|华菱精工,355|-0.56|2760.39|1.47|3|12|同力天启,407|-1.47|2719.73|1.39|1|15|展鹏科技,365|-1.24|2686.07|1.38|3|12|同力天启,219|0.27|2693.37|1.91|7|9|青鸟消防,321|-2.10|2636.69|1.44|1|14|机电Ｂ股,154|1.11|2665.88|1.18|10|6|同力天启,304|-2.72|2593.45|1.48|1|15|同力天启,253|-2.31|2533.45|1.63|1|15|青鸟消防,392|-5.93|2383.28|2.13|0|16|青鸟消防,62|4.47|2489.89|1.70|16|0|沪宁股份,304|1.70|2532.11|1.33|15|1|上海机电,250|-1.38|2497.15|1.42|2|14|通用电梯,375|0.70|2514.7|1.86|11|5|森赫股份,392|-0.40|2504.62|1.93|9|7|华菱精工,62|-0.13|2501.36|1.94|4|9|广日股份,200|1.63|2542.18|2.30|14|2|通用电梯,272|-1.65|2500.22|1.69|2|14|森赫股份,130|-1.65|2458.9|1.36|1|15|同力天启,354|0.71|2476.42|1.22|11|5|展鹏科技,217|3.71|2568.39|1.81|16|0|森赫股份,170|-0.90|2545.16|1.51|3|13|展鹏科技,243|0.81|2565.84|1.58|12|3|通用电梯,345|-0.41|2555.41|1.47|6|10|ST远智,268|0.54|2569.21|1.33|8|6|同力天启,342|-0.91|2545.86|1.51|3|13|ST远智,216|1.44|2582.53|1.46|13|3|华菱精工,90|1.21|2613.69|1.78|8|8|森赫股份,274|0.56|2628.45|1.57|10|6|沪宁股份,233|-0.19|2623.49|1.60|6|9|快意电梯,339|-0.26|2616.78|1.89|5|10|青鸟智控,319|-1.36|2581.09|1.77|2|13|上海机电
BK1403|能源及重型设备,,,,,,,,,,,,,,,,,,,,,,,,,,,,,,,,,,,,,,,,,,,,,,,,,,,,,,,,,,,,,,,,,,,,,,,87|2.84|2759.72|2.18|57|4|山东墨龙,225|0.89|2784.19|2.46|39|20|江钨装备,129|0.63|2801.77|2.22|34|24|星球石墨,171|0.95|2828.29|2.09|38|21|江钨装备,62|0.96|2855.54|3.29|29|31|山东墨龙,173|-2.24|2791.46|4.12|11|50|山东墨龙,441|-1.90|2738.49|2.91|19|40|山东墨龙,98|1.76|2786.59|2.90|45|14|光力科技,315|1.14|2818.45|2.57|37|23|江钨装备,226|-0.86|2794.1|2.93|14|47|电光科技,328|0.94|2820.47|2.39|48|13|锡装股份,416|-0.85|2796.38|2.37|12|48|威领股份,444|-1.75|2747.48|2.67|9|51|兰石重装,314|-1.01|2719.61|2.57|15|42|兰石重装,346|-0.41|2708.42|2.83|22|36|神开股份,340|-2.20|2648.74|2.27|6|55|电光科技,179|0.96|2674.23|1.97|40|20|威领股份,287|-2.65|2603.23|2.16|6|55|长江能科,354|-2.77|2531.13|1.97|4|57|电光科技,317|-5.65|2388.18|2.46|1|60|山东墨龙,171|3.64|2475.21|1.95|58|3|尤洛卡,295|1.73|2518.04|1.68|58|3|电光科技,362|-1.91|2470|1.64|4|55|神开股份,157|1.62|2510.01|1.71|52|8|山东矿机,353|-0.17|2505.81|1.61|29|29|航天工程,145|-0.81|2485.45|1.98|16|43|电光科技,218|1.56|2524.17|1.75|54|6|电光科技,190|-1.24|2492.82|1.63|9|51|杰瑞股份,207|-2.16|2439|1.38|4|55|法兰泰克,250|1.26|2469.79|1.24|49|11|创力集团,200|3.85|2564.87|1.86|58|2|杰瑞股份,235|-1.22|2533.53|1.46|12|47|如通股份,208|0.96|2557.79|1.41|47|13|洪田股份,300|-0.18|2553.08|1.46|20|39|洪田股份,277|0.51|2566.04|1.58|43|17|航天工程,275|-0.57|2551.31|1.48|17|43|航天工程,247|1.34|2585.55|1.51|48|10|航天工程,141|0.60|2600.98|1.56|32|28|航天工程,284|0.53|2614.85|1.78|43|17|锡装股份,276|-0.36|2605.44|1.48|18|42|中重科技,272|0.06|2606.88|1.72|26|33|威领股份,202|-0.70|2588.74|2.02|18|42|山东墨龙
BK1404|农用机械,,,,,,,,,,,,,,,,,,,,,,,,,,,,,,,,,,,,,,,,,,,,,,,,,,,,,,,,,,,,,,,,,,,,,,,182|1.80|1991.59|1.22|10|0|花溪科技,323|0.52|2001.85|1.32|7|3|一拖股份,209|-0.01|2001.73|2.05|5|5|*ST新研,451|-0.39|1993.85|1.41|4|6|大叶股份,322|-2.54|1943.2|2.08|1|9|*ST新研,181|-2.31|1898.38|2.06|2|8|丰安股份,299|-0.92|1880.99|1.45|2|8|一拖股份,358|0.29|1886.43|1.22|7|3|天鹅股份,114|2.33|1930.42|1.17|8|2|天鹅股份,334|-1.36|1904.16|1.30|1|9|天鹅股份,252|1.45|1931.69|1.12|9|1|大叶股份,379|-0.67|1918.75|1.25|2|8|弘宇股份,101|0.17|1922.04|1.76|3|7|一拖股份,32|1.02|1941.71|2.21|4|5|天鹅股份,405|-1.03|1921.7|1.87|2|7|*ST新研,188|-1.24|1897.93|1.92|2|8|*ST星农,248|0.43|1906.15|1.54|5|4|弘宇股份,226|-2.40|1860.49|1.99|1|9|*ST星农,108|-1.36|1835.28|2.15|2|8|大叶股份,209|-5.10|1741.73|2.17|0|10|一拖股份,315|2.95|1793.08|1.52|9|1|天鹅股份,251|1.88|1826.82|1.42|10|0|*ST星农,82|-0.43|1819.03|1.45|1|8|大叶股份,266|1.11|1839.16|1.66|8|2|大叶股份,387|-0.35|1832.65|1.38|4|6|天鹅股份,337|-1.74|1800.7|1.44|2|8|弘宇股份,226|1.52|1828.04|1.07|9|1|威马农机,92|-0.33|1821.99|1.25|3|7|弘宇股份,442|-3.59|1756.56|1.24|0|10|*ST新研,370|0.63|1767.6|0.86|7|3|威马农机,259|3.34|1826.69|1.14|10|0|大叶股份,245|-1.26|1803.65|1.01|1|9|弘宇股份,246|0.81|1818.22|1.11|8|1|*ST星农,310|-0.24|1813.78|1.14|3|6|*ST新研,280|0.50|1822.77|1.27|6|4|一拖股份,257|-0.51|1813.39|1.72|2|8|*ST新研,119|1.88|1847.46|2.30|10|0|*ST新研,187|0.30|1853.08|1.85|4|5|花溪科技,208|0.87|1869.16|1.60|8|2|花溪科技,258|-0.30|1863.56|1.37|3|7|*ST星农,395|-0.58|1852.68|1.61|2|8|丰安股份,293|-1.17|1830.94|1.37|2|8|弘宇股份
BK1405|其他专用设备,,,,,,,,,,,,,,,,,,,,,,,,,,,,,,,,,,,,,,,,,,,,,,,,,,,,,,,,,,,,,,,,,,,,,,,294|1.06|5999.95|3.23|68|21|乐惠国际,342|0.46|6027.52|2.88|52|38|中邮科技,86|1.07|6091.97|3.53|51|38|江顺科技,373|0.07|6096.28|3.18|39|48|南风股份,272|-2.20|5961.98|4.04|14|75|江顺科技,347|-3.77|5737.21|4.39|11|79|瑞星股份,284|-0.87|5687.08|3.09|28|62|百胜智能,68|1.90|5795.36|3.19|75|13|新益昌,311|1.15|5862|2.73|61|27|江顺科技,331|-1.35|5783.14|3.14|15|73|绿田机械,48|2.93|5952.36|3.11|85|4|江顺科技,277|-0.28|5935.42|2.94|26|60|大鹏工业,384|-1.34|5855.72|2.73|12|78|大鹏工业,300|-0.95|5799.85|2.53|21|68|中坚科技,206|0.34|5819.85|3.11|41|45|*ST新元,356|-2.33|5684.45|2.79|10|80|泰林生物,42|2.18|5808.52|2.70|72|18|深科达,325|-2.80|5645.77|2.70|7|82|江顺科技,244|-2.27|5517.5|3.00|14|76|大族数控,400|-5.98|5187.72|3.44|2|88|金马游乐,197|3.50|5369.04|2.92|86|4|东威科技,285|1.77|5464.05|2.77|81|8|江顺科技,341|-1.81|5365.35|2.27|7|82|燕麦科技,222|1.26|5433.01|2.17|73|14|乐惠国际,249|0.27|5447.77|2.20|46|42|江顺科技,260|-1.28|5377.84|2.53|21|68|金盾股份,73|2.36|5504.99|2.45|83|6|汇成真空,343|-1.97|5396.5|2.43|13|78|深科达,173|-1.87|5295.39|2.37|15|75|凌云光,155|1.72|5386.39|2.07|74|15|凯格精机,87|5.20|5666.31|3.05|88|3|芯碁微装,171|-0.90|5615.04|2.46|25|66|燕麦科技,114|1.26|5686.03|2.85|73|16|瀚川智能,184|0.38|5707.84|2.36|40|49|泰金新能,105|1.46|5791.21|2.65|63|27|泰金新能,302|-0.72|5749.66|2.58|23|67|金盾股份,190|1.56|5839.57|2.42|75|13|南兴股份,52|1.75|5941.63|3.08|61|29|三佳科技,230|0.78|5988.27|3.08|57|32|蜀道装备,312|-0.49|5958.78|2.74|31|58|三佳科技,80|1.19|6029.52|3.44|58|31|斯莱克,409|-1.98|5910.04|3.23|9|81|斯莱克
BK1406|印刷包装机械,,,,,,,,,,,,,,,,,,,,,,,,,,,,,,,,,,,,,,,,,,,,,,,,,,,,,,,,,,,,,,,,,,,,,,,248|1.29|2960.48|2.47|11|1|长荣股份,344|0.45|2973.88|2.29|8|4|华研精机,99|0.89|3000.34|3.13|7|4|长荣股份,445|-0.34|2990.13|3.05|4|8|长荣股份,440|-3.46|2886.79|4.21|0|12|鸿铭股份,298|-3.36|2789.65|3.86|2|10|凯腾精工,87|0.31|2798.19|2.67|7|5|鸿铭股份,65|1.94|2852.35|2.80|11|1|长荣股份,388|0.66|2871.23|1.84|7|5|炜冈科技,264|-1.04|2841.37|2.76|0|12|炜冈科技,105|2.37|2908.81|2.20|12|0|鸿铭股份,454|-1.14|2875.74|2.48|3|9|凯腾精工,467|-2.01|2817.92|2.83|1|11|东方精工,244|-0.62|2800.5|2.12|3|9|鸿铭股份,216|0.29|2808.56|1.61|7|5|鸿铭股份,355|-2.32|2743.48|1.88|0|12|达 意 隆,74|1.74|2791.08|1.68|10|2|鸿铭股份,369|-3.06|2705.7|1.96|0|12|炜冈科技,187|-1.96|2652.62|3.54|2|10|东方精工,144|-4.67|2528.69|3.91|1|11|炜冈科技,75|4.41|2640.28|3.27|12|0|鸿铭股份,352|1.45|2678.59|2.73|11|1|炜冈科技,100|-0.60|2662.63|4.70|4|8|达 意 隆,316|0.92|2687.15|3.52|9|3|达 意 隆,448|-1.06|2658.76|2.91|4|8|东方精工,298|-1.49|2619.02|3.40|3|9|爱司凯,139|1.95|2670.07|2.56|10|2|中亚股份,274|-1.66|2625.71|2.46|2|10|凯腾精工,234|-2.36|2563.8|2.23|3|9|达 意 隆,296|1.00|2589.5|1.99|7|4|长荣股份,101|5.00|2719.02|2.81|12|0|永创智能,202|-1.07|2689.83|2.48|2|10|炜冈科技,209|0.95|2715.39|2.38|10|2|爱司凯,381|-0.54|2700.76|1.64|3|9|华研精机,324|0.30|2708.91|2.09|8|4|东方精工,444|-1.66|2663.85|2.29|1|11|鸿铭股份,47|2.67|2735.1|3.12|11|1|达 意 隆,108|0.97|2761.51|2.76|8|3|春光智能,355|0.26|2768.76|2.45|7|3|凯腾精工,268|-0.32|2759.83|2.09|4|8|华研精机,82|1.17|2792.09|3.33|9|3|永创智能,465|-2.85|2712.42|2.91|0|12|春光智能
BK1407|工控设备,,,,,,,,,,,,,,,,,,,,,,,,,,,,,,,,,,,,,,,,,,,,,,,,,,,,,,,,,,,,,,,,,,,,,,,421|-0.04|6609.25|2.45|20|11|美德乐,301|0.61|6649.79|2.34|18|12|合康新能,136|0.56|6686.91|2.63|22|9|快克智能,466|-0.59|6647.47|2.18|10|21|乐创技术,384|-2.82|6459.67|3.88|3|28|合康新能,390|-4.34|6179.43|3.94|1|30|科瑞技术,217|-0.58|6143.38|2.65|10|20|宏英智能,60|2.01|6266.88|2.68|26|5|凯迪股份,383|0.72|6311.71|2.37|20|11|英威腾,320|-1.31|6229.33|2.96|9|22|合康新能,99|2.44|6381.47|2.30|30|1|正弦电气,209|-0.01|6380.81|2.91|12|19|海希通讯,419|-1.54|6282.77|2.24|4|27|海希通讯,371|-1.28|6202.34|2.10|4|27|汇川技术,309|-0.23|6188.13|2.39|15|16|赛腾股份,339|-2.20|6052.08|2.04|4|27|港迪技术,99|1.60|6148.78|1.85|26|5|科瑞技术,386|-3.17|5953.9|1.93|0|30|合康新能,259|-2.33|5814.96|2.28|2|28|海希通讯,341|-5.75|5480.73|2.77|0|31|禾川科技,403|2.44|5614.6|1.95|29|2|赛腾股份,175|2.23|5739.59|2.08|27|4|凯迪股份,411|-2.25|5610.6|1.74|2|29|禾川科技,239|1.21|5678.34|1.60|26|5|创世纪,318|-0.03|5676.66|1.43|15|14|科瑞技术,265|-1.32|5601.72|1.42|3|27|港迪技术,117|2.06|5717.31|1.53|29|1|捷昌驱动,362|-2.12|5596.32|1.63|2|29|科瑞技术,82|-1.34|5521.31|1.35|5|26|快克智能,345|0.75|5562.87|1.25|21|10|科瑞技术,57|5.62|5875.65|2.18|31|0|科瑞技术,224|-1.18|5806.59|2.04|5|26|博杰股份,117|1.26|5879.66|2.15|26|5|合康新能,161|0.47|5907.36|1.84|13|17|科瑞技术,128|1.24|5980.38|2.49|25|6|中控技术,331|-0.85|5929.3|2.10|8|23|科瑞技术,236|1.38|6010.99|2.32|27|2|英威腾,28|2.27|6147.24|4.46|24|7|科瑞技术,232|0.78|6195.23|3.75|20|11|大豪科技,395|-0.90|6139.34|2.95|7|24|科瑞技术,120|0.83|6190.23|2.50|22|8|博杰股份,439|-2.32|6046.81|2.92|3|28|博杰股份
BK1408|机器人,,,,,,,,,,,,,,,,,,,,,,,,,,,,,,,,,,,,,,,,,,,,,,,,,,,,,,,,,,,,,,,,,,,,,,,427|-0.10|9965.43|2.77|10|10|景业智能,440|-0.02|9963.09|1.91|8|12|绿的谐波,298|-0.54|9909.42|2.05|6|14|凯尔达,458|-0.48|9861.56|1.78|4|16|瑞松科技,456|-3.87|9480.23|2.56|0|20|瑞松科技,413|-4.59|9045.33|2.67|0|20|巨能股份,159|-0.27|9021.33|2.19|6|14|三丰智能,111|1.69|9174.22|1.84|19|1|雷赛智能,395|0.65|9233.4|1.33|15|5|埃夫特-U,388|-1.64|9081.91|1.93|1|19|派斯林,97|2.46|9305.02|1.62|20|0|瑞松科技,246|-0.18|9287.98|1.51|6|14|瑞松科技,437|-1.67|9132.46|1.31|2|18|瑞松科技,320|-1.05|9036.63|1.51|5|15|雷赛智能,186|0.41|9073.78|1.39|12|7|埃夫特-U,177|-1.10|8973.58|1.45|3|17|江苏北人,298|0.12|8984.57|1.28|11|8|景业智能,360|-3.01|8714.52|1.43|1|19|江苏北人,319|-2.57|8490.62|1.53|1|19|亿嘉和,199|-5.05|8062.05|2.20|0|20|江苏北人,379|2.61|8272.21|1.61|20|0|派斯林,274|1.80|8421.07|1.44|20|0|景业智能,257|-1.41|8302.49|1.58|4|16|拓斯达,420|0.46|8340.46|1.22|11|9|瑞松科技,391|-0.40|8307.39|1.08|4|15|绿的谐波,94|-0.45|8270.15|1.22|7|12|亿嘉和,58|2.57|8482.4|1.40|20|0|瑞松科技,201|-1.31|8370.89|1.15|2|18|瑞松科技,209|-2.17|8189.25|1.18|1|19|雷赛智能,446|0.06|8194.28|0.90|13|7|派斯林,69|5.50|8644.94|1.98|20|0|绿的谐波,410|-2.18|8456.49|1.29|1|19|景业智能,32|2.00|8625.93|1.53|20|0|鼎智科技,202|0.28|8650.35|1.08|9|10|瑞松科技,136|1.14|8749.24|1.31|18|2|瑞松科技,326|-0.85|8675.02|1.35|3|17|凯尔达,206|1.48|8803.42|2.06|18|2|三丰智能,61|1.58|8942.46|1.96|17|3|巨能股份,110|1.37|9065.07|1.87|13|7|江苏北人,215|-0.14|9052.56|2.20|8|12|三丰智能,67|1.31|9170.75|1.96|16|2|江苏北人,354|-1.63|9021.45|2.51|4|16|拓斯达
BK1409|激光设备,,,,,,,,,,,,,,,,,,,,,,,,,,,,,,,,,,,,,,,,,,,,,,,,,,,,,,,,,,,,,,,,,,,,,,,47|3.64|13878.19|5.58|8|2|华工科技,76|2.24|14188.83|6.91|6|4|德龙激光,2|6.25|15075.5|7.16|10|0|杰普特,183|0.89|15210.39|7.16|6|4|杰普特,52|1.45|15431.13|6.93|5|5|德龙激光,433|-4.84|14684.06|8.46|2|8|华工科技,25|2.09|14990.88|7.68|6|4|光韵达,16|3.24|15477.28|8.49|9|1|英诺激光,460|-0.80|15353|6.71|3|7|华工科技,476|-2.81|14922.31|7.72|2|8|华工科技,9|4.40|15578.68|6.35|10|0|大族激光,151|0.32|15628.64|6.52|4|6|华工科技,332|-1.11|15454.49|8.63|4|6|海目星,479|-3.15|14967.26|7.15|1|9|光韵达,203|0.36|15021.75|5.90|4|5|德龙激光,490|-4.62|14328.13|5.83|0|10|海目星,82|1.68|14569.19|4.78|8|2|德龙激光,383|-3.15|14110.29|5.58|1|9|华工科技,141|-1.61|13882.71|6.87|2|8|大族激光,394|-5.94|13058.67|5.78|0|10|德龙激光,308|2.97|13446.4|5.66|8|2|英诺激光,52|3.04|13855.02|5.34|10|0|联赢激光,382|-2.05|13570.86|5.59|1|9|海目星,34|3.23|14009.71|4.63|10|0|ST逸飞,365|-0.24|13975.54|3.60|5|5|杰普特,465|-3.50|13486.76|3.68|0|10|ST逸飞,27|3.55|13966.03|3.65|10|0|杰普特,344|-1.98|13689.08|3.48|1|9|光韵达,2|3.52|14171.5|4.97|8|2|锐科激光,448|0.06|14179.57|3.94|5|4|英诺激光,26|6.44|15092.93|6.46|10|0|大族激光,2|2.99|15543.61|7.81|7|3|大族激光,424|-0.07|15533.4|6.28|5|5|海目星,80|1.00|15689.38|5.67|6|4|华工科技,83|1.67|15951.96|7.14|7|3|大族激光,463|-1.98|15636.84|6.71|2|8|杰普特,109|1.94|15940.26|5.03|8|2|大族激光,6|3.90|16561.46|6.63|9|1|锐科激光,161|1.09|16741.91|6.71|5|5|联赢激光,24|1.79|17042.25|5.42|8|2|杰普特,27|2.18|17413.66|6.03|10|0|杰普特,453|-2.61|16959.69|6.77|1|9|大族激光
BK1410|其他自动化设备,,,,,,,,,,,,,,,,,,,,,,,,,,,,,,,,,,,,,,,,,,,,,,,,,,,,,,,,,,,,,,,,,,,,,,,378|0.44|6941.91|3.48|14|13|安达智能,246|0.78|6996.04|3.05|19|8|安达智能,65|1.47|7098.91|3.43|16|10|智立方,412|-0.16|7087.84|2.85|10|17|安达智能,174|-1.29|6996.23|3.36|8|19|博众精工,352|-3.86|6726.07|3.61|2|25|克来机电,208|-0.57|6687.91|2.67|9|18|东杰智能,49|2.12|6829.6|3.27|23|4|常辅股份,234|1.54|6934.99|3.01|19|7|田中精机,462|-2.55|6758.16|3.15|3|24|博众精工,42|3.01|6961.7|2.72|27|0|思泰克,321|-0.45|6930.2|3.07|8|19|博众精工,273|-0.85|6871.2|3.05|4|23|博众精工,195|-0.35|6846.83|2.80|9|17|常辅股份,385|-0.74|6796.11|2.97|13|13|东杰智能,412|-2.81|6605.14|3.32|6|21|田中精机,72|1.74|6720.05|2.80|23|4|劲拓股份,379|-3.13|6509.52|2.91|3|24|东杰智能,160|-1.74|6396.26|3.13|6|21|智立方,472|-6.74|5964.86|3.25|0|27|均普智能,203|3.47|6171.69|2.49|27|0|ST智云,84|2.72|6339.4|2.55|26|1|劲拓股份,110|-0.67|6296.91|2.47|8|19|智立方,66|2.42|6449.19|2.71|22|5|田中精机,339|-0.12|6441.54|2.10|11|14|田中精机,323|-1.64|6335.8|2.55|6|21|科捷智能,21|3.95|6585.82|2.88|25|2|智立方,135|-0.76|6535.94|2.65|9|18|欧克科技,7|0.75|6584.68|3.22|12|14|劲拓股份,385|0.53|6619.28|3.06|15|12|天准科技,78|5.31|6970.92|3.59|27|0|安达智能,55|-0.10|6963.68|3.05|9|18|田中精机,346|0.39|6991.16|2.71|19|8|奥普特,216|0.21|7005.99|2.79|14|13|智立方,230|0.71|7055.6|2.91|18|9|劲拓股份,128|0.10|7062.85|3.75|10|17|智云股份,150|1.74|7186.02|3.40|22|4|欧克科技,78|1.32|7281.04|3.56|17|9|欧克科技,286|0.52|7318.7|3.22|15|12|双元科技,158|0.13|7328.32|2.99|12|14|田中精机,432|-0.88|7263.67|3.51|14|13|智立方,475|-3.22|7029.64|3.62|1|26|瑞晟智能
BK1411|非金属材料Ⅲ,,,,,,,,,,,,,,,,,,,,,,,,,,,,,,,,,,,,,,,,,,,,,,,,,,,,,,,,,,,,,,,,,,,,,,,39|3.99|2038.12|4.17|12|0|力量钻石,78|2.21|2083.13|4.51|10|2|坤彩科技,118|0.69|2097.54|4.39|7|5|索通发展,358|0.13|2100.3|3.82|6|6|力量钻石,69|0.71|2115.17|4.53|6|6|秉扬科技,66|-0.57|2103.03|5.09|4|8|秉扬科技,457|-2.19|2056.93|3.76|3|9|坤彩科技,52|2.10|2100.22|3.91|8|4|石英股份,274|1.35|2128.63|4.49|6|5|联瑞新材,204|-0.74|2112.88|4.70|2|10|联瑞新材,18|3.81|2193.39|4.47|10|2|联瑞新材,190|0.13|2196.22|4.38|4|8|力量钻石,136|-0.14|2193.21|5.08|5|7|坤彩科技,414|-1.78|2154.26|3.63|3|9|索通发展,397|-0.94|2134.06|3.39|3|9|联瑞新材,475|-4.01|2048.45|3.14|0|12|龙高股份,392|-0.56|2036.97|3.23|6|6|坤彩科技,438|-3.79|1959.79|3.20|1|11|秉扬科技,165|-1.76|1925.24|2.60|2|9|宁新新材,210|-5.10|1826.99|3.08|1|11|坤彩科技,257|3.19|1885.35|2.61|12|0|联瑞新材,181|2.20|1926.81|2.91|12|0|索通发展,303|-1.65|1894.95|1.97|1|11|龙高股份,261|1.11|1916.03|1.86|10|2|联瑞新材,381|-0.33|1909.75|2.49|4|8|秉扬科技,280|-1.41|1882.83|2.47|1|11|坤彩科技,94|2.19|1924.08|2.54|12|0|联瑞新材,228|-1.46|1895.91|2.71|5|7|秉扬科技,137|-1.70|1863.69|2.31|2|10|联瑞新材,137|1.83|1897.83|2.68|12|0|石英股份,197|3.85|1970.96|3.17|12|0|索通发展,307|-1.64|1938.65|2.24|1|11|联瑞新材,83|1.47|1967.08|2.84|9|2|坤彩科技,84|0.98|1986.37|3.29|6|6|石英股份,292|0.45|1995.36|3.21|8|4|长江材料,130|0.10|1997.31|3.76|3|9|坤彩科技,138|1.79|2033|3.19|8|3|坤彩科技,4|3.92|2112.63|3.68|10|2|天马新材,365|0.23|2117.55|4.24|5|6|力量钻石,301|-0.45|2108.02|3.25|4|8|坤彩科技,18|2.44|2159.46|3.94|9|3|宁新新材,470|-3.08|2092.94|4.14|2|10|宁新新材
BK1412|氨纶,,,,,,,,,,,,,,,,,,,,,,,,,,,,,,,,,,,,,,,,,,,,,,,,,,,,,,,,,,,,,,,,,,,,,,,19|5.46|3127.03|1.01|1|0|华峰化学,333|0.48|3141.98|0.81|1|0|华峰化学,346|-0.71|3119.55|0.71|0|1|华峰化学,474|-0.88|3092.15|0.93|0|1|华峰化学,76|0.56|3109.59|1.02|1|0|华峰化学,483|-6.65|2902.78|1.10|0|1|华峰化学,47|1.03|2932.68|1.62|1|0|华峰化学,110|1.70|2982.51|0.86|1|0|华峰化学,380|0.75|3004.94|1.06|1|0|华峰化学,497|-6.80|2800.62|1.31|0|1|华峰化学,185|1.78|2850.45|1.06|1|0|华峰化学,17|2.88|2932.68|0.99|1|0|华峰化学,497|-5.86|2760.76|1.68|0|1|华峰化学,483|-3.43|2666.07|1.37|0|1|华峰化学,439|-1.59|2623.71|0.98|0|1|华峰化学,147|-0.95|2598.8|0.82|0|1|华峰化学,306|0.10|2601.29|0.52|1|0|华峰化学,484|-5.36|2461.76|1.04|0|1|华峰化学,104|-1.32|2429.37|1.09|0|1|华峰化学,49|-2.77|2362.09|1.12|0|1|华峰化学,260|3.16|2436.84|0.83|1|0|华峰化学,318|1.64|2476.71|0.98|1|0|华峰化学,8|1.81|2521.56|0.97|1|0|华峰化学,354|0.79|2541.49|0.76|1|0|华峰化学,16|3.33|2626.21|1.20|1|0|华峰化学,423|-2.66|2556.44|0.63|0|1|华峰化学,44|2.92|2631.19|0.91|1|0|华峰化学,203|-1.33|2596.31|0.48|0|1|华峰化学,83|-1.34|2561.43|0.36|0|1|华峰化学,22|4.28|2671.06|1.13|1|0|华峰化学,349|2.52|2738.33|1.26|1|0|华峰化学,21|0.82|2760.76|0.77|1|0|华峰化学,56|1.71|2808.1|0.68|1|0|华峰化学,406|-0.71|2788.17|0.92|0|1|华峰化学,496|-2.95|2705.94|0.94|0|1|华峰化学,64|0.74|2725.88|0.81|1|0|华峰化学,320|1.01|2753.28|0.89|1|0|华峰化学,490|-2.44|2686.01|0.64|0|1|华峰化学,35|2.41|2750.79|0.63|1|0|华峰化学,13|2.08|2808.1|0.91|1|0|华峰化学,34|1.86|2860.42|0.95|1|0|华峰化学,275|-1.05|2830.52|0.85|0|1|华峰化学
BK1413|涤纶,,,,,,,,,,,,,,,,,,,,,,,,,,,,,,,,,,,,,,,,,,,,,,,,,,,,,,,,,,,,,,,,,,,,,,,104|2.54|2177.7|2.65|9|1|三房巷,96|1.91|2219.37|2.49|10|0|优彩资源,478|-2.09|2172.91|2.87|3|5|华西股份,460|-0.49|2162.28|2.02|3|6|尤夫股份,180|-1.36|2132.96|3.23|2|7|新凤鸣,428|-4.73|2032.06|2.56|1|8|彩蝶实业,466|-2.25|1986.41|1.87|1|8|优彩资源,442|-0.84|1969.71|1.58|7|3|三房巷,36|3.22|2033.14|2.36|10|0|尤夫股份,444|-2.26|1987.21|2.42|2|8|天富龙,203|1.63|2019.63|1.84|9|1|新凤鸣,122|0.61|2031.95|1.64|6|3|新凤鸣,33|1.73|2067.1|3.31|8|2|三房巷,205|-0.42|2058.5|5.10|3|7|三房巷,24|2.34|2106.73|3.63|7|3|三房巷,13|1.47|2137.72|5.44|5|5|三房巷,68|1.78|2175.82|6.47|8|2|三房巷,485|-5.44|2057.48|7.99|0|10|华西股份,492|-5.01|1954.49|6.03|0|10|海 利 得,406|-6.01|1836.93|5.77|1|9|新凤鸣,278|3.09|1893.78|4.54|9|1|彩蝶实业,417|1.02|1913.03|3.77|6|4|新凤鸣,370|-1.95|1875.7|3.34|1|8|苏州龙杰,173|1.46|1903.15|3.21|9|1|三房巷,255|0.25|1907.89|2.68|6|4|彩蝶实业,376|-2.14|1867.07|2.44|0|10|海 利 得,128|2.02|1904.85|2.64|9|1|新凤鸣,399|-2.36|1859.89|1.91|0|10|天富龙,420|-3.38|1796.96|1.73|0|10|海 利 得,15|4.51|1877.92|2.10|10|0|尤夫股份,266|3.25|1938.91|3.78|10|0|优彩资源,121|-0.61|1927.13|2.57|2|8|优彩资源,153|1.17|1949.6|2.43|7|3|尤夫股份,457|-1.28|1924.62|2.39|2|8|三房巷,286|0.47|1933.74|1.87|6|4|汇隆新材,357|-0.97|1915.07|1.61|1|9|新凤鸣,168|1.67|1946.97|1.48|9|0|优彩资源,213|0.09|1948.66|2.35|4|4|华西股份,80|1.72|1982.16|2.59|8|0|苏州龙杰,236|-0.20|1978.19|2.05|5|5|新凤鸣,155|0.61|1990.3|2.04|4|6|汇隆新材,211|-0.75|1975.3|2.09|1|9|苏州龙杰
BK1414|锦纶,,,,,,,,,,,,,,,,,,,,,,,,,,,,,,,,,,,,,,,,,,,,,,,,,,,,,,,,,,,,,,,,,,,,,,,73|3.14|723.78|2.85|4|0|恒申新材,259|0.74|729.14|2.86|4|0|恒申新材,131|0.61|733.56|3.41|3|2|聚合顺,440|-0.31|731.32|2.87|2|2|华鼎股份,345|-2.62|712.13|2.80|0|5|神马股份,410|-4.57|679.61|3.43|0|5|海阳科技,104|0.16|680.67|2.57|2|3|神马股份,210|1.13|688.32|2.22|5|0|恒申新材,95|2.43|705.04|2.01|5|0|聚合顺,192|-0.70|700.1|3.24|1|4|神马股份,429|0.14|701.06|2.46|4|1|聚合顺,102|0.80|706.7|2.06|3|1|神马股份,37|1.43|716.83|3.64|4|1|海阳科技,361|-1.22|708.09|2.68|1|4|神马股份,321|-0.26|706.24|2.36|2|3|恒申新材,77|-0.43|703.2|2.15|3|2|海阳科技,389|-0.53|699.47|2.39|1|4|聚合顺,444|-3.87|672.38|2.35|0|5|华鼎股份,444|-3.45|649.19|2.24|0|5|恒申新材,372|-5.87|611.09|2.69|0|5|神马股份,232|3.32|631.37|1.89|5|0|恒申新材,313|1.66|641.82|1.46|5|0|华鼎股份,312|-1.69|631|1.35|0|5|聚合顺,99|2.03|643.82|1.60|5|0|神马股份,92|1.13|651.07|1.73|4|1|恒申新材,228|-1.18|643.37|1.46|1|4|聚合顺,288|1.23|651.29|1.50|4|1|神马股份,155|-0.96|645.02|1.70|1|4|神马股份,248|-2.40|629.53|1.58|0|5|神马股份,11|4.96|660.73|2.61|5|0|神马股份,466|0.63|664.87|3.64|4|1|聚合顺,16|1.07|671.96|3.83|3|2|神马股份,431|-0.14|671.02|2.59|3|2|华鼎股份,304|-0.19|669.73|2.23|3|2|神马股份,467|-0.89|663.76|1.88|1|2|海阳科技,434|-1.52|653.64|1.66|1|4|聚合顺,7|5.02|686.44|2.92|4|0|恒申新材,138|0.64|690.8|3.97|3|1|恒申新材,107|1.43|700.68|3.74|3|2|华鼎股份,139|0.22|702.21|2.49|3|1|恒申新材,213|0.36|704.71|2.63|3|2|聚合顺,221|-0.79|699.15|2.48|1|3|恒申新材
BK1415|其他化学纤维,,,,,,,,,,,,,,,,,,,,,,,,,,,,,,,,,,,,,,,,,,,,,,,,,,,,,,,,,,,,,,,,,,,,,,,216|1.53|3308.24|2.11|7|1|皖维高新,108|1.79|3367.4|3.12|7|1|吉林碳谷,302|-0.55|3348.86|2.44|4|4|双欣环保,455|-0.42|3334.66|1.86|4|4|中复神鹰,338|-2.61|3247.74|2.71|1|7|中复神鹰,460|-5.64|3064.72|3.07|0|8|双欣环保,117|0.04|3066.02|1.86|4|4|吉林碳谷,237|1.00|3096.77|1.74|6|1|双欣材料,224|1.58|3145.84|1.92|7|1|宝丽迪,251|-0.97|3115.32|3.25|1|7|双欣材料,225|1.55|3163.52|2.11|6|2|中复神鹰,6|4.69|3311.85|5.07|5|3|双欣材料,2|6.82|3537.84|9.81|7|1|中复神鹰,470|-2.85|3437.15|9.21|2|6|双欣材料,130|0.74|3462.57|6.37|5|3|中复神鹰,3|3.34|3578.31|5.79|4|4|双欣材料,435|-0.85|3547.84|5.87|3|5|中复神鹰,455|-4.02|3405.08|5.16|0|8|中复神鹰,486|-4.58|3249|4.11|0|8|同益中,42|-2.53|3166.72|4.52|3|5|中复神鹰,159|3.75|3285.57|3.50|8|0|中复神鹰,275|1.80|3344.65|3.25|8|0|吉林碳谷,423|-2.37|3265.35|2.80|1|7|宝丽迪,272|1.09|3301.07|3.26|7|1|双欣材料,323|-0.05|3299.46|2.70|5|3|中复神鹰,449|-3.16|3195.27|2.43|0|8|蒙泰高新,338|0.88|3223.53|2.09|7|1|双欣材料,407|-2.41|3145.91|2.01|0|8|吉林碳谷,304|-2.69|3061.36|1.94|0|8|蒙泰高新,56|3.00|3153.25|3.87|7|1|皖维高新,283|3.09|3250.66|3.34|7|1|中复神鹰,162|-0.84|3223.49|2.36|3|5|皖维高新,52|1.76|3280.32|2.82|6|2|宝丽迪,25|2.15|3350.78|3.26|7|1|宝丽迪,393|-0.07|3348.38|3.45|4|3|同益中,325|-0.83|3320.6|2.99|2|6|宝丽迪,23|3.30|3430.24|2.44|6|2|宝丽迪,11|3.61|3554.19|2.75|5|2|宝丽迪,15|3.28|3670.73|3.81|7|1|中复神鹰,333|-0.60|3648.64|3.09|2|6|蒙泰高新,136|0.73|3675.19|2.68|4|3|泰和新材,299|-1.24|3629.53|3.36|2|6|中复神鹰
BK1416|粘胶,,,,,,,,,,,,,,,,,,,,,,,,,,,,,,,,,,,,,,,,,,,,,,,,,,,,,,,,,,,,,,,,,,,,,,,42|3.88|2097.95|3.54|4|0|新乡化纤,43|3.30|2167.11|4.40|4|0|南京化纤,378|-0.87|2148.26|3.03|1|3|吉林化纤,364|0.12|2150.75|2.41|3|1|恒天海龙,362|-2.68|2093.16|4.18|1|3|新乡化纤,445|-5.10|1986.43|4.60|0|4|南京化纤,38|1.42|2014.7|3.77|3|1|新乡化纤,265|0.84|2031.72|2.81|3|1|恒天海龙,12|4.10|2114.95|3.83|4|0|恒天海龙,491|-3.36|2043.9|5.54|0|3|恒天海龙,7|4.55|2136.86|4.26|4|0|新乡化纤,27|2.25|2185.02|7.11|4|0|吉林化纤,40|1.24|2212.12|5.46|1|3|吉林化纤,35|0.95|2233.1|13.70|2|2|恒天海龙,15|2.89|2297.64|14.88|4|0|吉林化纤,180|-1.13|2271.7|15.06|1|3|吉林化纤,496|-4.48|2169.87|11.60|0|3|新乡化纤,456|-4.04|2082.15|9.00|0|3|恒天海龙,16|1.24|2107.97|7.78|2|1|恒天海龙,445|-6.27|1975.8|7.70|0|3|吉林化纤,3|6.92|2112.56|7.73|3|0|恒天海龙,117|2.50|2165.29|7.69|3|0|吉林化纤,272|-1.53|2132.21|6.44|1|2|恒天海龙,372|0.72|2147.48|4.86|2|1|吉林化纤,428|-0.68|2132.93|4.52|1|1|新乡化纤,44|0.19|2136.9|6.20|1|2|恒天海龙,377|0.63|2150.27|5.04|2|1|新乡化纤,480|-3.49|2075.15|4.73|0|3|吉林化纤,460|-3.97|1992.82|4.84|0|3|新乡化纤,10|5.12|2094.83|5.50|3|0|新乡化纤,120|4.67|2192.76|5.85|3|0|新乡化纤,14|1.17|2218.51|7.19|2|1|吉林化纤,417|0.01|2218.64|6.18|1|2|新乡化纤,137|0.62|2232.38|4.59|2|1|吉林化纤,489|-1.86|2190.79|4.46|0|3|恒天海龙,467|-2.07|2145.5|3.95|1|2|新乡化纤,358|0.79|2162.52|3.28|3|0|恒天海龙,49|1.83|2202.06|5.52|2|1|吉林化纤,9|4.34|2297.61|7.69|2|1|新乡化纤,463|-1.46|2263.97|5.35|0|3|新乡化纤,264|0.09|2266.12|4.20|1|2|新乡化纤,372|-1.75|2226.51|5.22|1|2|新乡化纤
BK1417|纯碱,,,,,,,,,,,,,,,,,,,,,,,,,,,,,,,,,,,,,,,,,,,,,,,,,,,,,,,,,,,,,,,,,,,,,,,22|5.28|1313.69|3.03|5|0|三友化工,52|2.96|1352.56|4.11|5|0|三友化工,188|0.14|1354.4|3.15|2|3|博源化工,346|0.18|1356.8|2.33|3|2|江盐集团,64|0.88|1368.72|4.75|3|2|山东海化,61|-0.38|1363.58|4.82|2|3|山东海化,483|-3.24|1319.41|3.21|0|5|双环科技,217|1.10|1333.88|3.22|4|1|博源化工,57|2.88|1372.27|3.46|5|0|山东海化,318|-1.30|1354.37|3.68|1|4|双环科技,472|-1.87|1329.11|2.73|0|5|江盐集团,4|5.13|1397.26|4.04|5|0|三友化工,190|-0.47|1390.71|4.15|2|3|江盐集团,403|-1.64|1367.87|3.31|2|3|双环科技,473|-2.57|1332.65|3.80|0|5|江盐集团,344|-2.23|1302.89|4.40|1|4|山东海化,475|-1.57|1282.39|3.26|1|4|博源化工,462|-4.28|1227.46|3.13|0|5|江盐集团,356|-2.77|1193.42|2.55|0|5|江盐集团,48|-2.76|1160.44|2.92|0|5|双环科技,432|2.01|1183.75|2.41|5|0|博源化工,229|1.98|1207.14|2.25|5|0|双环科技,57|-0.12|1205.72|2.06|2|3|博源化工,23|3.59|1249.05|2.69|4|1|山东海化,415|-0.57|1241.88|2.60|1|4|双环科技,405|-2.46|1211.27|1.87|0|5|博源化工,301|1.16|1225.32|1.61|4|1|三友化工,93|-0.35|1221.06|1.98|1|4|山东海化,236|-2.36|1192.19|2.60|1|4|博源化工,34|3.76|1236.96|2.52|5|0|三友化工,476|0.03|1237.34|2.74|3|2|博源化工,195|-1.05|1224.39|1.85|0|5|山东海化,444|-0.27|1221.13|1.51|2|3|江盐集团,143|0.59|1228.29|1.65|4|1|三友化工,490|-1.99|1203.88|2.08|0|5|江盐集团,414|-1.33|1187.87|1.73|1|3|博源化工,319|1.01|1199.84|1.62|5|0|山东海化,224|0.04|1200.37|1.93|2|3|山东海化,228|0.79|1209.82|2.46|2|3|山东海化,20|1.88|1232.51|2.77|4|1|博源化工,84|1.13|1246.47|2.49|3|2|双环科技,170|-0.52|1240.04|2.91|3|2|三友化工
BK1418|氯碱,,,,,,,,,,,,,,,,,,,,,,,,,,,,,,,,,,,,,,,,,,,,,,,,,,,,,,,,,,,,,,,,,,,,,,,67|3.25|2555.47|2.29|14|1|英 力 特,123|1.70|2598.88|2.76|13|2|新金路,373|-0.82|2577.53|2.02|2|12|航锦科技,114|1.45|2614.97|1.98|12|2|新金路,60|1.07|2642.97|2.66|8|6|新金路,417|-4.61|2521.17|3.07|0|15|镇洋发展,325|-1.03|2495.15|2.67|4|11|君正集团,194|1.21|2525.44|2.13|12|3|世龙实业,4|5.21|2656.97|3.86|15|0|亚星化学,193|-0.70|2638.27|5.17|6|9|航锦科技,486|-3.02|2558.7|3.58|1|14|镇洋发展,9|3.70|2653.36|3.74|13|2|中泰化学,39|1.25|2686.45|4.79|8|7|华塑股份,395|-1.58|2643.94|4.26|4|11|北元集团,465|-2.35|2581.87|3.49|1|14|英 力 特,337|-2.18|2525.55|2.80|0|15|华塑股份,325|-0.09|2523.24|2.68|5|10|航锦科技,436|-3.74|2428.99|2.81|0|15|航锦科技,419|-3.25|2350.09|2.44|1|14|新金路,35|-2.12|2300.19|3.12|3|12|新疆天业,442|1.82|2342.07|2.17|14|1|新金路,411|1.06|2367.01|2.11|11|4|航锦科技,56|-0.09|2364.97|2.58|7|7|华塑股份,38|3.14|2439.26|2.75|14|1|天原股份,390|-0.39|2429.82|2.35|6|9|新疆天业,413|-2.51|2368.82|1.87|1|14|氯碱Ｂ股,422|0.25|2374.86|1.68|11|4|北元集团,408|-2.42|2317.3|2.02|2|13|天原股份,408|-3.28|2241.3|1.87|0|15|新金路,21|4.31|2337.79|2.47|14|1|中泰化学,481|-0.46|2326.99|2.50|8|7|新金路,139|-0.70|2310.7|2.01|4|11|中泰化学,443|-0.25|2304.91|1.81|9|6|世龙实业,150|0.54|2317.39|1.71|10|5|航锦科技,407|-0.19|2313.03|1.72|6|8|天原股份,473|-2.17|2262.89|1.66|1|14|镇洋发展,282|1.16|2289.17|1.61|11|4|新金路,337|-0.52|2277.29|1.43|3|11|天原股份,375|0.19|2281.52|1.29|7|7|亚星化学,243|-0.24|2276.06|1.32|5|9|氯碱化工,311|-0.08|2274.2|1.35|6|9|天原股份,165|-0.48|2263.22|1.76|7|8|新疆天业
BK1419|煤化工,,,,,,,,,,,,,,,,,,,,,,,,,,,,,,,,,,,,,,,,,,,,,,,,,,,,,,,,,,,,,,,,,,,,,,,38|4.00|1889|1.50|10|0|金牛化工,204|0.98|1907.47|2.19|8|2|诚志股份,353|-0.74|1893.27|1.45|3|7|江苏索普,270|0.45|1901.77|1.48|6|2|鲁西化工,22|4.90|1994.93|3.51|10|0|金牛化工,23|2.25|2039.88|4.16|6|4|金牛化工,471|-2.70|1984.85|4.03|1|9|金牛化工,43|2.30|2030.44|3.96|7|3|金煤科技,35|3.24|2096.2|4.27|8|2|金牛化工,47|1.17|2120.83|6.43|7|2|宝丰能源,491|-3.45|2047.74|4.79|0|10|华谊B股,5|4.99|2149.99|4.37|10|0|金牛化工,4|4.70|2251.09|5.38|9|1|诚志股份,5|3.37|2326.88|6.59|7|3|江苏索普,412|-1.16|2299.97|6.42|2|8|金牛化工,331|-2.16|2250.32|5.20|1|9|金牛化工,436|-0.86|2231.03|3.76|4|6|诚志股份,105|-1.60|2195.32|5.62|2|7|金牛化工,484|-4.41|2098.56|4.19|0|10|华谊B股,7|1.81|2136.45|4.30|6|4|金煤科技,487|-0.60|2123.65|3.92|3|7|金煤科技,474|0.18|2127.37|4.00|5|4|金牛化工,3|2.27|2175.63|4.31|5|5|金煤科技,35|3.17|2244.6|4.03|8|1|金煤科技,322|-0.05|2243.51|5.02|5|5|江苏索普,480|-3.95|2154.85|4.14|0|10|华谊B股,473|-0.97|2133.91|3.39|5|5|江苏索普,37|0.62|2147.15|3.45|5|4|金煤B股,485|-4.74|2045.4|2.83|0|10|华谊B股,5|7.39|2196.54|3.65|10|0|诚志股份,491|-2.54|2140.67|4.37|2|8|金牛化工,8|1.42|2171.03|3.88|5|4|诚志股份,448|-0.34|2163.7|2.99|4|5|宝丰能源,166|0.46|2173.57|3.24|4|4|金煤科技,481|-1.50|2140.96|2.49|2|7|江苏索普,484|-2.65|2084.13|2.63|0|10|华谊集团,416|0.50|2094.58|1.97|6|3|华昌化工,431|-1.22|2068.94|2.09|4|5|诚志股份,483|-0.92|2050|2.45|4|6|诚志股份,174|0.06|2051.19|2.03|6|4|华昌化工,146|0.65|2064.62|2.42|4|6|诚志股份,24|1.80|2101.68|3.47|9|0|诚志股份
BK1420|其他化学原料,,,,,,,,,,,,,,,,,,,,,,,,,,,,,,,,,,,,,,,,,,,,,,,,,,,,,,,,,,,,,,,,,,,,,,,41|3.91|3807.75|2.77|16|1|江天化学,135|1.52|3865.79|3.27|14|2|奥克股份,296|-0.52|3845.52|2.52|5|11|三孚股份,276|0.41|3861.3|2.02|9|8|善水科技,83|0.27|3871.64|3.59|6|10|兴化股份,394|-4.42|3700.48|4.98|1|16|迪尔化工,176|-0.39|3686.1|3.22|6|11|三孚股份,425|-0.42|3670.65|3.25|7|10|*ST亚太,15|3.92|3814.36|3.76|16|1|卫星化学,296|-1.21|3768.02|4.78|4|12|卫星化学,449|-0.69|3741.96|3.45|6|11|三孚股份,15|3.10|3858.13|3.91|17|0|三孚股份,130|-0.09|3854.48|5.15|8|9|金能科技,115|0.11|3858.56|5.03|9|8|兴化股份,454|-2.00|3781.34|4.55|4|12|佳先股份,259|-1.60|3720.97|4.46|4|13|中毅达,426|-0.80|3691.34|3.25|6|11|三孚股份,231|-2.42|3602.01|3.76|3|14|兴化股份,477|-4.11|3453.91|3.76|0|17|*ST亚太,231|-5.22|3273.65|3.89|1|16|卫星化学,413|2.26|3347.59|2.98|16|1|奥克股份,241|1.94|3412.43|2.99|15|2|三孚股份,59|-0.14|3407.72|3.14|7|9|兴化股份,31|3.36|3522.31|4.15|16|1|维远股份,141|0.76|3549.24|4.31|8|9|维远股份,444|-3.04|3441.5|3.69|0|18|中毅达B,401|0.40|3455.39|2.62|12|6|恒光股份,126|-0.64|3433.2|2.52|7|11|三孚股份,466|-4.12|3291.77|2.99|1|17|三孚股份,6|6.38|3501.88|3.34|17|1|兴化股份,444|1.27|3546.19|3.77|14|3|凯盛新材,161|-0.83|3516.62|2.65|2|14|金能科技,432|-0.14|3511.55|2.04|9|8|迪尔化工,222|0.19|3518.19|2.43|10|7|卫星化学,408|-0.19|3511.48|3.55|10|8|奥克股份,470|-2.10|3437.64|3.18|1|17|维远股份,347|0.87|3467.62|2.64|13|5|三维化学,173|0.37|3480.53|2.60|8|10|佳先股份,385|0.16|3486.14|2.61|8|8|三孚股份,262|-0.31|3475.29|2.17|9|9|恒光股份,83|1.15|3515.2|2.56|12|5|奥克股份,75|0.38|3528.46|3.07|9|9|善水科技
BK1421|钛白粉,,,,,,,,,,,,,,,,,,,,,,,,,,,,,,,,,,,,,,,,,,,,,,,,,,,,,,,,,,,,,,,,,,,,,,,11|6.84|2205.76|3.98|6|0|金浦钛业,28|3.93|2292.4|5.84|6|0|金浦钛业,284|-0.47|2281.56|5.98|2|3|惠云钛业,43|2.65|2342.07|6.32|6|0|金浦钛业,130|-0.72|2325.23|5.90|3|3|鲁北化工,83|-0.93|2303.55|7.32|2|4|鲁北化工,431|-1.72|2264|4.81|0|6|安 纳 达,430|-0.54|2251.72|3.63|1|3|金浦钛业,17|3.86|2338.58|5.60|5|1|金浦钛业,489|-3.22|2263.23|6.31|0|6|安 纳 达,476|-2.07|2216.45|4.42|0|6|龙佰集团,3|5.58|2340.08|6.47|6|0|金浦钛业,404|-1.44|2306.39|7.47|1|5|金浦钛业,68|0.44|2316.55|6.05|2|2|安 纳 达,358|-0.50|2305.05|6.39|2|4|金浦钛业,334|-2.17|2254.92|4.91|0|6|龙佰集团,467|-1.34|2224.68|3.75|1|5|龙佰集团,475|-4.87|2116.35|4.34|0|6|钛能化学,487|-4.71|2016.68|3.32|0|6|龙佰集团,104|-4.06|1934.81|3.78|0|6|鲁北化工,371|2.64|1985.97|2.91|6|0|金浦钛业,338|1.53|2016.44|2.56|6|0|鲁北化工,346|-1.83|1979.44|2.19|0|6|鲁北化工,12|4.34|2065.38|3.02|6|0|鲁北化工,410|-0.50|2055.05|2.64|3|3|安 纳 达,463|-3.48|1983.56|2.68|0|6|安 纳 达,394|0.47|1992.92|1.89|5|1|惠云钛业,461|-3.06|1931.97|2.31|0|6|鲁北化工,433|-3.53|1863.74|2.18|1|5|龙佰集团,20|4.31|1944.01|2.27|6|0|安 纳 达,400|1.94|1981.66|2.33|5|1|钛能化学,315|-1.71|1947.7|1.56|0|6|鲁北化工,344|0.41|1955.69|1.50|4|2|安 纳 达,272|-0.05|1954.69|1.58|3|3|金浦钛业,353|0.16|1957.83|1.57|2|2|钛能化学,457|-1.87|1921.24|1.53|0|6|龙佰集团,91|2.10|1961.61|1.76|6|0|安 纳 达,50|1.82|1997.28|2.11|3|2|鲁北化工,90|1.64|2030.03|2.66|5|1|安 纳 达,204|-0.08|2028.35|2.26|3|3|安 纳 达,116|0.87|2045.92|1.90|4|1|安 纳 达,351|-1.61|2012.98|2.19|1|5|鲁北化工
BK1422|无机盐,,,,,,,,,,,,,,,,,,,,,,,,,,,,,,,,,,,,,,,,,,,,,,,,,,,,,,,,,,,,,,,,,,,,,,,31|4.21|3027.22|2.76|9|1|金瑞矿业,105|1.83|3082.62|3.32|10|0|振华股份,130|0.61|3101.5|2.74|6|4|振华股份,89|1.78|3156.6|2.89|8|2|金瑞矿业,30|3.16|3256.42|3.06|6|3|金瑞矿业,41|0.34|3267.54|4.90|3|7|金瑞矿业,102|0.19|3273.65|4.44|5|5|三祥新材,245|0.95|3304.67|3.74|6|4|振华股份,162|1.93|3368.46|3.88|8|2|大洋生物,486|-3.14|3262.57|4.01|1|9|鲁银投资,454|-0.78|3237.12|3.17|4|5|三祥新材,51|1.54|3286.86|4.33|7|3|中盐化工,83|0.34|3298.17|5.73|4|6|金瑞矿业,101|0.20|3304.89|4.74|3|7|红星发展,408|-1.07|3269.37|5.31|2|8|红星发展,69|-0.34|3258.09|4.92|2|8|红星发展,472|-1.53|3208.13|4.16|3|7|大洋生物,463|-4.33|3069.23|3.79|0|10|中盐化工,397|-3.11|2973.92|3.01|0|9|苏盐井神,117|-4.25|2847.53|3.62|1|9|中盐化工,448|1.72|2896.63|3.61|8|2|振华股份,369|1.35|2935.64|2.87|7|3|振华股份,286|-1.58|2889.21|2.60|2|8|苏盐井神,55|2.67|2966.44|3.60|9|1|鲁银投资,408|-0.49|2951.99|2.66|5|5|雪天盐业,452|-3.21|2857.19|2.57|0|10|雪天盐业,281|1.24|2892.61|1.97|8|2|三祥新材,256|-1.57|2847.18|1.66|1|9|红星发展,148|-1.78|2796.45|2.22|1|9|振华股份,35|3.71|2900.25|2.64|10|0|华融化学,374|2.20|2964.02|2.78|9|1|振华股份,118|-0.59|2946.48|2.11|3|7|红星发展,155|1.15|2980.3|2.55|5|5|雪天盐业,106|0.79|3003.95|3.38|4|6|雪天盐业,431|-0.36|2993.12|3.13|4|6|三祥新材,452|-1.76|2940.32|2.73|1|9|鲁银投资,40|2.85|3024.17|3.20|9|1|金瑞矿业,186|0.31|3033.44|2.69|5|5|华融化学,55|2.11|3097.3|3.56|7|3|三祥新材,66|0.96|3127.04|3.46|6|4|振华股份,121|0.81|3152.52|3.17|8|2|红星发展,289|-1.15|3116.17|3.03|3|7|鲁银投资
BK1423|纺织化学制品,,,,,,,,,,,,,,,,,,,,,,,,,,,,,,,,,,,,,,,,,,,,,,,,,,,,,,,,,,,,,,,,,,,,,,,220|1.50|1766.54|7.99|11|2|吉华集团,99|1.89|1799.88|8.73|11|2|德美化工,169|0.27|1804.74|10.04|5|8|德美化工,417|-0.19|1801.36|7.30|5|7|雅运股份,394|-2.93|1748.6|8.85|2|11|浙江龙盛,481|-6.59|1633.35|7.22|0|13|蓝宇股份,33|1.68|1660.74|7.36|12|1|闰土股份,418|-0.25|1656.59|5.15|5|8|德美化工,222|1.61|1683.18|4.27|10|3|吉华集团,109|-0.04|1682.59|6.35|3|10|锦鸡股份,401|0.45|1690.17|5.12|9|4|锦鸡股份,120|0.65|1701.21|5.69|6|7|闰土股份,485|-2.59|1657.19|5.52|1|12|锦鸡股份,394|-1.55|1631.57|4.57|2|11|福莱蒽特,286|-0.11|1629.85|4.43|7|6|福莱蒽特,384|-2.48|1589.39|3.21|0|13|蓝宇股份,139|1.16|1607.89|2.49|12|0|锦鸡股份,223|-2.39|1569.44|4.24|3|10|锦鸡股份,481|-4.19|1503.61|4.28|0|13|雅运股份,332|-5.71|1417.81|4.08|0|13|锦鸡股份,320|2.92|1459.22|3.03|13|0|福莱蒽特,94|2.63|1497.57|2.95|13|0|福莱蒽特,301|-1.64|1473.07|2.11|1|12|雅运股份,226|1.25|1491.47|2.07|10|2|亚邦股份,57|1.42|1512.67|2.31|10|3|锦鸡股份,251|-1.25|1493.82|2.01|2|11|雅运股份,145|1.90|1522.23|2.21|12|1|锦鸡股份,375|-2.19|1488.82|2.04|1|12|福莱蒽特,358|-2.93|1445.16|1.73|1|12|福莱蒽特,18|4.43|1509.24|2.43|13|0|亚邦股份,379|2.14|1541.51|2.62|11|1|锦鸡股份,104|-0.51|1533.69|3.13|4|8|闰土股份,269|0.72|1544.77|2.66|10|2|锦鸡股份,425|-0.87|1531.27|2.79|3|8|福莱蒽特,461|-0.76|1519.66|2.60|3|8|长联科技,129|0.10|1521.21|2.76|3|9|锦鸡股份,22|3.39|1572.81|2.71|12|0|锦鸡股份,452|-1.41|1550.56|3.03|4|8|蓝宇股份,416|-0.11|1548.93|2.40|7|5|雅运股份,22|1.83|1577.29|2.29|6|6|安诺其,50|1.61|1602.73|2.36|8|5|安诺其,32|1.34|1624.21|2.76|3|8|安诺其
BK1424|氟化工,,,,,,,,,,,,,,,,,,,,,,,,,,,,,,,,,,,,,,,,,,,,,,,,,,,,,,,,,,,,,,,,,,,,,,,195|1.69|14148.04|1.68|8|2|三美股份,115|1.74|14393.94|3.96|8|2|多氟多,195|0.09|14406.62|2.73|7|3|三美股份,192|0.84|14528.06|2.31|6|4|金石资源,77|0.55|14608.51|2.89|5|3|三美股份,416|-4.61|13935.74|2.85|0|10|巨化股份,190|-0.46|13872.17|1.87|4|6|昊华科技,323|0.53|13945.56|1.66|7|3|三美股份,220|1.61|14170.17|1.54|8|2|三美股份,399|-1.71|13928.26|2.20|3|7|ST联创,356|0.78|14036.44|1.73|9|0|永太科技,112|0.77|14143.82|2.62|6|4|多氟多,299|-0.96|14007.78|2.36|3|7|ST联创,279|-0.84|13889.63|2.44|2|8|永太科技,393|-0.87|13768.92|2.62|3|7|ST联创,350|-2.28|13455.5|2.31|0|10|巨化股份,420|-0.76|13353.39|1.97|3|6|ST联创,473|-4.64|12733.22|2.37|0|10|巍华新材,148|-1.67|12521.18|2.36|1|9|多氟多,101|-4.01|12018.82|2.29|0|10|多氟多,409|2.33|12299.41|2.00|10|0|永太科技,272|1.81|12522.18|1.79|10|0|中欣氟材,50|-0.02|12519.2|2.57|3|7|多氟多,122|1.86|12751.95|2.52|10|0|永太科技,196|0.49|12814.83|2.21|6|4|金石资源,380|-2.21|12531.91|1.65|0|10|巍华新材,208|1.61|12733.88|1.78|9|0|昊华科技,328|-1.88|12494.84|1.52|0|10|巍华新材,67|-1.18|12347.89|1.44|3|7|昊华科技,194|1.46|12528.45|1.39|10|0|昊华科技,343|2.59|12853.17|2.10|10|0|永太科技,214|-1.13|12707.95|1.76|0|10|昊华科技,285|0.67|12793.37|2.35|7|3|多氟多,284|-0.12|12778.61|2.29|6|4|ST联创,25|2.75|13130.63|3.20|8|2|多氟多,433|-1.51|12932.71|2.87|1|9|金石资源,365|0.77|13032.41|2.41|9|1|昊华科技,221|0.04|13038.23|2.04|4|5|ST联创,247|0.73|13133.16|2.19|7|2|永和股份,33|1.45|13323.4|3.30|7|3|多氟多,326|-0.19|13298.38|2.88|3|7|昊华科技,385|-1.80|13058.84|3.13|1|9|永太科技
BK1425|胶黏剂及胶带,,,,,,,,,,,,,,,,,,,,,,,,,,,,,,,,,,,,,,,,,,,,,,,,,,,,,,,,,,,,,,,,,,,,,,,124|2.30|3355.58|4.02|4|1|康达新材,339|0.47|3371.29|3.61|4|1|康达新材,139|0.54|3389.36|3.31|3|2|永冠新材,383|0.03|3390.39|3.19|3|2|永冠新材,380|-2.79|3295.71|3.89|0|5|聚胶股份,360|-4.00|3164.03|4.12|0|5|永冠新材,274|-0.84|3137.57|3.10|1|4|晶华新材,363|0.26|3145.83|3.20|3|1|康达新材,32|3.37|3251.84|6.03|5|0|永冠新材,281|-1.11|3215.76|5.27|1|4|晶华新材,45|2.96|3310.98|4.16|4|1|晶华新材,253|-0.21|3303.99|3.36|2|3|晶华新材,272|-0.85|3275.98|3.63|2|3|永冠新材,51|0.61|3295.94|8.20|3|2|康达新材,458|-2.15|3225.21|7.73|1|4|晶华新材,444|-3.20|3122.02|5.06|0|5|鹿山新材,114|1.41|3166.04|3.72|4|0|晶华新材,381|-3.14|3066.7|4.66|1|4|晶华新材,116|-1.41|3023.47|3.70|0|5|晶华新材,217|-5.13|2868.25|4.14|0|5|晶华新材,259|3.18|2959.4|4.06|5|0|聚胶股份,323|1.62|3007.24|3.77|5|0|永冠新材,239|-1.32|2967.58|2.96|0|4|聚胶股份,118|1.88|3023.23|3.33|5|0|永冠新材,175|0.58|3040.75|2.97|4|1|永冠新材,375|-2.10|2976.75|2.68|0|5|永冠新材,140|1.94|3034.59|2.63|5|0|鹿山新材,380|-2.24|2966.47|2.87|0|5|晶华新材,96|-1.44|2923.87|2.40|1|4|晶华新材,206|1.41|2965.12|2.80|4|1|康达新材,290|3.04|3055.15|3.42|5|0|鹿山新材,124|-0.64|3035.64|2.43|2|3|晶华新材,182|1.06|3067.68|2.76|5|0|鹿山新材,118|0.72|3089.8|3.29|3|2|永冠新材,77|1.78|3144.7|4.04|5|0|鹿山新材,248|-0.49|3129.44|3.54|2|3|聚胶股份,66|2.41|3204.73|3.47|4|1|聚胶股份,65|1.49|3252.56|4.46|3|2|康达新材,408|0.00|3252.65|3.89|2|3|聚胶股份,359|-0.72|3229.32|3.64|2|3|康达新材,138|0.71|3252.28|3.35|4|0|晶华新材,398|-1.89|3190.83|3.85|1|4|晶华新材
BK1426|聚氨酯,,,,,,,,,,,,,,,,,,,,,,,,,,,,,,,,,,,,,,,,,,,,,,,,,,,,,,,,,,,,,,,,,,,,,,,56|3.40|4465.37|3.89|8|1|红 宝 丽,80|2.16|4561.97|6.30|8|1|沧州大化,395|-0.97|4517.58|4.93|4|5|美思德,54|2.41|4626.33|5.36|6|3|沧州大化,213|-1.76|4544.97|4.89|2|7|沧州大化,406|-4.54|4338.83|4.89|0|9|一诺威,265|-0.80|4304.09|3.52|3|6|红 宝 丽,381|0.08|4307.7|2.65|6|3|高盟新材,13|4.04|4481.72|3.28|9|0|红 宝 丽,483|-2.94|4349.77|5.40|0|9|美思德,388|0.62|4376.62|3.34|5|4|美瑞新材,171|0.19|4384.85|5.29|3|6|沧州大化,205|-0.58|4359.57|5.20|2|6|同大股份,350|-1.20|4307.3|5.42|3|6|红 宝 丽,441|-1.65|4236.31|7.78|3|6|高盟新材,267|-1.64|4166.87|6.51|2|7|红 宝 丽,440|-0.89|4129.93|4.91|4|5|美思德,460|-4.16|3958.06|4.24|0|9|高盟新材,443|-3.43|3822.29|4.14|0|9|一诺威,129|-4.46|3651.84|3.67|0|9|红 宝 丽,358|2.76|3752.63|3.62|9|0|美思德,164|2.28|3838.32|3.61|9|0|万华化学,253|-1.39|3784.87|3.34|2|7|万华化学,127|1.77|3851.96|3.08|9|0|沧州大化,274|0.15|3857.76|2.83|5|4|沧州大化,324|-1.66|3793.85|2.43|1|8|一诺威,112|2.09|3873.05|2.27|9|0|万华化学,266|-1.61|3810.78|1.95|0|9|沧州大化,279|-2.54|3714.08|2.35|0|9|万华化学,23|4.28|3872.98|3.34|9|0|沧州大化,348|2.53|3971.06|3.00|9|0|高盟新材,231|-1.21|3922.96|2.01|2|7|万华化学,286|0.67|3949.26|1.79|7|2|同大股份,321|-0.28|3938.25|2.09|2|7|万华化学,389|-0.05|3936.4|2.06|5|4|同大股份,418|-1.35|3883.41|1.85|0|9|一诺威,245|1.34|3935.55|1.58|8|1|美思德,165|0.44|3952.88|1.77|3|4|同大股份,101|1.48|4011.55|2.01|8|1|美瑞新材,251|-0.29|4000|2.19|3|5|高盟新材,33|1.87|4074.76|2.06|5|4|同大股份,146|-0.39|4058.68|3.05|4|4|一诺威
BK1427|民爆制品,,,,,,,,,,,,,,,,,,,,,,,,,,,,,,,,,,,,,,,,,,,,,,,,,,,,,,,,,,,,,,,,,,,,,,,159|2.00|5253.68|2.59|10|2|北化股份,262|0.73|5292.12|2.64|9|3|雅化集团,349|-0.73|5253.55|3.05|6|6|壶化股份,173|0.93|5302.56|2.24|9|3|雅化集团,79|0.51|5329.47|3.78|5|7|北化股份,350|-3.80|5126.71|3.42|0|12|雪峰科技,79|0.38|5146.15|3.00|3|8|北化股份,325|0.52|5172.87|2.55|9|3|壶化股份,90|2.48|5301.02|2.98|11|1|同德化工,216|-0.81|5258.25|3.37|2|9|江南化工,423|0.24|5270.95|2.40|6|4|雅化集团,172|0.18|5280.67|2.31|6|5|北化股份,164|-0.31|5264.49|3.14|3|9|同德化工,108|0.16|5272.96|3.17|6|6|壶化股份,380|-0.71|5235.77|2.90|2|10|国泰集团,166|-1.06|5180.19|2.93|1|11|国泰集团,238|0.56|5209.3|2.42|6|5|北化股份,466|-4.40|4979.93|2.61|0|12|雪峰科技,97|-1.27|4916.51|2.41|3|9|北化股份,102|-4.05|4717.47|3.36|1|10|雪峰科技,341|2.85|4852.1|2.44|11|1|同德化工,157|2.32|4964.59|3.02|11|1|雪峰科技,25|0.55|4991.9|3.23|5|7|雅化集团,89|2.13|5098.23|3.21|11|1|雅化集团,143|0.74|5136.18|2.80|7|4|壶化股份,189|-1.02|5083.79|2.89|3|9|雪峰科技,317|1.01|5135.18|2.50|8|4|高争民爆,258|-1.57|5054.47|2.10|0|12|高争民爆,271|-2.52|4927.2|1.92|1|11|壶化股份,60|2.91|5070.5|2.66|9|3|保利联合,360|2.36|5190.37|3.13|10|2|雅化集团,183|-0.99|5138.74|2.57|3|9|北化股份,316|0.54|5166.66|2.48|5|7|雅化集团,47|1.38|5237.72|3.29|7|5|广东宏大,171|0.96|5288.14|2.72|7|5|同德化工,291|-0.66|5253.21|2.24|3|8|广东宏大,417|0.48|5278.56|2.33|9|4|雅化集团,352|-0.56|5248.8|2.75|4|7|国泰集团,413|-0.05|5246.27|2.28|7|6|北化股份,270|-0.33|5229|1.94|5|8|壶化股份,134|0.74|5267.53|1.99|7|6|同德化工,410|-1.98|5163.11|2.41|1|12|凯龙股份
BK1428|其他化学制品,,,,,,,,,,,,,,,,,,,,,,,,,,,,,,,,,,,,,,,,,,,,,,,,,,,,,,,,,,,,,,,,,,,,,,,80|2.97|4745.1|3.21|73|5|阿拉丁,86|2.09|4844.15|3.97|60|18|风光股份,211|-0.02|4843.26|3.47|39|38|新化股份,352|0.16|4851.13|3.08|39|38|元利科技,222|-1.83|4762.29|4.08|15|62|宏柏新材,268|-3.10|4614.64|4.78|11|67|瑞华技术,153|-0.23|4603.94|3.55|31|46|凌玮科技,179|1.28|4662.73|3.79|53|24|海新能科,73|2.65|4786.49|4.14|66|12|键邦股份,400|-1.72|4704.38|4.54|13|63|赞宇科技,307|1.09|4755.81|3.52|57|22|凌玮科技,154|0.28|4768.91|3.54|34|45|百川股份,206|-0.58|4741.36|4.55|23|55|百川股份,231|-0.57|4714.54|5.06|27|52|赞宇科技,285|-0.10|4709.64|4.31|39|39|宏柏新材,399|-2.62|4586.43|3.82|8|70|瑞丰新材,286|0.19|4595.08|3.45|46|33|呈和科技,387|-3.21|4447.72|3.84|6|73|正丹股份,451|-3.52|4291.25|3.55|3|76|山东赫达,214|-5.12|4071.55|4.00|6|73|杭氧股份,274|3.11|4198.2|3.45|71|7|宏柏新材,314|1.65|4267.52|2.83|73|6|宏柏新材,84|-0.46|4247.87|3.46|19|59|元利科技,74|2.31|4346.17|3.03|71|7|百川股份,364|-0.24|4335.79|3.55|32|45|山东赫达,381|-2.21|4239.94|2.97|6|72|山东赫达,182|1.74|4313.55|2.65|70|9|凌玮科技,259|-1.57|4245.73|2.34|14|65|瑞华技术,245|-2.40|4143.85|2.24|10|69|和远气体,39|3.53|4290.21|2.75|73|6|凌玮科技,339|2.67|4404.57|2.93|70|8|博苑股份,258|-1.35|4345.18|2.58|15|63|丰倍生物,143|1.19|4396.91|2.63|63|15|呈和科技,254|0.04|4398.65|2.37|30|48|凌玮科技,377|0.05|4400.81|2.32|39|39|呈和科技,274|-0.57|4375.6|2.14|17|60|键邦股份,129|1.81|4454.9|2.58|65|12|洪汇新材,124|0.77|4489.28|2.50|46|32|洪汇新材,271|0.58|4515.41|2.46|53|25|星华新材,109|0.42|4534.22|2.93|38|39|泰和科技,289|-0.02|4533.16|2.65|34|42|元利科技,128|-0.21|4523.83|3.42|25|53|怡达股份
BK1429|食品及饲料添加剂,,,,,,,,,,,,,,,,,,,,,,,,,,,,,,,,,,,,,,,,,,,,,,,,,,,,,,,,,,,,,,,,,,,,,,,177|1.84|2657.86|1.91|21|2|醋化股份,255|0.75|2677.89|2.67|14|9|兄弟科技,94|0.95|2703.37|2.47|13|11|金禾实业,413|-0.16|2699.15|1.83|12|11|XD安迪苏,249|-2.09|2642.83|2.51|3|21|安迪苏,175|-2.26|2583.09|3.19|6|18|新 和 成,331|-1.06|2555.73|2.07|3|21|金丹科技,322|0.54|2569.51|1.92|15|8|安迪苏,14|3.99|2672.12|2.72|22|2|亚香股份,198|-0.72|2652.84|2.60|6|17|亚香股份,373|0.71|2671.61|2.20|19|4|金丹科技,54|1.48|2711.05|2.89|12|11|安迪苏,76|0.47|2723.91|3.28|14|10|爱普股份,49|0.61|2740.55|2.59|13|11|安迪苏,84|1.07|2769.78|2.88|14|9|亚香股份,435|-3.09|2684.24|2.73|0|24|爱普股份,353|-0.29|2676.47|1.86|11|13|蔚蓝生物,316|-2.78|2602.19|2.12|2|22|安迪苏,279|-2.41|2539.45|1.95|1|23|醋化股份,378|-5.89|2389.86|2.63|2|22|安迪苏,283|3.06|2462.97|1.82|21|3|圣达生物,335|1.56|2501.31|1.73|21|3|金禾实业,142|-0.89|2479|1.43|5|19|百龙创园,57|2.62|2543.91|1.57|23|1|科拓生物,152|0.71|2561.96|1.81|16|6|新 和 成,326|-1.67|2519.14|1.61|4|20|莱茵生物,175|1.76|2563.44|1.45|22|2|华恒生物,86|-0.24|2557.38|1.64|12|12|金禾实业,284|-2.57|2491.53|1.63|3|21|安迪苏,82|2.49|2553.52|1.75|22|2|醋化股份,431|1.49|2591.55|2.25|20|4|百龙创园,206|-1.09|2563.36|1.78|8|16|百龙创园,362|0.31|2571.37|1.49|13|11|科拓生物,320|-0.28|2564.24|1.70|6|18|安迪苏,317|0.34|2572.86|1.57|15|9|科拓生物,234|-0.43|2561.75|1.82|13|11|华宝股份,277|1.19|2592.29|1.59|19|5|科拓生物,298|-0.28|2584.99|1.56|8|16|科拓生物,463|-0.55|2570.68|1.63|12|12|圣达生物,163|0.10|2573.31|1.59|13|11|安迪苏,363|-0.38|2563.63|2.64|11|13|华康股份,230|-0.83|2542.25|2.33|9|15|百龙创园
BK1430|涂料油墨,,,,,,,,,,,,,,,,,,,,,,,,,,,,,,,,,,,,,,,,,,,,,,,,,,,,,,,,,,,,,,,,,,,,,,,140|2.19|3811.69|2.84|13|3|*ST金泰,245|0.78|3841.5|3.33|11|5|世名科技,231|-0.20|3834|3.02|7|9|*ST金泰,395|-0.03|3832.85|2.75|7|8|渝三峡Ａ,235|-2.00|3756.2|3.99|2|14|东方材料,375|-4.20|3598.62|3.78|0|16|百合花,436|-1.79|3534.2|2.40|1|15|渝三峡Ａ,118|1.63|3591.88|2.23|15|1|东来技术,41|3.09|3702.92|2.79|16|0|百合花,360|-1.46|3648.72|2.58|2|14|信凯科技,131|2.15|3727.34|2.27|12|2|松井股份,418|-0.86|3695.45|2.28|3|12|麦加芯彩,218|-0.62|3672.51|2.60|6|10|信凯科技,65|0.47|3689.73|3.14|7|8|麦加芯彩,160|0.58|3711.03|2.89|11|4|世名科技,312|-2.00|3636.82|3.19|3|13|*ST金泰,210|0.78|3665.06|2.23|13|3|双乐股份,431|-3.65|3531.18|2.33|0|16|联合化学,418|-3.23|3417.11|2.65|0|16|联合化学,447|-6.29|3202.33|3.06|0|16|东来技术,65|4.45|3344.97|2.37|16|0|保立佳,289|1.75|3403.36|1.89|14|2|麦加芯彩,227|-1.24|3361.19|1.80|1|14|松井股份,108|1.96|3427.08|1.84|15|1|松井股份,380|-0.28|3417.37|1.94|6|9|飞鹿股份,347|-1.83|3354.99|1.96|1|14|杭华股份,238|1.43|3402.97|2.23|16|0|东方材料,308|-1.81|3341.28|1.96|1|15|杭华股份,124|-1.60|3287.8|2.21|3|13|东方材料,59|2.96|3385.24|2.75|14|3|世名科技,263|3.26|3495.7|2.93|17|0|松井股份,271|-1.45|3445.12|2.16|4|13|联合化学,263|0.75|3470.87|2.61|13|4|世名科技,194|0.33|3482.45|2.67|4|13|*ST金泰,189|0.86|3512.3|2.96|13|4|联合化学,125|0.11|3516.27|2.61|6|11|慧谷新材,166|1.67|3574.97|3.22|14|3|东方材料,129|0.71|3600.48|2.90|10|7|*ST金泰,106|1.45|3652.81|3.12|14|3|东来技术,27|1.66|3713.54|4.23|11|6|七彩化学,399|-0.63|3690.25|4.35|4|13|东方材料,277|-1.06|3651.07|3.33|5|12|麦加芯彩
BK1431|有机硅,,,,,,,,,,,,,,,,,,,,,,,,,,,,,,,,,,,,,,,,,,,,,,,,,,,,,,,,,,,,,,,,,,,,,,,55|3.43|3612.42|2.70|10|0|东岳硅材,14|4.82|3786.67|4.89|10|0|东岳硅材,257|-0.27|3776.45|4.05|3|7|新亚强,341|0.18|3783.32|3.09|5|4|ST宏达,195|-1.54|3725.15|2.80|1|9|新亚强,424|-4.67|3551.1|3.15|0|10|晨光新材,378|-1.27|3506.01|2.62|2|8|ST宏达,161|1.38|3554.31|2.49|8|2|硅宝科技,163|1.93|3622.8|2.57|8|2|晨光新材,419|-1.90|3553.81|2.44|1|9|新亚强,217|1.58|3609.93|2.38|8|2|硅宝科技,170|0.19|3616.93|3.23|7|3|东岳硅材,244|-0.71|3591.14|2.78|2|8|江瀚新材,381|-1.39|3541.18|2.47|1|8|合盛硅业,318|-0.25|3532.16|1.97|4|6|新亚强,454|-3.42|3411.21|2.00|0|10|ST宏达,192|0.88|3441.2|1.88|5|5|润禾材料,452|-4.00|3303.43|2.11|0|10|江瀚新材,305|-2.51|3220.5|1.70|1|9|江瀚新材,273|-5.46|3044.64|2.26|1|9|江瀚新材,279|3.09|3138.81|1.69|10|0|晨光新材,128|2.44|3215.46|1.62|10|0|晨光新材,241|-1.32|3172.93|1.53|2|8|ST宏达,119|1.87|3232.3|1.27|8|1|新亚强,404|-0.45|3217.63|1.27|4|6|集泰股份,314|-1.58|3166.65|1.34|2|8|回天新材,211|1.59|3217.02|1.24|10|0|润禾材料,383|-2.26|3144.38|1.26|0|10|回天新材,178|-1.90|3084.63|1.34|2|8|东岳硅材,4|7.39|3312.57|2.72|10|0|东岳硅材,388|2.06|3380.91|4.81|10|0|东岳硅材,267|-1.42|3332.83|2.90|3|7|晨光新材,139|1.20|3372.84|2.41|9|1|集泰股份,56|1.29|3416.3|3.68|7|3|合盛硅业,404|-0.15|3411.22|2.59|5|4|回天新材,410|-1.28|3367.4|2.05|2|8|晨光新材,210|1.46|3416.69|2.10|9|1|集泰股份,211|0.16|3422.08|2.17|6|4|江瀚新材,51|2.14|3495.34|3.20|10|0|东岳硅材,493|-2.10|3421.98|2.62|3|7|新亚强,268|0.07|3424.49|2.09|5|5|新亚强,291|-1.17|3384.59|2.89|1|9|ST宏达
BK1432|氮肥,,,,,,,,,,,,,,,,,,,,,,,,,,,,,,,,,,,,,,,,,,,,,,,,,,,,,,,,,,,,,,,,,,,,,,,18|5.89|2130.96|3.50|6|0|湖北宜化,24|4.09|2218.11|4.36|6|0|赤天化,464|-1.72|2179.91|4.81|1|5|四川美丰,17|3.71|2260.7|3.74|6|0|四川美丰,16|5.95|2395.21|6.87|5|1|赤天化,52|-0.16|2391.28|11.80|4|2|潞化科技,89|0.29|2398.25|8.76|3|3|泸天化,490|-4.28|2295.63|6.58|0|6|湖北宜化,2|5.54|2422.88|6.90|6|0|赤天化,13|2.32|2479.11|9.49|5|1|赤天化,475|-2.06|2427.92|9.62|1|5|赤天化,7|4.04|2525.94|9.14|6|0|华鲁恒升,18|2.66|2593.23|9.67|4|2|潞化科技,2|5.00|2722.97|10.40|5|1|潞化科技,327|-0.29|2715.09|14.57|2|4|赤天化,6|2.30|2777.51|14.57|3|3|潞化科技,495|-4.31|2657.85|11.87|1|5|华鲁恒升,457|-4.12|2548.44|10.14|0|6|四川美丰,494|-5.66|2404.13|8.32|1|5|四川美丰,27|-1.45|2369.31|9.43|3|3|湖北宜化,489|-0.64|2354.07|7.99|1|5|赤天化,439|0.75|2371.75|6.73|4|2|四川美丰,40|0.17|2375.79|7.64|3|3|四川美丰,8|4.66|2486.44|8.46|6|0|赤天化,305|0.03|2487.29|8.32|3|3|华鲁恒升,494|-5.84|2342.12|6.64|0|6|华鲁恒升,468|-0.69|2326.06|4.76|2|4|华鲁恒升,195|-1.28|2296.2|4.66|1|5|泸天化,489|-5.43|2171.45|4.63|0|6|华鲁恒升,3|8.67|2359.65|5.52|6|0|潞化科技,483|-0.73|2342.31|6.57|2|4|赤天化,46|0.02|2342.79|5.10|2|4|潞化科技,486|-1.59|2305.47|3.57|1|5|湖北宜化,46|1.38|2337.2|4.15|6|0|四川美丰,482|-1.50|2302.11|3.52|1|5|泸天化,492|-3.44|2222.97|3.36|0|6|四川美丰,337|0.92|2243.48|3.03|5|1|湖北宜化,433|-1.26|2215.29|3.19|1|5|四川美丰,386|0.16|2218.78|2.62|3|2|赤天化,25|1.79|2258.56|4.48|6|0|四川美丰,148|0.65|2273.26|3.91|4|2|湖北宜化,67|0.53|2285.28|5.34|4|2|赤天化
BK1433|复合肥,,,,,,,,,,,,,,,,,,,,,,,,,,,,,,,,,,,,,,,,,,,,,,,,,,,,,,,,,,,,,,,,,,,,,,,16|6.47|3890.45|6.33|10|0|金正大,33|3.62|4031.28|5.30|9|0|金正大,272|-0.38|4016.02|3.91|2|8|金正大,79|1.90|4092.47|15.37|7|3|金正大,161|-1.16|4044.83|14.78|4|6|芭田股份,179|-2.29|3952.34|12.13|2|8|农大科技,32|1.72|4020.39|9.27|8|2|新洋丰,481|-2.40|3924|8.13|1|9|云图控股,3|5.35|4134.09|7.90|10|0|金正大,272|-1.07|4090.02|13.67|2|8|金正大,467|-1.57|4025.85|9.14|1|9|天禾股份,65|1.26|4076.7|9.14|7|2|农大科技,115|0.03|4078.03|8.55|3|7|红四方,3|4.34|4254.93|8.47|9|1|金正大,467|-2.43|4151.59|15.47|2|8|金正大,26|0.71|4181.26|13.68|3|7|金正大,453|-1.09|4135.5|13.28|3|7|新洋丰,472|-4.61|3944.79|10.75|1|9|红四方,476|-4.08|3783.83|8.87|1|9|史丹利,72|-3.35|3657.2|7.87|1|9|云图控股,467|0.83|3687.55|7.68|6|4|天禾股份,315|1.65|3748.35|6.10|10|0|云图控股,234|-1.28|3700.46|6.08|1|9|史丹利,30|3.38|3825.68|5.04|10|0|金正大,36|1.91|3898.77|9.27|9|0|金正大,475|-3.75|3752.59|6.37|0|10|红四方,385|0.59|3774.64|5.10|8|2|富邦科技,327|-1.87|3703.88|5.50|1|9|金正大,483|-4.66|3531.35|5.47|0|10|芭田股份,25|4.17|3678.54|5.78|10|0|金正大,449|1.23|3723.81|6.56|9|1|芭田股份,180|-0.97|3687.68|4.75|2|8|云图控股,152|1.17|3730.88|3.88|9|1|云图控股,230|0.15|3736.62|4.11|3|6|ST司特,428|-0.35|3723.71|3.89|3|7|云图控股,435|-1.53|3666.7|3.79|2|8|芭田股份,175|1.63|3726.52|3.18|9|1|ST司特,379|-0.79|3696.96|3.34|2|8|农大科技,262|0.62|3720.02|5.03|6|4|金正大,192|-0.05|3718.31|3.26|6|4|史丹利,13|2.93|3827.2|5.54|9|1|史丹利,111|-0.09|3823.81|5.68|3|6|农大科技
BK1434|钾肥,,,,,,,,,,,,,,,,,,,,,,,,,,,,,,,,,,,,,,,,,,,,,,,,,,,,,,,,,,,,,,,,,,,,,,,59|3.32|2873.63|1.60|4|0|盐湖股份,184|1.07|2904.44|1.93|3|1|东方铁塔,37|2.00|2962.41|2.75|2|2|盐湖股份,338|0.19|2967.93|1.92|2|2|东方铁塔,25|4.34|3096.88|2.11|2|2|东方铁塔,436|-4.90|2945.28|2.50|0|4|东方铁塔,107|0.12|2948.73|1.75|3|1|亚钾国际,164|1.35|2988.56|1.42|2|2|亚钾国际,245|1.49|3032.96|1.42|2|2|亚钾国际,62|0.79|3056.9|2.32|3|1|盐湖股份,462|-1.05|3024.74|1.51|2|2|藏格矿业,130|0.50|3039.85|1.23|1|3|亚钾国际,181|-0.41|3027.24|1.29|2|2|亚钾国际,8|2.55|3104.41|2.36|3|1|东方铁塔,496|-5.89|2921.61|2.50|1|3|藏格矿业,422|-2.89|2837.06|1.88|0|4|藏格矿业,418|-0.76|2815.54|1.44|2|2|亚钾国际,489|-6.02|2645.92|2.27|0|4|亚钾国际,14|1.38|2682.42|2.14|4|0|盐湖股份,31|-1.95|2630.18|2.01|0|4|盐湖股份,84|4.26|2742.33|2.01|4|0|藏格矿业,259|1.85|2793.14|1.87|4|0|藏格矿业,114|-0.71|2773.43|1.59|2|2|亚钾国际,5|5.28|2919.78|2.42|4|0|亚钾国际,303|0.04|2920.85|1.73|2|2|东方铁塔,483|-4.14|2799.87|2.20|0|4|藏格矿业,296|1.17|2832.55|1.56|3|1|藏格矿业,70|-0.01|2832.21|1.34|2|2|盐湖股份,155|-1.80|2781.19|0.96|0|4|藏格矿业,295|1.01|2809.41|1.06|3|1|东方铁塔,308|2.90|2890.77|1.60|4|0|藏格矿业,47|0.00|2890.9|1.29|2|2|东方铁塔,476|-0.84|2866.58|1.36|2|2|东方铁塔,196|0.33|2876.03|1.62|2|2|盐湖股份,494|-2.46|2805.15|2.37|2|2|藏格矿业,424|-1.40|2765.94|1.76|1|3|亚钾国际,14|3.74|2869.32|1.90|4|0|藏格矿业,492|-2.64|2793.63|1.85|0|4|盐湖股份,430|-0.19|2788.23|1.52|2|2|藏格矿业,48|1.14|2819.88|1.23|2|2|东方铁塔,338|-0.24|2813|1.57|1|3|藏格矿业,431|-2.26|2749.49|1.51|0|4|藏格矿业
BK1435|磷肥及磷化工,,,,,,,,,,,,,,,,,,,,,,,,,,,,,,,,,,,,,,,,,,,,,,,,,,,,,,,,,,,,,,,,,,,,,,,4|10.06|3861.56|4.69|9|0|澄星股份,4|9.03|4210.44|6.57|9|0|澄星股份,142|0.49|4230.92|11.88|3|6|澄星股份,289|0.37|4246.74|8.21|6|3|六国化工,90|0.20|4255.13|7.77|4|5|宏达股份,475|-6.51|3978.01|7.21|0|9|和邦生物,40|1.35|4031.57|5.53|6|3|川金诺,461|-1.49|3971.61|4.47|1|8|澄星股份,10|4.17|4137.15|5.87|9|0|六国化工,327|-1.33|4082.16|6.02|1|8|六国化工,466|-1.33|4027.89|4.47|2|7|宏达股份,62|1.28|4079.54|5.97|7|2|六国化工,38|1.27|4131.29|7.42|6|2|和邦生物,6|2.74|4244.46|10.23|7|2|川金诺,489|-3.74|4085.6|8.01|1|8|六国化工,364|-2.35|3989.42|6.07|2|7|川金诺,487|-2.83|3876.51|4.67|1|8|宏达股份,482|-5.33|3669.91|4.54|0|9|川发龙蟒,449|-3.51|3541.23|3.71|1|8|云天化,37|-2.36|3457.65|4.55|3|6|兴发集团,483|0.07|3460.07|4.01|4|5|宏达股份,123|2.48|3545.73|3.77|8|1|川恒股份,366|-1.92|3477.49|2.99|0|9|川恒股份,9|4.53|3635.12|4.42|9|0|六国化工,124|0.89|3667.53|4.16|8|1|和邦生物,460|-3.40|3542.81|3.51|1|8|宏达股份,427|0.14|3547.68|2.43|5|3|川金诺,341|-1.93|3479.19|2.21|1|8|川恒股份,216|-2.22|3401.95|2.28|2|7|宏达股份,58|2.97|3503.08|2.82|6|3|六国化工,375|2.20|3580.09|3.21|8|1|宏达股份,24|0.64|3602.91|4.18|4|5|和邦生物,414|0.03|3603.94|3.10|4|5|澄星股份,289|-0.13|3599.42|2.96|5|4|六国化工,215|0.78|3627.43|2.69|6|3|澄星股份,474|-2.18|3548.52|2.67|1|8|宏达股份,78|2.24|3628.05|2.72|9|0|宏达股份,409|-1.02|3590.91|3.52|3|6|和邦生物,326|0.37|3604.11|3.48|5|3|和邦生物,332|-0.60|3582.43|4.67|5|3|云天化,153|0.62|3604.73|3.07|6|3|澄星股份,317|-1.35|3556.01|3.44|2|7|兴发集团
BK1436|农药,,,,,,,,,,,,,,,,,,,,,,,,,,,,,,,,,,,,,,,,,,,,,,,,,,,,,,,,,,,,,,,,,,,,,,,37|4.02|3601.51|2.67|33|1|美邦股份,211|0.95|3635.77|3.31|26|7|贝斯美,198|0.07|3638.21|2.94|14|20|广康生化,133|1.21|3682.15|2.96|24|7|利民股份,258|-2.13|3603.63|2.96|2|31|国光股份,329|-3.58|3474.76|3.16|2|32|绿亨科技,72|0.49|3491.92|2.59|18|15|红太阳,422|-0.33|3480.57|2.68|14|19|美邦股份,7|4.30|3630.29|3.66|33|1|利民股份,436|-2.11|3553.8|3.31|3|31|广信股份,427|0.22|3561.79|2.34|15|15|广康生化,63|1.28|3607.45|2.73|24|10|江山股份,63|0.83|3637.47|3.57|20|14|安道麦A,80|0.32|3649.15|3.75|20|12|广康生化,438|-1.57|3591.8|3.33|5|26|利民股份,406|-2.70|3494.95|2.59|1|33|泰禾股份,366|-0.39|3481.23|2.23|13|21|百傲化学,459|-4.14|3337.12|2.63|0|34|海利尔,312|-2.54|3252.24|2.05|1|32|广康生化,164|-4.87|3093.86|2.43|0|34|江山股份,359|2.76|3179.2|2.08|30|4|百傲化学,174|2.23|3249.98|1.80|32|1|中旗股份,150|-0.95|3219.16|1.63|7|25|广信股份,28|3.43|3329.66|1.91|34|0|苏利股份,24|2.41|3409.93|2.32|32|2|中农联合,426|-2.67|3318.81|2.14|1|33|联化科技,257|1.35|3363.72|1.66|29|5|湖南海利,196|-1.29|3320.49|1.43|7|27|广康生化,274|-2.53|3236.64|1.43|2|32|苏利股份,14|4.62|3386.21|2.06|32|1|新安股份,467|0.62|3407.12|2.38|25|8|百傲化学,169|-0.90|3376.54|1.76|8|26|广康生化,333|0.48|3392.8|1.75|21|12|红太阳,399|-0.65|3370.77|1.72|8|24|苏利股份,282|0.49|3387.32|1.72|15|14|苏利股份,419|-1.35|3341.57|1.70|7|27|诺 普 信,357|0.80|3368.18|1.59|29|5|广康生化,444|-1.37|3322.18|1.84|7|27|绿亨科技,431|-0.20|3315.45|1.71|14|16|蓝丰生化,185|-0.01|3315.21|1.96|14|17|江山股份,324|-0.17|3309.59|1.93|15|19|长青股份,224|-0.80|3282.98|1.71|13|21|国光股份
BK1437|改性塑料,,,,,,,,,,,,,,,,,,,,,,,,,,,,,,,,,,,,,,,,,,,,,,,,,,,,,,,,,,,,,,,,,,,,,,,292|1.08|7071.43|2.62|16|5|ST泉为,144|1.44|7173.38|2.84|19|3|美联新材,141|0.50|7209.28|3.03|13|9|沃特股份,208|0.72|7261.3|2.52|11|11|聚石化学,401|-3.03|7041.58|3.49|1|21|杭州高新,342|-3.69|6781.46|3.59|2|20|国恩股份,289|-0.89|6720.98|2.20|5|17|杭州高新,212|1.11|6795.9|2.06|18|4|骏鼎达,317|1.13|6872.96|1.69|17|4|海正生材,337|-1.38|6778.38|2.24|2|20|星辉环材,100|2.44|6943.71|1.99|21|1|骏鼎达,337|-0.52|6907.62|2.16|7|15|奇德新材,232|-0.67|6861.58|2.35|6|16|富恒新材,232|-0.57|6822.48|2.20|6|16|江苏博云,212|0.32|6844.08|2.16|12|10|沃特股份,388|-2.53|6671.16|2.33|4|18|江苏博云,197|0.85|6728.04|1.85|17|5|聚赛龙,427|-3.60|6485.72|2.10|1|21|江苏博云,382|-2.96|6294.06|2.04|0|22|杭州高新,311|-5.62|5940.59|4.45|1|21|金发科技,195|3.50|6148.28|3.63|21|1|ST泉为,193|2.16|6281.37|2.80|21|1|ST泉为,77|-0.31|6262|2.69|7|15|银禧科技,198|1.36|6347.07|2.04|16|6|星辉环材,314|-0.02|6345.78|2.05|13|9|星辉环材,89|-0.41|6319.69|2.01|3|19|星辉环材,62|2.47|6475.5|2.05|21|1|星辉环材,161|-1.00|6410.56|2.02|4|18|星辉环材,89|-1.38|6322|1.90|4|18|星辉环材,167|1.61|6423.63|1.77|17|4|美联新材,152|4.31|6700.54|2.80|21|1|聚石化学,261|-1.36|6609.48|2.08|5|17|道恩股份,334|0.47|6640.67|2.00|16|4|杭州高新,145|0.57|6678.69|2.08|15|7|星辉环材,134|1.16|6756.15|3.21|14|7|美联新材,406|-1.21|6674.15|2.30|4|18|南京聚隆,128|1.82|6795.46|2.25|17|4|银禧科技,63|1.52|6899.05|3.02|16|6|禾昌聚合,79|1.72|7017.94|3.73|13|7|普利特,431|-1.17|6935.79|3.25|7|14|沃特股份,32|1.89|7066.72|3.28|19|2|江苏博云,359|-1.67|6948.49|3.21|5|17|海正生材
BK1438|合成树脂,,,,,,,,,,,,,,,,,,,,,,,,,,,,,,,,,,,,,,,,,,,,,,,,,,,,,,,,,,,,,,,,,,,,,,,111|2.48|9052.37|6.07|13|0|双象股份,118|1.73|9208.61|9.76|7|6|神剑股份,72|1.33|9331.54|8.03|10|3|蓝晓科技,405|-0.11|9320.81|6.10|5|8|仁信新材,276|-2.22|9113.66|7.11|1|12|圣泉集团,374|-4.19|8731.66|6.67|1|12|蓝晓科技,205|-0.54|8684.83|4.11|5|8|博菲电气,75|1.87|8847.28|4.45|11|2|惠柏新材,186|1.79|9005.82|4.31|10|3|上纬新材,410|-1.83|8841.23|4.06|1|12|兴业股份,26|3.50|9151.03|3.74|13|0|上纬新材,214|-0.03|9148.1|6.61|5|8|神剑股份,145|-0.20|9129.55|6.20|6|7|仁信新材,102|0.20|9147.8|5.49|7|6|争光股份,409|-1.10|9047.41|3.87|3|10|中研股份,419|-2.87|8787.45|4.53|1|12|惠柏新材,161|1.07|8881.9|3.83|10|3|圣泉集团,461|-4.18|8510.75|3.37|1|12|光华股份,201|-2.02|8338.61|3.75|2|11|上纬新材,226|-5.20|7905.09|4.28|0|13|仁信新材,186|3.53|8184.47|3.33|12|1|仁信新材,281|1.78|8330.19|2.86|12|1|双象股份,306|-1.66|8192.24|5.58|1|12|神剑股份,75|2.29|8379.98|8.49|13|0|神剑股份,75|1.23|8483.23|7.41|8|5|神剑股份,184|-0.97|8400.73|6.48|2|11|神剑股份,66|2.42|8603.8|12.72|12|1|上纬新材,354|-2.05|8427.39|10.65|1|12|神剑股份,117|-1.57|8294.93|10.08|2|11|圣泉集团,65|2.75|8522.74|8.92|11|2|圣泉集团,228|3.58|8827.85|7.39|11|2|神剑股份,300|-1.58|8688.18|10.94|3|10|蓝晓科技,367|0.26|8711.05|10.43|9|3|中研股份,376|-0.51|8666.26|10.24|5|7|圣泉集团,323|0.30|8692.47|9.95|10|3|惠柏新材,173|-0.19|8675.82|10.50|2|11|神剑股份,108|1.95|8844.65|14.89|12|1|仁信新材,62|1.56|8982.41|12.29|10|3|上纬新材,482|-0.90|8901.57|11.83|8|5|神剑股份,95|0.60|8955.36|12.08|6|7|神剑股份,81|1.17|9060.17|11.89|9|4|争光股份,445|-2.40|8843.16|11.52|2|11|圣泉集团
BK1439|膜材料,,,,,,,,,,,,,,,,,,,,,,,,,,,,,,,,,,,,,,,,,,,,,,,,,,,,,,,,,,,,,,,,,,,,,,,158|2.01|3675.94|5.98|16|4|道明光学,114|1.75|3740.18|5.74|16|4|东材科技,123|0.66|3764.86|5.14|9|9|东材科技,199|0.77|3794.02|4.89|13|7|瑞华泰,405|-3.04|3678.8|4.95|1|19|斯迪克,397|-4.46|3514.8|5.15|1|19|中仑新材,161|-0.28|3504.85|3.30|7|12|和顺科技,45|2.28|3584.69|3.97|18|2|沃顿科技,426|0.28|3594.56|3.43|11|9|唯赛勃,89|0.26|3603.91|4.63|8|11|乐凯胶片,30|3.42|3727.21|4.47|19|1|道明光学,90|0.91|3761.16|6.17|11|9|佛塑科技,123|-0.06|3758.93|5.71|6|14|双星新材,264|-0.74|3730.94|5.17|8|11|东材科技,275|-0.07|3728.49|5.33|8|11|道明光学,385|-2.49|3635.65|4.68|3|17|新广益,213|0.74|3662.6|3.90|16|4|唯赛勃,458|-4.13|3511.34|3.78|0|20|道明光学,315|-2.55|3421.69|4.44|3|17|佛塑科技,203|-5.05|3248.83|5.18|2|18|佛塑科技,262|3.15|3351.33|4.12|20|0|唯赛勃,113|2.51|3435.41|4.34|18|2|国风新材,216|-1.19|3394.36|5.05|6|14|大东南,95|2.07|3464.73|7.38|16|4|大东南,132|0.81|3492.88|8.83|12|7|乐凯胶片,362|-1.97|3423.99|8.30|4|16|大东南,234|1.48|3474.75|7.57|15|4|斯迪克,247|-1.52|3421.78|8.52|4|16|大东南,147|-1.78|3360.94|9.21|4|16|瑞华泰,119|2.03|3429.29|8.34|17|3|唯赛勃,160|4.19|3573.13|8.20|19|1|泛亚微透,363|-1.95|3503.52|6.87|2|18|斯迪克,162|1.13|3543.05|7.15|13|6|大东南,55|1.29|3588.82|9.07|15|5|佛塑科技,173|0.94|3622.73|7.81|13|7|浙江众成,230|-0.41|3607.86|8.21|5|15|乐凯胶片,149|1.75|3670.88|6.64|17|3|大东南,12|3.39|3795.19|9.72|17|3|和顺科技,329|0.35|3808.6|8.40|11|8|斯迪克,160|0.12|3813.25|7.45|9|10|国风新材,267|0.08|3816.13|6.73|12|8|唯赛勃,480|-3.36|3688.02|8.03|1|19|和顺科技
BK1440|其他塑料制品,,,,,,,,,,,,,,,,,,,,,,,,,,,,,,,,,,,,,,,,,,,,,,,,,,,,,,,,,,,,,,,,,,,,,,,151|2.08|4927.46|2.44|19|3|天洋新材,69|2.30|5040.61|3.86|20|2|横河精密,89|1.03|5092.52|3.03|13|9|万朗磁塑,247|0.56|5120.91|2.46|11|10|英科再生,262|-2.14|5011.4|3.05|3|18|英科再生,356|-3.93|4814.43|3.07|1|21|英科再生,224|-0.62|4784.73|2.34|5|16|肯特股份,100|1.75|4868.51|2.53|20|2|祥源新材,91|2.46|4988.33|2.37|21|1|英科再生,284|-1.13|4932.2|2.98|5|17|万凯新材,94|2.47|5053.86|3.02|19|3|万凯新材,76|1.12|5110.66|2.99|13|8|瑞丰高材,153|-0.27|5096.65|4.72|8|14|瑞丰高材,357|-1.21|5035.05|3.81|4|18|肯特股份,36|1.84|5127.8|4.20|14|8|瑞丰高材,426|-2.96|4976.1|3.75|3|19|至正股份,94|1.62|5056.62|3.42|16|6|唯科科技,266|-2.57|4926.79|2.97|3|19|英科再生,278|-2.41|4808.22|3.50|4|19|唯科科技,451|-6.31|4504.67|3.18|1|22|祥源新材,216|3.39|4657.45|2.45|21|2|祥源新材,111|2.51|4774.48|2.50|21|2|唯科科技,178|-1.04|4724.87|3.61|3|20|沧州明珠,277|1.07|4775.48|2.84|19|4|润阳科技,79|1.21|4833.36|2.51|15|8|万凯新材,368|-2.02|4735.88|2.57|5|18|万朗磁塑,154|1.88|4824.72|2.24|19|4|万朗磁塑,339|-1.92|4732.21|2.25|2|21|万朗磁塑,160|-1.82|4646.09|2.53|5|18|万凯新材,165|1.65|4722.57|2.32|17|5|华润材料,241|3.47|4886.25|2.62|23|0|横河精密,255|-1.32|4821.85|2.15|5|17|唯科科技,102|1.33|4885.75|2.57|18|5|祥源新材,122|0.71|4920.49|2.57|10|12|万凯新材,256|0.61|4950.32|2.58|15|8|*ST艾艾,158|-0.13|4943.75|2.38|7|16|万朗磁塑,297|1.10|4998.25|2.76|19|4|瑞丰高材,36|2.15|5105.54|5.32|14|9|沧州明珠,231|0.78|5145.6|6.71|13|9|唯科科技,403|-0.95|5096.77|5.53|10|13|英科再生,123|0.80|5137.74|5.27|12|10|宁波色母,380|-1.78|5046.06|4.44|5|18|英科再生
BK1441|其他橡胶制品,,,,,,,,,,,,,,,,,,,,,,,,,,,,,,,,,,,,,,,,,,,,,,,,,,,,,,,,,,,,,,,,,,,,,,,247|1.29|5468.12|3.36|12|2|天铁科技,382|0.28|5483.25|2.55|7|6|科创新源,162|0.33|5501.09|2.58|8|6|科创新源,331|0.22|5513.11|2.62|8|6|海达股份,106|-0.15|5505.05|3.36|3|11|科创新源,81|-0.91|5454.93|3.59|5|8|中裕科技,468|-2.34|5327.02|2.53|3|10|震安科技,304|0.68|5363.1|2.78|10|4|天铁科技,340|1.02|5418.03|2.42|9|5|三维股份,223|-0.86|5371.55|2.71|3|10|元创股份,180|1.82|5469.33|2.23|13|1|科创新源,192|0.13|5476.38|3.07|6|8|利通科技,288|-0.92|5426.2|2.43|2|12|元创股份,364|-1.23|5359.63|2.25|2|11|科创新源,236|0.21|5371.07|1.93|9|5|科创新源,322|-2.11|5257.75|2.04|0|14|海达股份,157|1.10|5315.6|4.06|9|4|科创新源,346|-2.93|5159.87|3.41|1|13|元创股份,105|-1.32|5091.59|2.90|3|11|元创股份,444|-6.27|4772.49|3.93|0|14|三 力 士,366|2.68|4900.5|2.93|14|0|震安科技,384|1.26|4962.03|2.48|11|3|科创新源,282|-1.57|4884.26|2.16|3|10|三维股份,317|0.91|4928.92|2.28|7|6|科创新源,291|0.09|4933.35|2.67|8|7|利通科技,395|-2.37|4816.57|2.38|3|12|科强股份,335|0.91|4860.39|2.38|11|4|利通科技,150|-0.90|4816.54|2.89|6|8|中裕科技,191|-2.00|4720.32|2.93|3|12|三维股份,414|0.34|4736.16|2.40|10|5|三 力 士,162|4.18|4934|2.69|15|0|科创新源,247|-1.26|4871.69|2.31|3|12|元创股份,23|2.26|4981.75|2.10|14|1|利通科技,121|0.71|5017.3|2.39|8|7|震安科技,223|0.75|5055.1|2.66|7|8|震安科技,150|-0.10|5050.1|2.39|6|9|利通科技,85|2.18|5160.05|3.49|13|1|天铁科技,23|2.41|5284.37|3.77|10|5|利通科技,268|0.59|5315.73|2.87|12|3|三维装备,480|-1.70|5225.16|2.58|2|13|悦龙科技,217|0.34|5242.93|2.26|10|5|震安科技,396|-1.86|5145.29|3.15|2|13|天铁科技
BK1442|炭黑,,,,,,,,,,,,,,,,,,,,,,,,,,,,,,,,,,,,,,,,,,,,,,,,,,,,,,,,,,,,,,,,,,,,,,,142|2.17|2144.69|1.79|5|1|龙星科技,64|2.58|2200.05|3.16|6|0|黑猫股份,303|-0.56|2187.81|2.70|2|4|联科科技,309|0.29|2194.18|1.91|4|2|远翔新材,421|-3.26|2122.6|2.70|0|6|确成股份,226|-2.70|2065.33|2.95|1|5|联科科技,352|-1.16|2041.35|2.01|1|5|龙星科技,70|1.90|2080.08|1.83|6|0|联科科技,124|2.21|2125.96|1.79|5|1|龙星科技,26|1.88|2165.99|4.32|4|2|黑猫股份,428|0.19|2170|3.29|2|4|远翔新材,11|3.62|2248.64|3.71|6|0|联科科技,49|0.98|2270.76|4.30|5|1|联科科技,81|0.30|2277.66|5.78|4|2|黑猫股份,416|-1.18|2250.72|5.59|2|4|远翔新材,428|-2.97|2183.85|3.53|1|5|确成股份,293|0.15|2187.09|2.32|2|4|联科科技,289|-2.67|2128.7|3.22|1|5|联科科技,496|-5.98|2001.44|4.26|0|6|远翔新材,63|-3.09|1939.63|4.05|0|6|永东股份,384|2.58|1989.68|3.46|5|1|远翔新材,356|1.43|2018.23|2.18|5|1|联科科技,115|-0.71|2003.9|2.05|2|4|联科科技,17|4.06|2085.2|3.93|6|0|黑猫股份,432|-0.81|2068.27|2.98|2|4|联科科技,451|-3.19|2002.21|2.30|0|6|龙星科技,198|1.64|2035.09|2.17|4|1|确成股份,307|-1.80|1998.51|1.83|0|6|黑猫股份,383|-3.12|1936.13|2.52|0|6|远翔新材,38|3.63|2006.32|2.25|5|1|龙星科技,318|2.82|2062.81|3.75|6|0|确成股份,323|-1.76|2026.46|2.59|1|5|远翔新材,429|-0.14|2023.72|2.10|3|3|确成股份,383|-0.56|2012.46|1.78|2|4|黑猫股份,420|-0.31|2006.15|2.58|2|4|黑猫股份,239|-0.44|1997.27|2.35|2|4|黑猫股份,275|1.20|2021.3|1.83|5|1|远翔新材,438|-1.30|1995.11|1.80|1|4|远翔新材,323|0.37|2002.52|1.44|5|1|远翔新材,443|-1.24|1977.74|1.86|4|2|永东股份,145|0.66|1990.86|1.61|4|2|确成股份,251|-0.92|1972.45|1.78|1|4|确成股份
BK1443|橡胶助剂,,,,,,,,,,,,,,,,,,,,,,,,,,,,,,,,,,,,,,,,,,,,,,,,,,,,,,,,,,,,,,,,,,,,,,,61|3.30|4741.33|3.25|2|0|彤程新材,183|1.10|4793.29|3.10|1|1|阳谷华泰,96|0.93|4837.67|2.81|2|0|彤程新材,488|-1.27|4776.11|2.41|1|1|阳谷华泰,133|-0.76|4739.88|2.56|0|2|彤程新材,186|-2.43|4624.78|4.45|1|1|阳谷华泰,374|-1.24|4567.6|2.66|0|2|彤程新材,246|0.94|4610.32|2.19|2|0|阳谷华泰,413|0.37|4627.16|1.93|1|1|阳谷华泰,496|-4.06|4439.3|2.84|0|2|阳谷华泰,204|1.63|4511.69|2.27|1|1|彤程新材,249|-0.19|4503.09|2.11|1|1|阳谷华泰,90|0.25|4514.21|2.61|1|1|阳谷华泰,13|1.96|4602.8|3.73|2|0|阳谷华泰,21|2.39|4712.96|6.57|1|1|阳谷华泰,493|-4.76|4488.43|3.95|0|2|阳谷华泰,390|-0.53|4464.59|3.29|1|1|彤程新材,359|-3.00|4330.49|2.76|0|2|彤程新材,325|-2.60|4218.01|3.06|0|2|阳谷华泰,490|-7.63|3896.23|3.69|0|2|彤程新材,445|1.77|3965.15|2.07|2|0|阳谷华泰,101|2.58|4067.63|1.81|2|0|彤程新材,425|-2.38|3970.99|1.40|0|2|彤程新材,36|3.16|4096.51|2.06|2|0|阳谷华泰,267|0.19|4104.15|1.65|1|1|彤程新材,472|-3.63|3955.19|1.60|0|2|彤程新材,55|2.67|4060.72|1.26|2|0|阳谷华泰,454|-2.97|3940.23|1.19|0|2|彤程新材,66|-1.18|3893.93|1.17|1|1|彤程新材,104|2.21|3980.17|1.29|2|0|阳谷华泰,125|4.59|4163.02|1.87|2|0|彤程新材,6|1.61|4230.05|3.29|1|1|阳谷华泰,298|0.63|4256.55|3.19|1|1|阳谷华泰,463|-1.36|4198.86|1.96|1|1|彤程新材,24|2.78|4315.73|2.48|2|0|阳谷华泰,460|-1.93|4232.28|1.84|0|2|彤程新材,323|1.00|4274.4|1.42|2|0|阳谷华泰,24|2.40|4377.12|2.53|2|0|阳谷华泰,433|-0.21|4368.06|2.35|0|2|阳谷华泰,166|0.10|4372.43|2.12|1|1|彤程新材,36|1.81|4451.61|2.65|2|0|彤程新材,378|-1.78|4372.39|3.23|1|1|彤程新材
BK1444|IT服务Ⅲ,,,,,,,,,,,,,,,,,,,,,,,,,,,,,,,,,,,,,,,,,,,,,,,,,,,,,,,,,,,,,,,,,,,,,,,464|-1.19|10098.42|5.63|38|94|*ST云创,449|-0.08|10090.3|5.25|72|58|航天宏图,111|0.73|10164.14|6.00|65|67|华胜天成,55|2.41|10408.66|7.11|117|16|新炬网络,441|-3.46|10048.21|6.50|13|120|科远智慧,447|-5.15|9530.39|6.31|6|127|中远海科,133|-0.09|9522.07|4.26|56|78|*ST云创,84|1.82|9695.06|5.17|112|22|神州信息,127|2.19|9907.65|4.88|119|13|美利云,16|2.19|10124.66|6.58|91|40|优刻得-W,308|1.09|10235.16|6.30|108|25|博睿数据,442|-0.99|10134.31|5.45|25|108|南网数字,348|-1.21|10011.67|5.17|22|111|宏景科技,465|-2.75|9736.11|4.86|13|121|浪潮软件,161|0.58|9792.27|3.78|86|47|城地香江,368|-2.39|9558.66|3.72|8|122|东方国信,16|3.08|9852.97|4.23|129|5|美利云,60|-0.99|9755.7|4.35|24|110|美利云,489|-4.75|9292.01|4.82|0|134|ST智知,294|-5.57|8774.33|4.54|7|127|*ST云创,347|2.81|9020.66|3.86|125|7|真视通,104|2.54|9249.83|4.09|129|5|大位科技,447|-2.67|9002.63|3.65|15|119|万达信息,331|0.84|9078.42|2.92|100|33|天亿马,200|0.47|9121.27|3.23|72|59|海峡创新,288|-1.44|8989.63|3.16|22|110|海量数据,137|1.96|9166.17|3.43|112|21|美利云,462|-3.08|8883.69|3.17|5|127|海峡创新,168|-1.86|8718.14|3.10|18|114|君逸数码,439|0.13|8729.1|2.61|75|57|天玑科技,17|6.95|9335.92|4.64|134|0|大位科技,422|-2.28|9123.43|3.82|15|119|宏景科技,283|0.68|9185.9|3.49|91|40|志晟信息,243|0.10|9194.69|3.32|57|71|东方国信,115|1.43|9326.48|3.72|110|22|税友股份,321|-0.83|9249.5|3.51|21|110|杰创智能,25|3.16|9542.08|4.43|126|7|真视通,264|-0.16|9526.68|3.80|41|92|品高股份,222|0.81|9603.82|3.90|83|48|皖通科技,489|-1.96|9415.23|3.64|14|118|浩云科技,53|1.60|9566.22|4.90|105|28|金证股份,302|-1.26|9445.54|4.52|26|108|佳华科技
BK1445|安防设备,,,,,,,,,,,,,,,,,,,,,,,,,,,,,,,,,,,,,,,,,,,,,,,,,,,,,,,,,,,,,,,,,,,,,,,368|0.57|5427.69|1.59|17|9|安联锐视,386|0.25|5441.17|1.40|14|11|中威电子,138|0.54|5470.63|1.83|15|11|凯旺科技,361|0.12|5477.14|1.37|12|12|视声智能,197|-1.55|5392.51|1.80|5|21|中润光学,220|-2.66|5249.27|2.05|6|20|中润光学,183|-0.42|5227.44|1.40|9|16|视声智能,27|2.70|5368.8|1.70|23|3|联合光电,371|0.81|5412.55|1.29|19|7|*ST声迅,70|0.61|5445.54|1.49|10|16|熙菱信息,29|3.44|5632.7|1.71|25|2|觅睿科技,194|0.13|5639.75|1.38|10|17|觅睿科技,140|-0.18|5629.67|1.52|12|15|凯旺科技,389|-1.51|5544.5|1.36|6|20|中润光学,282|-0.09|5539.52|1.21|14|12|凯旺科技,197|-1.28|5468.84|1.17|6|20|觅睿科技,132|1.25|5537.42|1.19|21|6|中润光学,256|-2.52|5397.87|1.22|3|24|罗普特,311|-2.54|5260.89|1.25|2|24|中润光学,419|-6.13|4938.14|1.68|1|26|ST英飞拓,182|3.56|5114.04|1.18|26|1|中润光学,180|2.20|5226.64|0.99|26|1|中润光学,254|-1.40|5153.23|1.09|4|23|中润光学,401|0.58|5183.16|0.82|19|8|中威电子,188|0.53|5210.42|0.94|14|12|中威电子,274|-1.37|5138.98|0.84|5|22|佳缘科技,96|2.18|5251.26|0.73|26|1|中润光学,269|-1.62|5165.98|1.19|4|23|ST英飞拓,55|-1.05|5111.79|0.98|4|23|中润光学,347|0.75|5150.01|0.81|18|9|熙菱信息,86|5.20|5417.7|1.33|27|0|宇瞳光学,156|-0.79|5374.63|1.19|7|20|宇瞳光学,167|1.10|5433.63|1.66|22|5|罗普特,223|0.19|5443.76|1.25|11|16|萤石网络,191|0.85|5490.12|2.27|19|8|佳缘科技,216|-0.35|5470.65|1.70|8|19|凯旺科技,171|1.64|5560.52|1.81|25|2|中威电子,131|0.69|5598.89|1.80|13|14|觅睿科技,103|1.48|5681.68|2.32|20|6|力鼎光电,384|-0.83|5634.24|1.63|7|20|中威电子,96|1.02|5691.81|1.46|20|7|中润光学,379|-1.78|5590.39|1.44|5|22|熵基科技
BK1446|其他计算机设备,,,,,,,,,,,,,,,,,,,,,,,,,,,,,,,,,,,,,,,,,,,,,,,,,,,,,,,,,,,,,,,,,,,,,,,412|0.08|9426.67|3.04|32|30|古鳌科技,315|0.55|9478.37|3.37|35|28|同辉信息,117|0.70|9545.07|3.32|36|26|锐明技术,207|0.73|9614.3|3.55|42|20|御银股份,382|-2.82|9343.37|4.31|9|53|依米康,412|-4.58|8915.1|4.35|2|61|同辉信息,232|-0.65|8857.31|2.65|15|47|朗科科技,92|1.79|9015.65|2.82|57|6|诺瓦星云,304|1.19|9123.2|2.40|51|12|朗科科技,94|0.17|9138.42|3.64|29|34|智微智能,102|2.39|9356.81|3.61|60|3|浩瀚深度,331|-0.49|9310.52|4.04|14|48|御银股份,201|-0.53|9260.74|4.22|19|43|金溢科技,433|-2.18|9058.65|3.97|11|51|旋极信息,76|1.19|9166.24|3.31|40|23|盛视科技,392|-2.55|8932.48|3.14|4|59|朗科科技,26|2.60|9164.96|3.23|56|7|同有科技,113|-1.78|9002.27|3.33|7|56|唐源电气,458|-3.73|8666.22|3.54|2|61|同辉信息,345|-5.78|8165.63|3.65|3|60|汇金股份,245|3.24|8430.24|3.31|56|6|优博讯,300|1.71|8574.1|3.17|56|7|卡莱特,443|-2.59|8351.95|2.97|5|57|ST达华,397|0.60|8402.02|2.40|44|19|锐明技术,302|0.04|8405.25|2.14|31|32|鸿泉技术,225|-1.16|8308.08|2.38|8|55|苏州科达,212|1.59|8440.16|2.32|55|8|ST华铭,446|-2.86|8198.67|2.29|3|60|盛视科技,99|-1.45|8079.42|2.09|7|55|金溢科技,297|0.99|8159.34|2.11|45|17|同有科技,80|5.31|8592.48|3.36|63|0|淳中科技,204|-1.08|8500.11|2.87|18|45|淳中科技,74|1.59|8635|3.52|53|10|御银股份,294|-0.15|8621.64|3.33|24|39|朗科科技,168|0.98|8706.55|3.19|48|15|盛视科技,255|-0.50|8662.71|3.02|17|45|盛视科技,131|1.80|8818.91|2.80|57|6|盛视科技,200|0.24|8840.13|2.78|27|37|盛视科技,185|0.94|8923.54|3.44|46|16|魅视科技,459|-1.40|8798.5|2.90|10|53|博实结,103|0.99|8885.18|2.92|46|16|恒为科技,374|-1.75|8729.25|3.57|9|53|ST华铭
BK1447|垂直应用软件,,,,,,,,,,,,,,,,,,,,,,,,,,,,,,,,,,,,,,,,,,,,,,,,,,,,,,,,,,,,,,,,,,,,,,,468|-1.39|10324.03|3.28|29|72|品茗科技,316|0.53|10379.17|2.89|64|35|四方精创,265|-0.35|10343.08|2.76|24|77|金橙子,81|1.90|10539.88|3.30|82|17|格尔软件,458|-3.88|10130.96|4.46|5|96|普元信息,395|-4.45|9680.63|4.35|3|98|众诚科技,238|-0.66|9616.36|3.01|26|75|延华智能,143|1.47|9757.82|3.39|89|11|科大国创,121|2.25|9977.57|3.41|91|8|远光软件,78|0.42|10019.35|4.96|53|47|云赛智联,191|1.74|10193.91|4.76|90|9|信息发展,377|-0.66|10126.67|3.91|28|71|中科通达,278|-0.87|10038.16|3.58|22|78|国能日新,440|-2.27|9810.53|3.52|4|96|品茗科技,87|1.05|9913.38|3.22|72|27|行云科技,308|-1.99|9716.51|3.40|13|88|华信永道,48|2.10|9920.33|3.15|89|12|云赛智联,75|-1.28|9793.62|3.80|19|80|佳发教育,468|-3.98|9404.01|3.67|3|97|品茗科技,222|-5.18|8917.19|3.98|4|96|银之杰,309|2.96|9181.07|3.28|93|7|*ST汇科,382|1.27|9297.72|2.99|89|11|科达自控,463|-2.89|9028.77|2.88|4|96|*ST汇科,179|1.41|9156.43|2.55|89|11|*ST汇科,292|0.07|9163.02|2.80|46|52|云赛智联,336|-1.72|9005.18|2.96|8|92|品茗科技,214|1.58|9147.73|2.80|92|9|佳发教育,433|-2.71|8900.08|2.80|9|91|友车科技,75|-1.24|8789.51|2.79|17|83|网达软件,289|1.05|8881.81|2.97|77|24|中安科,46|5.85|9401.04|4.38|100|0|行云科技,466|-2.75|9142.14|4.46|8|93|佳发教育,121|1.25|9256.61|4.44|80|20|四方精创,221|0.19|9274.27|3.29|40|59|中安科,104|1.46|9409.87|4.16|83|16|顶点软件,366|-0.98|9317.74|3.67|22|79|佳发教育,74|2.30|9532.09|4.27|94|7|北信源,311|-0.32|9501.76|3.59|30|67|纬德信息,372|0.21|9521.92|3.52|64|34|索辰科技,467|-1.50|9378.67|3.25|13|87|网达软件,140|0.70|9444.2|3.48|73|26|众诚科技,388|-1.84|9270.84|3.35|11|88|莱斯信息
BK1448|横向通用软件,,,,,,,,,,,,,,,,,,,,,,,,,,,,,,,,,,,,,,,,,,,,,,,,,,,,,,,,,,,,,,,,,,,,,,,491|-4.97|8333.87|4.20|2|33|大恒科技,329|0.50|8375.42|3.16|18|16|星环科技-U,330|-0.68|8318.87|2.67|10|25|ST任子行,78|1.91|8477.37|3.22|31|4|信安世纪,460|-3.90|8147.14|3.36|2|33|星环科技-U,450|-5.20|7723.44|3.28|0|35|安博通,358|-1.18|7632.21|2.12|6|29|每日互动,122|1.61|7755.35|2.17|27|7|星环科技-U,129|2.19|7924.89|1.91|33|1|星环科技-U,27|1.78|8066.01|3.52|27|7|安恒信息,95|2.47|8264.86|4.54|33|2|盛邦安全,411|-0.81|8197.51|3.75|5|29|亚信安全,380|-1.33|8088.69|2.88|7|27|每日互动,450|-2.46|7890.01|2.84|2|32|启明星辰,292|-0.13|7879.68|2.10|20|14|盛邦安全,443|-3.20|7627.91|2.14|1|34|安博通,33|2.40|7810.64|2.05|34|1|绿盟科技,191|-2.23|7636.17|1.97|3|32|安博通,482|-4.24|7312.65|2.31|1|34|安博通,470|-6.66|6825.27|2.62|0|35|每日互动,317|2.94|7026.18|1.87|35|0|宝兰德,374|1.31|7118.04|1.77|32|3|绿盟科技,461|-2.86|6914.5|1.57|0|35|*ST国华,205|1.34|7007.38|1.25|34|1|福昕软件,394|-0.41|6978.69|1.36|11|24|每日互动,245|-1.23|6892.98|1.48|4|31|泛微网络,79|2.32|7052.96|1.56|34|1|泛微网络,467|-3.17|6829.07|1.69|0|35|鼎捷数智,142|-1.76|6708.98|1.25|2|33|泛微网络,379|0.60|6748.93|1.10|27|8|致远互联,27|6.44|7183.64|2.62|34|1|星环科技-U,477|-2.95|6971.72|1.70|1|34|安博通,293|0.64|7016.35|1.73|26|8|迪普科技,174|0.40|7044.71|1.50|17|17|启明星辰,62|1.97|7183.65|2.05|33|1|迪普科技,328|-0.85|7122.32|1.94|7|27|启明星辰,64|2.42|7294.48|1.96|34|1|深信服,230|0.01|7295.29|1.91|10|23|汉仪股份,280|0.54|7335.01|2.09|27|7|安博通,491|-1.97|7190.8|1.80|1|34|天融信,115|0.88|7254.09|1.91|27|7|泛微网络,334|-1.49|7146.02|1.90|6|29|泛微网络
BK1449|冰洗,,,,,,,,,,,,,,,,,,,,,,,,,,,,,,,,,,,,,,,,,,,,,,,,,,,,,,,,,,,,,,,,,,,,,,,297|1.03|2326.49|1.46|8|1|澳柯玛,401|0.19|2330.86|1.26|6|1|深康佳Ａ,362|-0.79|2312.39|1.12|2|7|惠而浦,441|-0.31|2305.27|1.08|3|6|深康佳Ｂ,358|-2.67|2243.79|1.29|0|9|虹美菱B,133|-1.71|2205.37|1.28|1|8|惠而浦,394|-1.34|2175.75|1.21|0|9|雪祺电气,173|1.30|2204.09|0.99|9|0|深康佳Ａ,326|1.09|2228.16|0.80|6|1|雪祺电气,274|-1.07|2204.36|1.08|1|8|深康佳Ｂ,205|1.62|2240|1.03|8|0|TCL智家,359|-0.58|2227.08|1.09|2|6|长虹美菱,298|-0.96|2205.66|0.95|2|6|海尔智家,54|0.59|2218.6|1.26|5|4|澳柯玛,347|-0.42|2209.36|1.21|3|5|深康佳Ａ,67|-0.31|2202.48|1.07|4|5|深康佳Ｂ,299|0.12|2205.07|0.78|3|4|雪祺电气,229|-2.41|2151.92|0.90|0|9|虹美菱B,133|-1.58|2117.97|0.86|0|8|虹美菱B,257|-5.38|2004.09|1.49|0|9|深康佳Ｂ,206|3.43|2072.76|1.11|8|1|雪祺电气,325|1.61|2106.07|0.96|8|1|深康佳Ａ,267|-1.49|2074.77|0.86|0|8|TCL智家,441|0.15|2077.87|1.47|5|4|深康佳Ａ,316|-0.03|2077.31|1.05|4|4|澳柯玛,101|-0.50|2066.98|1.38|3|6|深康佳Ａ,75|2.35|2115.48|1.77|9|0|深康佳Ａ,313|-1.83|2076.72|1.42|0|9|长虹美菱,453|-3.89|1995.92|1.16|0|9|TCL智家,489|-1.22|1971.64|1.35|4|5|惠而浦,333|2.70|2024.97|1.25|9|0|深康佳Ａ,447|-2.50|1974.36|0.93|0|8|澳柯玛,38|1.90|2011.91|0.89|7|1|惠而浦,228|0.17|2015.3|1.09|3|5|深康佳Ａ,355|0.15|2018.42|1.11|4|5|深康佳Ｂ,380|-1.06|1997.05|0.94|1|7|海尔智家,362|0.78|2012.6|1.06|8|1|深康佳Ａ,482|-2.11|1970.12|1.01|0|8|澳柯玛,174|1.01|1990.05|1.12|8|1|深康佳Ａ,30|1.55|2020.92|1.72|5|4|TCL智家,402|-0.65|2007.73|1.12|1|8|深康佳Ｂ,208|-0.73|1993.16|1.24|4|5|惠而浦
BK1450|空调,,,,,,,,,,,,,,,,,,,,,,,,,,,,,,,,,,,,,,,,,,,,,,,,,,,,,,,,,,,,,,,,,,,,,,,395|0.25|13548.82|0.42|2|0|美的集团,358|0.39|13602.07|0.52|3|0|海信家电,438|-1.43|13408.21|0.89|0|3|美的集团,444|-0.34|13362.82|0.53|1|2|海信家电,176|-1.32|13186.88|0.62|0|3|格力电器,79|-0.90|13068.71|0.63|0|3|格力电器,295|-0.90|12950.58|0.59|0|3|美的集团,332|0.48|13012.49|0.37|3|0|海信家电,359|0.87|13125.81|0.39|3|0|海信家电,271|-1.06|12986.11|0.48|0|3|格力电器,274|1.32|13157.05|0.41|3|0|美的集团,156|0.25|13190.25|0.45|2|1|美的集团,241|-0.69|13098.72|0.42|2|1|格力电器,46|0.68|13188.2|0.67|2|1|格力电器,240|0.18|13211.65|0.51|2|1|格力电器,33|0.59|13289.55|0.56|2|1|海信家电,291|0.15|13309.87|0.46|2|1|美的集团,97|-1.50|13109.58|0.46|0|3|格力电器,71|-0.99|12979.69|0.56|0|3|格力电器,80|-3.58|12514.76|0.88|0|3|美的集团,444|1.80|12740.65|0.51|3|0|海信家电,233|1.97|12991.73|0.42|3|0|海信家电,80|-0.41|12938.51|0.33|0|3|海信家电,460|-0.22|12910.42|0.44|1|2|美的集团,483|-2.69|12563.57|0.60|0|3|格力电器,13|2.38|12862.65|0.86|3|0|美的集团,197|1.64|13074.07|0.50|3|0|海信家电,131|-0.71|12981.3|0.48|1|2|美的集团,76|-1.25|12819.34|0.30|0|3|格力电器,474|-0.44|12762.69|0.31|0|3|美的集团,413|1.72|12981.73|0.50|3|0|海信家电,106|-0.51|12914.94|0.43|0|2|海信家电,365|0.30|12954.05|0.38|2|1|海信家电,421|-0.84|12845.23|0.33|0|3|格力电器,254|0.61|12924|0.34|3|0|美的集团,35|1.20|13079.32|0.49|3|0|海信家电,404|0.59|13156.09|0.41|2|1|海信家电,358|-0.61|13076.22|0.55|1|2|美的集团,309|0.44|13134.34|0.44|2|1|美的集团,170|0.09|13145.84|0.43|1|2|海信家电,304|-0.07|13136.44|0.36|1|2|格力电器,95|0.10|13149.8|0.43|2|1|美的集团
BK1451|厨房电器,,,,,,,,,,,,,,,,,,,,,,,,,,,,,,,,,,,,,,,,,,,,,,,,,,,,,,,,,,,,,,,,,,,,,,,219|1.50|10327.15|1.15|5|0|帅丰电器,157|1.30|10460.91|1.45|5|1|浙江美大,312|-0.60|10398.45|1.32|2|4|浙江美大,83|1.88|10593.5|1.44|3|3|亿田智能,103|-0.09|10583.84|2.40|1|5|亿田智能,267|-3.10|10255.91|1.87|0|6|老板电器,439|-1.88|10063.23|1.74|0|6|火星人,79|1.83|10247.66|1.75|5|1|亿田智能,334|1.05|10354.85|1.40|5|1|帅丰电器,97|0.14|10369.24|1.42|2|4|亿田智能,171|1.86|10562.23|1.24|6|0|亿田智能,459|-1.21|10434.76|1.09|1|3|华帝股份,398|-1.41|10287.51|1.12|1|5|老板电器,92|0.25|10313.25|1.60|4|2|火星人,295|-0.16|10296.93|1.21|3|3|帅丰电器,233|-1.50|10142.99|0.84|1|5|华帝股份,37|2.29|10374.98|1.07|5|1|亿田智能,202|-2.27|10139.72|1.07|0|6|帅丰电器,488|-4.71|9661.98|1.61|0|6|老板电器,86|-3.74|9301.03|2.29|1|5|火星人,290|3.03|9582.69|1.64|5|1|帅丰电器,471|0.36|9617.29|1.95|1|5|华帝股份,281|-1.56|9467.02|1.64|2|4|帅丰电器,100|2.03|9659.2|1.86|6|0|亿田智能,173|0.60|9717.58|3.02|3|3|华帝股份,114|-0.62|9657.81|2.57|1|4|老板电器,179|1.74|9826.13|3.60|4|2|亿田智能,243|-1.51|9677.49|3.35|1|5|华帝股份,262|-2.47|9438.14|2.60|1|5|老板电器,399|0.44|9479.57|2.44|3|3|帅丰电器,277|3.15|9778.18|3.10|5|1|亿田智能,486|-3.30|9455.23|2.77|0|6|亿田智能,81|1.47|9594.58|2.69|4|2|华帝股份,486|-1.87|9415.17|1.75|1|5|火星人,47|2.24|9625.95|2.28|4|2|亿田智能,151|-0.10|9616.01|1.69|2|3|亿田智能,11|4.11|10011.42|1.77|4|1|帅丰电器,495|-2.75|9736.22|1.71|0|6|老板电器,486|-1.01|9638.03|1.64|2|4|帅丰电器,113|0.40|9676.75|1.67|3|3|帅丰电器,426|-0.81|9598.57|1.20|1|4|亿田智能,329|-1.44|9460.67|1.81|1|5|火星人
BK1452|卫浴电器,,,,,,,,,,,,,,,,,,,,,,,,,,,,,,,,,,,,,,,,,,,,,,,,,,,,,,,,,,,,,,,,,,,,,,,370|0.52|1666.71|0.95|2|1|万和电气,325|0.51|1675.23|1.00|3|0|奥普科技,311|-0.60|1665.23|0.96|1|2|日出东方,411|-0.15|1662.67|1.04|1|2|万和电气,204|-1.64|1635.48|2.01|0|3|奥普科技,40|0.38|1641.66|1.70|2|1|奥普科技,475|-2.93|1593.62|1.59|0|3|万和电气,57|2.04|1626.08|1.04|3|0|奥普科技,126|2.20|1661.86|1.17|3|0|奥普科技,229|-0.89|1647.13|1.11|0|3|奥普科技,348|0.82|1660.56|0.79|3|0|奥普科技,266|-0.25|1656.41|0.82|1|2|万和电气,61|0.86|1670.69|1.36|2|1|奥普科技,1|6.78|1783.91|5.97|3|0|日出东方,450|-1.87|1750.64|8.50|0|3|奥普科技,216|-1.39|1726.32|4.86|0|3|日出东方,452|-1.09|1707.47|3.55|0|3|奥普科技,5|3.96|1775.16|5.68|2|1|日出东方,239|-2.23|1735.54|7.84|0|3|日出东方,52|-2.88|1685.6|6.34|1|2|日出东方,391|2.53|1728.25|5.22|3|0|奥普科技,436|0.78|1741.68|5.35|2|1|万和电气,469|-3.11|1687.51|4.19|0|3|奥普科技,73|2.32|1726.63|3.81|2|1|奥普科技,475|-1.85|1694.63|3.75|1|2|万和电气,330|-1.69|1665.92|2.78|1|2|奥普科技,417|0.29|1670.8|2.26|3|0|奥普科技,413|-2.44|1630.01|2.58|0|3|奥普科技,490|-5.43|1541.44|3.14|0|3|奥普科技,141|1.82|1569.49|1.95|3|0|日出东方,320|2.78|1613.17|2.44|3|0|万和电气,420|-2.24|1576.97|1.77|0|3|奥普科技,193|1.03|1593.15|1.51|3|0|奥普科技,466|-1.39|1571.08|1.34|1|2|日出东方,434|-0.37|1565.28|1.48|2|1|日出东方,77|0.57|1574.24|2.01|1|1|日出东方,271|1.22|1593.38|1.61|3|0|万和电气,461|-1.46|1570.06|1.30|0|3|万和电气,197|0.90|1584.15|1.22|2|1|奥普科技,220|-0.15|1581.79|0.97|2|1|万和电气,420|-0.78|1569.43|0.96|0|3|奥普科技,189|-0.63|1559.47|1.23|1|2|奥普科技
BK1453|彩电,,,,,,,,,,,,,,,,,,,,,,,,,,,,,,,,,,,,,,,,,,,,,,,,,,,,,,,,,,,,,,,,,,,,,,,414|0.06|4526.16|2.18|2|2|*ST高斯,480|-0.48|4504.66|2.12|2|2|四川长虹,261|-0.31|4490.81|2.29|2|1|兆驰股份,172|0.95|4533.32|3.97|3|1|四川长虹,225|-1.85|4449.3|3.05|0|4|海信视像,373|-4.16|4264.29|3.57|0|4|海信视像,234|-0.65|4236.49|1.94|1|3|*ST高斯,17|3.21|4372.58|1.22|4|0|兆驰股份,160|1.94|4457.22|4.54|4|0|兆驰股份,448|-2.32|4353.89|4.27|2|2|四川长虹,230|1.52|4419.92|2.86|3|1|兆驰股份,20|2.74|4540.81|4.86|4|0|兆驰股份,113|0.05|4542.96|3.59|2|2|*ST高斯,9|2.45|4654.31|4.73|3|1|兆驰股份,363|-0.53|4629.53|3.64|3|1|*ST高斯,345|-2.24|4525.94|3.06|1|3|海信视像,150|1.13|4576.94|2.00|3|0|*ST高斯,435|-3.70|4407.77|2.32|0|4|海信视像,74|-1.07|4360.71|2.34|1|3|*ST高斯,201|-5.05|4140.52|2.57|0|4|*ST高斯,294|3.02|4265.55|1.81|4|0|*ST高斯,67|2.82|4385.98|1.84|4|0|兆驰股份,165|-1.00|4342.25|1.75|1|3|*ST高斯,470|-0.52|4319.86|1.37|2|2|兆驰股份,233|0.35|4334.92|1.34|3|1|*ST高斯,43|0.19|4343.25|1.54|1|3|海信视像,142|1.93|4427.23|1.58|4|0|海信视像,264|-1.59|4356.63|1.43|0|4|海信视像,175|-1.88|4274.71|1.35|1|3|兆驰股份,453|0.02|4275.69|1.22|2|2|*ST高斯,128|4.56|4470.79|2.48|4|0|兆驰股份,45|0.04|4472.72|1.68|2|1|*ST高斯,256|0.78|4507.51|1.53|3|1|*ST高斯,326|-0.31|4493.54|1.35|1|3|兆驰股份,274|0.52|4516.89|1.59|3|1|兆驰股份,12|2.13|4613.15|4.41|3|1|四川长虹,377|0.70|4645.5|2.82|2|2|海信视像,39|2.05|4740.96|2.77|3|1|兆驰股份,255|0.65|4771.89|3.44|2|2|四川长虹,118|0.37|4789.57|2.29|3|1|*ST高斯,16|2.66|4917.16|3.88|3|1|兆驰股份,19|2.06|5018.53|4.80|2|2|兆驰股份
BK1454|其他黑色家电,,,,,,,,,,,,,,,,,,,,,,,,,,,,,,,,,,,,,,,,,,,,,,,,,,,,,,,,,,,,,,,,,,,,,,,206|1.61|3329.21|2.77|4|2|四川九洲,409|0.16|3334.68|2.30|1|4|同洲电子,224|-0.14|3330.1|1.81|3|2|创维数字,345|0.18|3336.06|1.45|3|3|极米科技,413|-3.16|3230.6|2.41|0|6|极米科技,210|-2.60|3146.63|2.30|1|5|极米科技,338|-1.11|3111.79|1.73|1|5|辰奕智能,151|1.43|3156.23|1.60|5|1|创维数字,316|1.14|3192.2|1.22|6|0|极米科技,445|-2.31|3118.36|1.82|0|6|创维数字,144|2.05|3182.24|1.33|6|0|辰奕智能,160|0.22|3189.19|1.78|3|3|同洲电子,451|-1.82|3131.05|1.72|0|6|极米科技,213|-0.46|3116.65|1.36|1|5|同洲电子,86|1.06|3149.54|1.13|6|0|九联科技,215|-1.39|3105.81|1.32|1|5|四川九洲,164|1.05|3138.5|1.16|4|2|辰奕智能,119|-1.82|3081.5|1.38|1|5|同洲电子,145|-1.65|3030.71|1.79|1|5|同洲电子,287|-5.54|2862.9|2.11|0|6|极米科技,145|3.83|2972.56|1.44|6|0|极米科技,319|1.62|3020.86|1.89|5|1|九联科技,393|-2.12|2956.94|1.36|0|6|创维数字,320|0.91|2983.8|1.55|4|2|极米科技,449|-1.11|2950.55|2.04|1|5|辰奕智能,220|-1.14|2917.03|1.69|1|5|四川九洲,67|2.42|2987.48|1.36|5|1|极米科技,447|-2.86|2902|1.39|0|6|极米科技,80|-1.30|2864.21|1.04|2|4|极米科技,231|1.33|2902.32|0.97|5|1|辰奕智能,130|4.55|3034.52|1.87|6|0|创维数字,172|-0.91|3006.88|1.97|1|5|创维数字,128|1.24|3044.15|1.55|6|0|同洲电子,456|-1.27|3005.47|1.13|1|5|九联科技,221|0.76|3028.4|1.20|4|2|四川九洲,246|-0.48|3013.94|1.36|2|4|辰奕智能,186|1.58|3061.63|1.45|6|0|极米科技,194|0.27|3069.82|1.49|4|2|创维数字,316|0.42|3082.58|1.52|3|3|四川九洲,305|-0.46|3068.5|2.41|1|5|创维数字,89|1.08|3101.61|2.39|3|3|创维数字,220|-0.79|3077.17|2.28|1|5|九联科技
BK1455|家电零部件Ⅲ,,,,,,,,,,,,,,,,,,,,,,,,,,,,,,,,,,,,,,,,,,,,,,,,,,,,,,,,,,,,,,,,,,,,,,,276|1.15|5673.46|3.46|26|9|禾盛新材,421|0.09|5678.55|3.12|15|21|盾安环境,144|0.48|5705.98|3.20|19|15|同星科技,380|0.05|5708.64|2.80|13|22|三星新材,320|-2.54|5563.66|3.92|4|32|华翔股份,335|-3.64|5361.16|3.99|1|35|合肥高科,172|-0.37|5341.21|2.77|11|23|瑞德智能,157|1.39|5415.28|2.81|30|6|东方电热,281|1.34|5487.61|2.15|32|3|金海高科,401|-1.74|5392.04|2.84|3|33|金海高科,61|2.73|5539.05|2.70|36|0|禾盛新材,348|-0.53|5509.56|3.13|8|24|盾安环境,377|-1.32|5436.94|2.60|4|32|同星科技,254|-0.69|5399.46|2.34|8|27|立霸股份,188|0.40|5421.31|2.47|15|20|和晶科技,278|-1.71|5328.53|3.18|5|31|海立股份,121|1.37|5401.59|2.59|27|9|金海高科,282|-2.64|5258.79|2.85|3|33|天银机电,250|-2.31|5137.31|3.02|4|32|东方电热,349|-5.78|4840.21|4.04|2|34|朗科智能,300|2.99|4984.95|3.34|33|3|奇精机械,237|1.95|5082.21|3.08|31|4|康盛股份,199|-1.13|5024.73|3.24|5|30|天银机电,407|0.54|5052.05|2.62|28|8|和而泰,89|1.15|5110.18|2.69|21|15|宏昌科技,78|-0.28|5095.87|2.89|11|25|春光科技,165|1.81|5188.21|2.76|33|3|宏昌科技,198|-1.29|5121.15|2.69|8|28|天银机电,231|-2.31|5002.63|2.28|3|33|宏昌科技,404|0.40|5022.68|1.99|22|14|天银机电,141|4.41|5244.04|3.33|35|1|金海高科,95|-0.45|5220.47|3.65|12|24|海立股份,172|1.09|5277.5|3.61|30|6|康盛股份,175|0.40|5298.71|3.24|16|18|康盛股份,232|0.69|5335.08|4.64|28|8|华翔股份,206|-0.34|5317.17|4.43|10|26|宏昌科技,162|1.69|5406.9|4.05|33|3|联合精密,84|1.28|5475.88|4.30|21|15|康盛股份,154|1.11|5536.65|3.55|23|13|康盛股份,291|-0.41|5514.12|5.57|13|23|联合精密,193|0.43|5537.91|4.80|19|17|康盛股份,312|-1.34|5463.95|5.77|7|29|天银机电
BK1456|其他家电Ⅲ,,,,,,,,,,,,,,,,,,,,,,,,,,,,,,,,,,,,,,,,,,,,,,,,,,,,,,,,,,,,,,,,,,,,,,,173|1.85|1510.94|3.91|3|0|融捷健康,336|0.47|1518.03|2.94|2|1|荣泰健康,383|-0.89|1504.49|2.32|1|2|融捷健康,431|-0.28|1500.3|2.39|2|1|荣泰健康,483|-4.50|1432.83|4.17|0|3|融捷健康,317|-3.48|1383.02|3.67|0|3|奥佳华,311|-0.97|1369.56|2.36|1|2|融捷健康,174|1.30|1387.34|1.94|3|0|奥佳华,241|1.50|1408.11|2.22|3|0|融捷健康,369|-1.49|1387.09|2.25|0|3|奥佳华,207|1.61|1409.45|1.52|3|0|荣泰健康,397|-0.74|1399.08|1.73|0|3|奥佳华,324|-1.08|1383.96|1.64|0|3|奥佳华,137|-0.06|1383.18|1.93|1|2|荣泰健康,179|0.45|1389.36|1.60|3|0|融捷健康,247|-1.56|1367.75|1.68|0|3|荣泰健康,83|1.68|1390.74|1.54|3|0|融捷健康,375|-3.11|1347.53|1.86|0|3|荣泰健康,456|-3.61|1298.82|2.17|0|3|融捷健康,357|-5.82|1223.25|2.92|0|3|荣泰健康,36|4.80|1282|2.65|3|0|融捷健康,455|0.50|1288.44|1.72|2|1|奥佳华,148|-0.94|1276.3|1.85|1|2|融捷健康,200|1.36|1293.61|1.36|3|0|荣泰健康,138|0.77|1303.59|1.59|3|0|融捷健康,104|-0.55|1296.41|1.75|0|3|融捷健康,146|1.90|1321.01|1.87|3|0|荣泰健康,218|-1.41|1302.44|1.38|0|3|融捷健康,326|-2.80|1265.91|1.82|0|3|荣泰健康,190|1.47|1284.56|1.41|3|0|奥佳华,268|3.22|1325.88|1.76|3|0|融捷健康,436|-2.37|1294.47|1.48|0|3|融捷健康,150|1.17|1309.67|1.48|3|0|奥佳华,434|-0.94|1297.39|1.24|0|3|荣泰健康,298|0.42|1302.89|1.37|2|0|融捷健康,269|-0.55|1295.75|1.50|0|3|荣泰健康,328|0.96|1308.2|1.34|3|0|荣泰健康,456|-1.44|1289.35|1.72|0|3|融捷健康,359|0.25|1292.63|1.38|2|1|奥佳华,387|-0.85|1281.64|1.34|0|3|荣泰健康,458|-1.14|1267.05|2.10|0|3|荣泰健康,216|-0.78|1257.21|2.03|1|2|荣泰健康
BK1457|厨房小家电,,,,,,,,,,,,,,,,,,,,,,,,,,,,,,,,,,,,,,,,,,,,,,,,,,,,,,,,,,,,,,,,,,,,,,,163|1.93|2441.59|0.83|11|0|利仁科技,368|0.33|2449.64|1.12|4|7|ST德豪,389|-0.94|2426.72|0.90|0|10|ST德豪,339|0.19|2431.21|0.76|5|6|ST德豪,439|-3.45|2347.24|1.21|0|11|闽灿坤Ｂ,167|-2.20|2295.71|1.06|1|10|新宝股份,310|-0.97|2273.4|0.93|2|8|利仁科技,139|1.50|2307.54|0.70|9|2|利仁科技,302|1.19|2335.1|0.57|9|1|利仁科技,203|-0.74|2317.88|0.66|0|10|闽灿坤Ｂ,228|1.53|2353.33|0.55|10|0|利仁科技,314|-0.41|2343.6|0.65|3|8|ST德豪,122|-0.06|2342.24|0.68|3|8|小熊电器,21|1.41|2375.2|1.02|9|0|九阳股份,343|-0.39|2366.02|0.82|3|7|小熊电器,139|-0.92|2344.31|0.73|2|9|九阳股份,237|0.57|2357.7|0.58|7|4|利仁科技,131|-1.90|2312.8|0.63|0|11|苏 泊 尔,100|-1.30|2282.77|0.68|1|10|小熊电器,187|-4.98|2169.13|1.12|0|11|比依股份,187|3.53|2245.75|0.94|11|0|北鼎股份,299|1.71|2284.19|0.85|11|0|新宝股份,33|0.35|2292.09|1.59|4|6|新宝股份,464|-0.33|2284.58|1.70|5|6|闽灿坤Ｂ,342|-0.14|2281.49|1.26|5|5|新宝股份,148|-0.83|2262.61|0.95|1|7|鸿智科技,275|1.27|2291.29|1.12|9|1|北鼎股份,144|-0.84|2272|0.83|3|8|鸿智科技,227|-2.30|2219.84|0.86|1|10|苏 泊 尔,236|1.32|2249.05|0.74|10|0|利仁科技,391|2.05|2295.08|0.97|10|1|爱仕达,301|-1.58|2258.76|0.82|1|10|比依股份,281|0.69|2274.34|1.03|8|3|新宝股份,295|-0.16|2270.8|0.81|3|7|爱仕达,201|0.82|2289.46|1.16|8|1|新宝股份,83|0.52|2301.34|1.37|5|6|新宝股份,379|0.69|2317.31|2.19|10|1|新宝股份,215|0.07|2318.93|1.81|4|7|鸿智科技,150|1.12|2344.94|1.89|7|3|九阳股份,331|-0.60|2330.89|1.86|2|9|爱仕达,253|0.13|2333.9|1.78|7|4|闽灿坤Ｂ,69|0.47|2344.93|2.53|5|6|九阳股份
BK1458|个护小家电,,,,,,,,,,,,,,,,,,,,,,,,,,,,,,,,,,,,,,,,,,,,,,,,,,,,,,,,,,,,,,,,,,,,,,,387|0.33|977.75|0.93|3|1|彩虹集团,426|0.07|978.41|0.80|3|1|倍益康,414|-1.11|967.54|0.80|1|3|彩虹集团,141|1.14|978.55|0.86|3|1|倍益康,379|-2.79|951.27|1.21|0|4|飞科电器,387|-4.31|910.24|1.26|0|4|飞科电器,142|-0.14|908.97|0.99|1|3|倍益康,13|3.41|939.95|1.41|4|0|倍益康,8|4.18|979.25|2.91|4|0|彩虹集团,148|-0.43|975.05|3.52|2|2|倍益康,397|0.49|979.8|1.84|2|2|倍轻松,161|0.22|981.92|1.80|1|3|倍益康,117|-0.01|981.84|1.59|3|1|彩虹集团,19|1.71|998.62|1.83|3|1|倍益康,428|-1.38|984.84|1.99|1|3|彩虹集团,440|-3.18|953.51|1.46|0|4|倍轻松,391|-0.53|948.42|1.17|1|3|倍轻松,308|-2.73|922.54|1.21|0|4|飞科电器,28|0.15|923.9|1.95|1|3|倍轻松,95|-3.93|887.57|2.10|1|3|倍轻松,175|3.62|919.68|1.70|4|0|彩虹集团,53|3.00|947.25|1.77|3|1|倍轻松,98|-0.58|941.78|1.46|1|3|倍轻松,164|1.57|956.61|1.30|4|0|倍轻松,482|-2.66|931.11|1.64|1|2|彩虹集团,425|-2.67|906.23|1.62|0|4|彩虹集团,24|3.69|939.65|1.94|4|0|彩虹集团,248|-1.53|925.3|1.73|1|3|彩虹集团,425|-3.43|893.6|1.64|0|4|飞科电器,484|-0.83|886.18|1.06|0|4|倍益康,203|3.82|920.03|1.88|4|0|倍益康,418|-2.23|899.47|1.82|1|3|彩虹集团,305|0.59|904.81|1.21|3|1|倍轻松,169|0.42|908.63|1.34|2|2|彩虹集团,224|0.74|915.39|1.14|3|1|彩虹集团,244|-0.46|911.18|1.11|1|3|彩虹集团,223|1.41|924.03|1.57|2|1|彩虹集团,79|1.31|936.17|1.68|2|2|彩虹集团,18|2.83|962.7|1.35|3|1|彩虹集团,400|-0.93|953.71|3.55|1|3|飞科电器,78|1.20|965.12|2.31|3|1|彩虹集团,401|-1.93|946.52|1.81|1|3|飞科电器
BK1459|清洁小家电,,,,,,,,,,,,,,,,,,,,,,,,,,,,,,,,,,,,,,,,,,,,,,,,,,,,,,,,,,,,,,,,,,,,,,,270|1.18|2611.98|1.18|6|2|科沃斯,446|-0.07|2610.18|0.97|2|5|欧圣电气,293|-0.51|2596.97|1.65|3|5|开能健康,476|-0.90|2573.5|1.30|1|7|莱克电气,400|-2.99|2496.52|2.14|1|7|莱克电气,258|-2.99|2421.99|1.50|0|8|科沃斯,245|-0.68|2405.53|1.22|3|5|开能健康,190|1.24|2435.27|1.09|7|1|开能健康,279|1.34|2467.98|1.23|8|0|开能健康,421|-1.92|2420.68|1.40|1|7|开能健康,166|1.89|2466.31|1.20|7|1|富佳股份,305|-0.36|2457.31|0.95|4|4|石头科技,270|-0.84|2436.7|0.95|1|7|莱克电气,145|-0.10|2434.18|1.01|4|4|开能健康,246|0.15|2437.92|1.11|5|3|富佳股份,86|-0.51|2425.49|1.50|3|5|富佳股份,108|1.48|2461.4|2.97|5|3|开能健康,247|-2.49|2400.17|2.17|0|8|石头科技,227|-2.19|2347.68|1.75|1|7|莱克电气,337|-5.73|2213.15|2.11|0|8|石头科技,406|2.36|2265.31|1.86|7|1|开能健康,341|1.50|2299.22|1.35|6|2|德昌股份,14|1.18|2326.26|1.76|2|6|德昌股份,433|0.22|2331.29|1.38|4|3|开能健康,375|-0.27|2325.03|1.06|3|4|德尔玛,210|-1.10|2299.34|1.10|0|6|开能健康,52|2.70|2361.32|1.64|7|0|莱克电气,436|-2.74|2296.72|1.93|0|8|莱克电气,208|-2.17|2246.93|1.40|0|8|富佳股份,407|0.39|2255.6|1.03|5|3|欧圣电气,231|3.54|2335.46|1.31|8|0|科沃斯,385|-2.08|2286.87|1.22|1|7|富佳股份,112|1.28|2316.12|1.31|8|0|科沃斯,440|-0.97|2293.65|1.34|2|6|德昌股份,130|1.20|2321.1|1.95|7|1|开能健康,92|0.42|2330.92|1.60|3|5|莱克电气,447|0.13|2333.95|1.79|5|3|欧圣电气,398|-0.95|2311.7|1.39|1|7|德昌股份,42|2.29|2364.57|1.89|7|1|石头科技,156|0.14|2367.81|1.79|3|5|莱克电气,214|0.35|2376.15|1.48|5|3|德昌股份,30|1.45|2410.57|2.63|4|3|莱克电气
BK1460|照明设备Ⅲ,,,,,,,,,,,,,,,,,,,,,,,,,,,,,,,,,,,,,,,,,,,,,,,,,,,,,,,,,,,,,,,,,,,,,,,221|1.50|2737.81|2.05|11|4|民爆光电,331|0.48|2750.97|1.84|10|4|民爆光电,120|0.69|2769.94|2.06|9|6|小崧股份,278|0.41|2781.23|1.99|5|10|民爆光电,131|-0.73|2761.05|2.52|3|12|民爆光电,139|-1.81|2711.19|2.83|3|12|民爆光电,114|0.06|2712.93|1.90|8|7|民爆光电,9|4.05|2822.83|4.82|14|1|恒太照明,367|0.83|2846.18|3.77|7|7|联域股份,207|-0.75|2824.86|2.90|4|10|小崧股份,236|1.50|2867.16|2.28|13|2|勤上股份,148|0.33|2876.51|3.01|6|8|勤上股份,314|-1.04|2846.65|3.17|3|12|勤上股份,214|-0.46|2833.42|2.70|4|11|立达信,53|1.47|2875.2|2.60|10|5|海洋王,396|-2.60|2800.47|2.87|1|14|勤上股份,148|1.13|2832.09|2.11|11|3|勤上股份,394|-3.25|2740.08|2.96|0|15|粤照明Ｂ,134|-1.58|2696.66|2.90|1|13|格利尔,325|-5.68|2543.6|3.38|2|13|勤上股份,306|2.97|2619.14|2.32|13|2|民爆光电,134|2.42|2682.46|1.98|12|3|格利尔,162|-0.99|2655.87|1.95|2|11|欧普照明,233|1.23|2688.54|2.56|10|4|立达信,366|-0.25|2681.92|2.12|6|9|得邦照明,286|-1.44|2643.25|1.78|1|12|立达信,183|1.73|2689.09|1.64|15|0|联域股份,145|-0.86|2665.93|1.61|2|12|立达信,121|-1.59|2623.66|1.35|3|12|民爆光电,116|2.05|2677.52|1.41|13|1|民爆光电,138|4.47|2797.27|1.76|15|0|民爆光电,153|-0.78|2775.51|1.56|2|10|民爆光电,240|0.82|2798.35|1.58|10|4|民爆光电,245|0.08|2800.72|2.26|5|9|勤上股份,150|1.06|2830.41|2.41|10|5|民爆光电,40|1.18|2863.76|1.93|6|9|立达信,283|1.15|2896.76|1.78|14|1|立达信,100|1.06|2927.35|1.92|8|4|小崧股份,406|0.01|2927.61|1.98|7|7|*ST星光,131|0.24|2934.6|2.43|4|10|阳光照明,63|1.33|2973.72|3.34|8|6|立达信,314|-1.34|2933.8|2.33|1|13|立达信
BK1461|玻璃制造,,,,,,,,,,,,,,,,,,,,,,,,,,,,,,,,,,,,,,,,,,,,,,,,,,,,,,,,,,,,,,,,,,,,,,,69|3.19|2378.83|2.78|9|0|三峡新材,74|2.26|2432.53|3.57|7|2|南  玻Ａ,397|-0.98|2408.67|3.22|1|7|耀皮Ｂ股,283|0.40|2418.25|2.57|7|2|旗滨集团,314|-2.51|2357.44|2.73|0|8|南  玻Ｂ,229|-2.73|2293.11|2.76|0|9|南  玻Ｂ,314|-0.98|2270.72|2.59|2|7|北玻股份,219|1.09|2295.57|2.19|7|2|三峡新材,342|1.00|2318.43|1.92|7|1|旗滨集团,135|-0.26|2312.4|2.45|2|5|金晶科技,366|0.75|2329.63|2.36|8|1|三峡新材,175|0.17|2333.64|2.22|3|5|旗滨集团,198|-0.52|2321.42|2.09|1|6|凯盛新能,240|-0.59|2307.74|1.94|2|7|凯盛新能,417|-1.19|2280.32|2.08|1|8|凯盛新能,87|-0.54|2267.94|2.21|1|7|三峡新材,408|-0.72|2251.68|2.00|2|7|南  玻Ｂ,263|-2.56|2193.95|2.10|0|9|凯盛新能,61|-0.84|2175.48|2.39|2|6|金晶科技,46|-2.74|2115.92|2.87|2|7|凯盛新能,183|3.55|2191.07|2.87|9|0|金晶科技,451|0.56|2203.35|2.03|6|2|三峡新材,385|-2.07|2157.67|2.28|0|9|南  玻Ａ,411|0.53|2169.09|1.45|7|1|三峡新材,363|-0.23|2164.15|1.78|2|5|旗滨集团,367|-2.01|2120.59|1.73|0|9|耀皮Ｂ股,324|0.96|2140.92|1.50|9|0|金晶科技,431|-2.70|2083.22|1.58|0|9|南  玻Ｂ,467|-4.12|1997.34|1.69|0|9|南  玻Ｂ,247|1.27|2022.68|1.39|5|4|北玻股份,297|2.97|2082.76|1.53|9|0|耀皮玻璃,341|-1.83|2044.58|1.32|0|9|旗滨集团,35|1.98|2084.97|1.58|9|0|凯盛新能,103|0.81|2101.92|1.73|6|2|旗滨集团,307|0.38|2109.84|1.88|4|4|北玻股份,469|-2.08|2066.05|1.51|1|8|金晶科技,90|2.12|2109.89|2.01|8|0|北玻股份,297|-0.28|2103.97|2.24|3|6|金晶科技,66|1.93|2144.62|2.72|6|1|金晶科技,374|-0.80|2127.52|1.64|1|7|南  玻Ｂ,383|-0.52|2116.55|1.72|1|7|旗滨集团,213|-0.77|2100.29|2.22|1|7|耀皮Ｂ股
BK1462|玻纤制造,,,,,,,,,,,,,,,,,,,,,,,,,,,,,,,,,,,,,,,,,,,,,,,,,,,,,,,,,,,,,,,,,,,,,,,5|9.84|12744.13|6.60|8|0|山东玻纤,53|2.95|13119.65|8.71|6|2|长海股份,70|1.39|13301.63|7.36|5|2|山东玻纤,497|-4.85|12655.99|7.53|0|8|九鼎新材,158|-1.13|12512.97|5.63|2|6|中国巨石,488|-6.81|11660.5|5.80|0|8|宏和科技,94|0.22|11686.71|3.91|4|4|山东玻纤,356|0.30|11721.84|4.20|4|4|中国巨石,488|-2.14|11470.48|3.68|2|6|振石股份,240|-0.94|11363.17|3.96|1|7|振石股份,14|3.89|11804.69|5.40|8|0|宏和科技,430|-0.91|11697.76|4.09|2|6|振石股份,132|-0.11|11685.07|3.94|3|4|振石股份,274|-0.80|11591.14|4.04|1|7|振石股份,375|-0.67|11513.13|4.38|3|4|山东玻纤,482|-4.23|11026.05|3.74|1|7|振石股份,31|2.51|11302.36|2.92|7|1|宏和科技,467|-4.48|10795.94|2.71|0|8|九鼎新材,347|-2.74|10499.74|2.97|0|8|中材科技,107|-4.12|10067.43|3.59|1|7|中国巨石,121|3.99|10468.66|3.11|8|0|国际复材,41|3.35|10819.53|3.79|8|0|中国巨石,377|-2.01|10602.19|2.45|1|7|九鼎新材,327|0.86|10693.36|2.34|6|2|长海股份,18|3.16|11030.89|4.04|6|2|宏和科技,420|-2.58|10746.16|3.07|1|7|九鼎新材,8|5.04|11288.26|5.09|8|0|山东玻纤,472|-3.29|10917.07|3.61|0|8|中国巨石,143|-1.76|10725.06|3.21|2|6|中国巨石,244|1.28|10862.06|3.44|7|1|国际复材,92|5.16|11422.77|4.55|8|0|中材科技,111|-0.54|11360.83|4.19|3|5|宏和科技,2|4.69|11893.89|6.08|8|0|山东玻纤,1|8.32|12883.63|7.96|8|0|宏和科技,70|1.87|13123.96|8.01|5|3|宏和科技,486|-2.77|12760.71|6.17|1|7|宏和科技,84|2.19|13039.68|6.07|7|1|中国巨石,197|0.25|13072.61|5.75|4|4|宏和科技,462|-0.55|13000.76|5.46|2|5|九鼎新材,2|3.18|13414.21|5.59|8|0|九鼎新材,28|2.04|13687.62|6.64|6|2|九鼎新材,63|0.57|13765.26|9.02|4|4|国际复材
BK1463|水泥制品,,,,,,,,,,,,,,,,,,,,,,,,,,,,,,,,,,,,,,,,,,,,,,,,,,,,,,,,,,,,,,,,,,,,,,,43|3.73|2639.04|3.77|9|1|韩建河山,129|1.61|2681.48|5.52|8|2|韩建河山,471|-1.97|2628.68|5.40|0|9|四方新材,321|0.25|2635.28|3.27|8|2|海南瑞泽,411|-3.15|2552.29|3.38|0|10|西部建设,109|-1.37|2517.33|3.39|2|8|韩建河山,401|-1.40|2482|3.05|3|6|海南瑞泽,324|0.52|2494.94|3.14|7|3|国统股份,26|3.56|2583.64|3.22|10|0|红墙股份,365|-1.47|2545.59|3.05|0|10|垒知集团,280|1.28|2578.25|2.17|9|0|苏博特,392|-0.72|2559.74|2.17|2|7|西部建设,427|-1.57|2519.55|2.05|0|8|苏博特,164|-0.19|2514.72|2.28|2|4|四方新材,361|-0.52|2501.6|2.18|2|7|海南瑞泽,175|-1.09|2474.32|2.62|2|7|西部建设,181|0.95|2497.94|2.26|7|2|韩建河山,418|-3.43|2412.16|2.25|0|9|三和管桩,398|-3.12|2336.98|2.20|0|9|三和管桩,103|-4.06|2242.13|3.45|1|8|韩建河山,168|3.67|2324.37|3.73|8|1|龙泉股份,191|2.17|2374.73|2.66|8|1|西部建设,403|-2.18|2322.89|2.53|0|9|三和管桩,163|1.58|2359.51|1.99|9|0|四方新材,55|1.43|2393.15|1.99|9|0|国统股份,254|-1.26|2362.97|1.88|1|8|西部建设,398|0.45|2373.49|1.80|7|2|苏博特,429|-2.66|2310.33|2.07|0|9|西部建设,476|-4.47|2207|2.47|0|9|苏博特,61|2.86|2270.07|2.12|8|1|韩建河山,275|3.17|2341.94|2.05|9|0|西部建设,452|-2.51|2283.15|1.80|0|9|韩建河山,338|0.45|2293.49|1.47|6|2|国统股份,240|0.11|2296.03|1.29|4|4|龙泉股份,432|-0.36|2287.74|1.47|2|7|苏博特,340|-0.91|2266.99|1.35|0|9|国统股份,240|1.38|2298.17|1.41|9|0|垒知集团,432|-1.25|2269.49|1.71|0|9|四方新材,92|1.59|2305.5|1.67|9|0|苏博特,242|-0.24|2300.01|1.64|3|6|苏博特,474|-1.32|2269.56|1.53|0|9|垒知集团,116|-0.10|2267.2|1.70|2|7|四方新材
BK1464|水泥制造,,,,,,,,,,,,,,,,,,,,,,,,,,,,,,,,,,,,,,,,,,,,,,,,,,,,,,,,,,,,,,,,,,,,,,,286|1.12|2638.41|1.01|11|2|青松建化,84|2.10|2693.88|1.71|13|1|海螺水泥,437|-1.42|2655.53|1.20|1|12|西藏天路,420|-0.20|2650.2|1.02|7|5|福建水泥,127|-0.61|2633.97|1.34|7|7|华新建材,201|-2.52|2567.72|1.37|0|14|上峰水泥,313|-0.98|2542.65|1.04|2|11|上峰水泥,365|0.22|2548.26|0.90|7|6|宁夏建材,166|1.92|2597.28|0.90|14|0|宁夏建材,362|-1.47|2559.19|0.99|1|13|宁夏建材,399|0.46|2570.9|0.83|10|4|华新建材,118|0.67|2588.06|0.87|10|4|塔牌集团,199|-0.53|2574.34|0.92|4|9|金隅集团,64|0.53|2588.07|1.28|9|4|四川金顶,452|-1.93|2538.24|1.16|1|13|万年青,61|-0.13|2534.95|1.10|6|7|宁夏建材,320|-0.04|2533.99|1.02|6|6|上峰水泥,352|-2.98|2458.52|0.99|0|13|塔牌集团,156|-1.70|2416.69|0.97|1|13|金隅冀东,119|-4.30|2312.69|1.54|1|13|金隅集团,387|2.57|2372.03|1.46|12|2|宁夏建材,88|2.69|2435.75|1.16|13|0|福建水泥,339|-1.80|2391.88|0.89|0|13|万年青,442|0.14|2395.24|0.92|10|4|西藏天路,63|1.36|2427.91|1.18|11|3|福建水泥,117|-0.63|2412.5|0.96|5|9|华新建材,330|0.93|2435.03|0.91|12|2|华新建材,164|-1.05|2409.54|0.72|1|13|华新建材,258|-2.45|2350.39|0.76|1|13|华新建材,275|1.13|2376.92|0.57|12|2|尖峰集团,293|3.02|2448.79|0.86|14|0|上峰水泥,358|-1.91|2402|0.72|2|12|华新建材,410|0.04|2402.97|0.59|6|4|宁夏建材,269|-0.02|2402.4|0.69|6|8|尖峰集团,422|-0.32|2394.79|0.81|6|8|上峰水泥,229|-0.41|2384.98|0.64|3|10|尖峰集团,348|0.87|2405.7|0.78|12|2|宁夏建材,328|-0.45|2394.87|0.64|4|10|尖峰集团,297|0.48|2406.35|0.70|8|5|尖峰集团,141|0.22|2411.54|0.74|4|10|四川金顶,318|-0.13|2408.52|0.89|3|10|上峰水泥,151|-0.43|2398.09|0.89|6|8|塔牌集团
BK1465|防水材料,,,,,,,,,,,,,,,,,,,,,,,,,,,,,,,,,,,,,,,,,,,,,,,,,,,,,,,,,,,,,,,,,,,,,,,139|2.20|8179.65|2.20|3|0|科顺股份,2|9.27|8937.8|5.54|3|0|科顺股份,493|-2.72|8694.49|4.02|1|2|凯伦股份,477|-0.92|8614.65|2.76|1|2|凯伦股份,13|6.75|9195.95|5.04|3|0|凯伦股份,418|-4.62|8771.38|4.52|1|2|凯伦股份,246|-0.69|8710.43|2.93|1|2|凯伦股份,484|-2.68|8476.81|3.09|0|3|东方雨虹,473|-1.04|8388.49|2.40|1|2|东方雨虹,480|-2.85|8149.12|3.17|0|3|凯伦股份,116|2.28|8334.73|1.86|3|0|东方雨虹,165|0.21|8351.88|2.83|1|2|科顺股份,422|-1.55|8222.59|2.22|1|2|凯伦股份,408|-1.71|8081.94|3.03|0|2|科顺股份,359|-0.52|8040.24|3.46|2|1|凯伦股份,56|0.04|8043.5|2.94|1|2|东方雨虹,362|-0.36|8014.49|1.91|1|2|凯伦股份,465|-4.38|7663.34|2.62|0|3|科顺股份,188|-1.96|7512.9|2.23|0|3|东方雨虹,112|-4.15|7201.26|2.56|0|3|凯伦股份,4|6.86|7695.31|3.38|3|0|科顺股份,460|0.46|7730.83|2.11|2|1|东方雨虹,78|-0.34|7704.76|1.84|1|1|东方雨虹,94|2.08|7865.09|1.63|2|1|凯伦股份,393|-0.40|7833.3|3.13|1|2|东方雨虹,116|-0.62|7784.49|2.05|1|2|科顺股份,221|1.54|7904.62|1.58|3|0|东方雨虹,293|-1.74|7767.35|1.50|0|3|东方雨虹,475|-4.43|7422.94|1.40|0|3|东方雨虹,359|0.67|7472.83|1.20|1|1|凯伦股份,66|5.55|7887.4|2.48|3|0|科顺股份,130|-0.66|7835.02|1.72|1|2|凯伦股份,360|0.32|7859.85|1.59|2|1|科顺股份,97|0.86|7927.34|2.33|2|1|东方雨虹,475|-1.29|7825.19|2.15|1|2|东方雨虹,61|0.78|7886.35|1.97|3|0|凯伦股份,158|1.70|8020.22|1.79|3|0|科顺股份,458|-1.45|7904.3|4.93|0|3|科顺股份,449|-0.38|7873.9|3.41|1|2|凯伦股份,483|-1.76|7735.54|2.07|0|3|科顺股份,52|1.61|7859.94|2.73|2|1|科顺股份,44|1.11|7947.21|2.85|2|1|科顺股份
BK1466|管材,,,,,,,,,,,,,,,,,,,,,,,,,,,,,,,,,,,,,,,,,,,,,,,,,,,,,,,,,,,,,,,,,,,,,,,48|3.62|2138.4|2.53|5|2|青龙管业,170|1.20|2164.15|2.96|6|1|青龙管业,294|-0.52|2152.94|2.42|1|6|青龙管业,377|0.06|2154.13|1.62|4|3|雄塑科技,361|-2.67|2096.53|2.47|0|7|伟星新材,153|-2.01|2054.49|2.46|1|6|雄塑科技,376|-1.25|2028.81|2.04|1|6|青龙管业,251|0.92|2047.4|1.53|5|2|顾地科技,183|1.83|2084.89|1.36|6|1|东宏股份,99|0.13|2087.59|1.72|2|5|东宏股份,440|-0.20|2083.45|1.61|4|3|雄塑科技,462|-1.37|2054.96|1.76|0|7|公元股份,87|0.28|2060.68|2.22|4|3|东宏股份,105|0.17|2064.14|2.59|5|2|ST纳川,48|1.59|2096.91|3.07|3|4|ST纳川,377|-2.42|2046.23|2.73|1|6|青龙管业,232|0.60|2058.57|1.74|3|3|东宏股份,421|-3.46|1987.44|2.10|0|7|伟星新材,326|-2.60|1935.8|1.74|0|7|ST纳川,186|-4.98|1839.46|2.17|0|7|顾地科技,55|4.57|1923.57|1.76|7|0|顾地科技,308|1.69|1956.06|1.63|6|1|顾地科技,181|-1.05|1935.51|1.26|1|6|雄塑科技,290|1.03|1955.52|1.14|6|1|顾地科技,61|1.38|1982.56|1.28|6|1|顾地科技,390|-2.32|1936.58|1.15|0|7|伟星新材,390|0.53|1946.8|0.99|4|1|雄塑科技,162|-1.01|1927.1|1.05|2|5|伟星新材,196|-2.05|1887.57|1.64|1|6|雄塑科技,442|0.11|1889.72|1.18|4|3|顾地科技,389|2.06|1928.67|1.46|7|0|青龙管业,177|-0.93|1910.69|1.36|1|6|雄塑科技,113|1.27|1934.96|1.48|7|0|ST纳川,186|0.37|1942.11|1.35|3|4|顾地科技,399|-0.10|1940.1|1.31|3|3|伟星新材,111|0.20|1943.89|1.39|4|3|雄塑科技,302|1.08|1964.91|1.33|6|1|雄塑科技,403|-0.98|1945.65|1.47|2|5|雄塑科技,91|1.61|1976.95|2.02|5|2|雄塑科技,474|-1.63|1944.77|1.45|0|7|公元股份,364|-0.39|1937.27|1.40|3|4|顾地科技,153|-0.45|1928.49|1.30|2|5|东宏股份
BK1467|耐火材料,,,,,,,,,,,,,,,,,,,,,,,,,,,,,,,,,,,,,,,,,,,,,,,,,,,,,,,,,,,,,,,,,,,,,,,189|1.72|2605.33|2.19|7|1|濮耐股份,122|1.70|2649.6|2.16|8|0|北京利尔,232|-0.20|2644.38|1.93|4|4|中钢洛耐,136|1.18|2675.69|2.55|7|1|濮耐股份,299|-2.36|2612.51|2.53|0|8|濮耐股份,332|-3.60|2518.34|2.95|2|6|国亮新材,215|-0.58|2503.74|1.99|2|6|瑞泰科技,228|1.04|2529.82|1.66|7|0|瑞泰科技,370|0.82|2550.53|1.76|6|2|濮耐股份,447|-2.32|2491.43|2.29|1|7|科创新材,226|1.54|2529.91|1.71|8|0|中钢洛耐,386|-0.70|2512.18|1.93|4|4|国亮新材,175|-0.37|2502.88|2.74|3|5|瑞泰科技,323|-1.07|2476.15|1.71|2|6|国亮新材,349|-0.44|2465.31|1.57|3|5|瑞泰科技,187|-1.22|2435.31|1.35|1|7|国亮新材,321|-0.04|2434.35|1.23|3|5|中钢洛耐,437|-3.79|2342.2|1.46|0|8|鲁阳节能,286|-2.43|2285.2|1.60|0|8|东和新材,474|-6.80|2129.73|2.34|0|8|瑞泰科技,163|3.71|2208.8|2.05|8|0|濮耐股份,349|1.47|2241.33|1.42|8|0|鲁阳节能,237|-1.30|2212.2|1.25|1|7|瑞泰科技,185|1.39|2242.98|1.00|7|0|东和新材,246|0.29|2249.39|1.18|5|3|中钢洛耐,172|-0.92|2228.78|1.11|2|6|瑞泰科技,265|1.31|2258.05|1.03|7|1|北京利尔,121|-0.60|2244.46|1.50|2|6|濮耐股份,378|-3.06|2175.83|1.17|0|8|北京利尔,288|1.05|2198.72|0.88|8|0|鲁阳节能,153|4.31|2293.42|1.51|8|0|濮耐股份,135|-0.68|2277.93|1.34|2|6|瑞泰科技,75|1.58|2313.88|1.46|8|0|瑞泰科技,398|-0.65|2298.92|1.45|3|5|濮耐股份,241|0.66|2314.2|1.40|5|3|濮耐股份,307|-0.74|2296.98|1.22|2|6|国亮新材,334|0.94|2318.51|1.15|8|0|瑞泰科技,42|2.00|2364.98|1.37|5|3|科创新材,29|2.54|2425.14|3.97|7|2|北京利尔,471|-1.61|2386.03|3.21|1|7|北京利尔,62|1.33|2417.88|2.75|7|2|北京利尔,362|-1.70|2376.89|2.22|2|7|科创新材
BK1468|其他建材Ⅲ,,,,,,,,,,,,,,,,,,,,,,,,,,,,,,,,,,,,,,,,,,,,,,,,,,,,,,,,,,,,,,,,,,,,,,,194|1.69|5180.15|2.57|13|4|扬子新材,128|1.61|5263.47|3.48|13|4|坚朗五金,356|-0.75|5223.75|2.45|5|12|法狮龙,314|0.28|5238.29|1.91|8|9|万里石,198|-1.56|5156.68|2.89|4|12|北新建材,231|-2.74|5015.41|2.60|0|17|方大Ｂ,163|-0.30|5000.43|2.47|5|12|中旗新材,411|-0.18|4991.29|2.10|10|7|罗普斯金,152|2.01|5091.81|2.55|12|4|扬子新材,345|-1.41|5020.15|2.26|2|14|方大Ｂ,70|2.65|5153.08|1.93|15|0|法狮龙,358|-0.58|5123.37|1.93|3|11|中旗新材,345|-1.16|5064.1|2.38|2|15|扬子新材,125|0.02|5064.88|3.08|6|9|晶雪节能,155|0.62|5096.03|2.57|9|7|开尔新材,155|-0.99|5045.53|3.96|3|13|开尔新材,331|-0.15|5037.98|3.25|9|8|晶雪节能,332|-2.83|4895.3|2.61|0|16|方大Ｂ,370|-2.86|4755.19|2.87|1|16|法狮龙,376|-5.89|4475.23|3.01|0|17|开尔新材,35|4.84|4692.04|2.95|17|0|森泰股份,142|2.38|4803.83|2.34|17|0|友邦吊顶,244|-1.34|4739.5|1.94|2|14|法狮龙,182|1.40|4806.05|2.36|13|2|扬子新材,195|0.49|4829.79|2.35|9|7|北新建材,243|-1.23|4770.57|2.07|3|12|兔 宝 宝,328|0.94|4815.6|1.78|11|4|万里石,296|-1.75|4731.12|1.66|3|13|北新建材,324|-2.80|4598.84|2.23|2|15|友邦吊顶,99|2.30|4704.75|2.03|14|3|森泰股份,238|3.47|4868.19|2.17|17|0|法狮龙,126|-0.65|4836.56|2.02|3|14|友邦吊顶,257|0.78|4874.12|1.83|12|5|扬子新材,342|-0.40|4854.7|1.78|8|9|扬子新材,383|0.02|4855.58|1.85|5|9|万里石,157|-0.13|4849.36|2.08|7|10|罗普斯金,72|2.33|4962.19|2.43|14|2|罗普斯金,381|-0.81|4921.97|2.74|6|11|华立股份,259|0.63|4953.05|2.81|11|6|开尔新材,398|-0.92|4907.71|2.27|4|12|开尔新材,235|0.21|4918.21|2.28|6|11|中旗新材,341|-1.54|4842.43|2.32|2|13|华立股份
BK1469|涂料,,,,,,,,,,,,,,,,,,,,,,,,,,,,,,,,,,,,,,,,,,,,,,,,,,,,,,,,,,,,,,,,,,,,,,,397|0.23|1430.68|0.96|1|1|亚士创能,314|0.55|1438.56|1.24|1|1|三棵树,492|-2.64|1400.55|1.23|0|2|亚士创能,277|0.41|1406.26|1.04|1|1|亚士创能,112|-0.35|1401.37|1.38|1|1|三棵树,472|-6.37|1312.17|1.54|0|2|三棵树,433|-1.76|1289.1|1.18|0|2|亚士创能,373|0.14|1290.91|0.88|1|1|亚士创能,345|0.96|1303.34|0.94|1|1|亚士创能,490|-3.29|1260.47|1.17|0|2|亚士创能,201|1.65|1281.3|0.75|2|0|亚士创能,262|-0.24|1278.27|0.99|1|1|三棵树,144|-0.19|1275.82|0.84|1|1|三棵树,39|0.82|1286.33|0.96|1|1|三棵树,91|1.04|1299.74|1.26|1|1|三棵树,272|-1.67|1278.03|0.89|0|2|三棵树,310|0.06|1278.85|0.83|1|1|亚士创能,440|-3.81|1230.08|0.93|0|2|三棵树,90|-1.23|1215.01|1.14|1|1|三棵树,158|-4.82|1156.47|1.53|0|2|三棵树,142|3.86|1201.14|1.05|2|0|亚士创能,176|2.22|1227.85|0.76|2|0|三棵树,174|-1.03|1215.25|0.66|0|2|三棵树,259|1.11|1228.79|0.71|2|0|亚士创能,10|4.07|1278.85|1.08|2|0|三棵树,439|-2.92|1241.49|1.07|0|2|亚士创能,456|-0.33|1237.39|1.17|1|1|三棵树,361|-2.09|1211.48|0.82|0|2|三棵树,463|-4.00|1163.01|0.90|0|2|三棵树,67|2.70|1194.4|1.17|2|0|亚士创能,342|2.60|1225.49|1.09|2|0|亚士创能,198|-1.05|1212.64|0.89|1|1|三棵树,409|0.04|1213.14|1.03|1|1|亚士创能,473|-1.48|1195.24|1.20|1|1|亚士创能,400|-0.12|1193.81|0.85|1|1|三棵树,56|0.83|1203.69|0.92|1|1|三棵树,151|1.74|1224.67|0.95|1|1|亚士创能,450|-1.39|1207.7|0.91|0|2|三棵树,367|0.22|1210.39|0.91|1|1|亚士创能,428|-1.15|1196.46|0.81|1|1|亚士创能,428|-0.83|1186.55|0.84|0|2|亚士创能,487|-4.13|1137.51|1.97|0|2|亚士创能
BK1470|房屋建设Ⅲ,,,,,,,,,,,,,,,,,,,,,,,,,,,,,,,,,,,,,,,,,,,,,,,,,,,,,,,,,,,,,,,,,,,,,,,417|-0.01|2305.01|0.82|5|2|龙元建设,349|0.42|2314.79|1.85|4|2|上海建工,159|0.35|2322.89|0.94|3|4|龙元建设,70|2.12|2372.1|1.06|8|0|高新发展,185|-1.46|2337.55|1.40|1|6|陕建股份,193|-2.48|2279.59|1.56|1|6|陕建股份,397|-1.36|2248.63|1.37|1|7|高新发展,214|1.11|2273.54|0.98|7|1|龙元建设,50|2.93|2340.24|1.23|8|0|宁波建工,44|1.23|2369.14|1.14|3|3|宁波建工,164|1.89|2413.84|1.08|7|0|宁波建工,25|2.30|2469.24|2.68|7|1|宁波建工,162|-0.30|2461.86|2.33|4|4|宁波建工,375|-1.32|2429.28|2.22|4|4|重庆建工,434|-1.50|2392.85|1.68|1|7|高新发展,149|-0.96|2369.8|1.47|3|3|龙元建设,347|-0.25|2363.83|1.45|2|6|宁波建工,76|-1.29|2333.4|1.27|1|7|宁波建工,423|-3.29|2256.71|1.29|0|8|中国建筑,229|-5.21|2139.04|1.77|0|8|中国建筑,172|3.63|2216.74|1.09|8|0|龙元建设,24|3.69|2298.58|1.28|8|0|浙江建投,440|-2.55|2239.89|0.90|0|8|中国建筑,453|-0.06|2238.58|0.77|3|4|高新发展,108|1.04|2261.96|0.89|5|1|高新发展,48|0.10|2264.14|1.02|3|4|浙江建投,383|0.60|2277.62|1.09|4|3|宁波建工,319|-1.85|2235.46|0.90|1|7|中国建筑,224|-2.29|2184.27|0.68|0|8|中国建筑,229|1.33|2213.38|0.59|7|1|龙元建设,219|3.69|2295.15|1.15|8|0|高新发展,200|-1.07|2270.67|0.78|2|6|高新发展,418|-0.01|2270.46|0.63|3|3|高新发展,361|-0.47|2259.75|0.64|1|5|宁波建工,443|-0.47|2249.09|0.71|7|1|高新发展,403|-1.21|2221.93|0.81|2|4|高新发展,387|0.67|2236.91|0.73|5|1|宁波建工,372|-0.75|2220.06|1.03|2|6|高新发展,492|-1.26|2191.99|1.06|0|8|宁波建工,416|-1.07|2168.5|1.06|3|5|浙江建投,210|0.37|2176.6|0.84|3|3|宁波建工,79|0.29|2182.99|0.89|3|4|高新发展
BK1471|工程咨询服务Ⅲ,,,,,,,,,,,,,,,,,,,,,,,,,,,,,,,,,,,,,,,,,,,,,,,,,,,,,,,,,,,,,,,,,,,,,,,180|1.83|923.16|4.08|43|4|太极实业,419|0.10|924.06|3.75|19|26|华阳国际,239|-0.21|922.1|3.28|17|29|杰恩设计,158|1.02|931.46|2.93|32|14|中国瑞林,359|-2.67|906.56|3.25|4|43|中国瑞林,237|-2.79|881.3|3.74|3|43|旭杰科技,147|-0.19|879.59|2.89|21|25|华建集团,327|0.51|884.09|2.76|36|11|太极实业,88|2.49|906.1|2.86|45|2|筑博设计,252|-0.98|897.24|2.87|9|38|深圳瑞捷,128|2.16|916.63|3.20|43|3|中衡设计,395|-0.73|909.95|2.87|10|37|华建集团,261|-0.79|902.78|2.38|9|37|杰恩设计,191|-0.34|899.7|2.69|21|25|尤安设计,198|0.38|903.13|3.13|21|22|太极实业,198|-1.29|891.49|4.12|9|37|设计总院,155|1.10|901.3|3.71|33|14|矩阵股份,318|-2.78|876.25|3.07|2|45|甘咨询,295|-2.46|854.7|3.11|5|42|矩阵股份,370|-5.87|804.54|3.53|2|45|杰恩设计,51|4.63|841.76|3.35|46|1|中衡设计,286|1.77|856.65|3.16|42|3|杰恩设计,357|-1.87|840.67|2.90|2|45|杰恩设计,409|0.53|845.16|2.67|35|10|中达安,156|0.68|850.94|2.44|28|19|中衡设计,214|-1.12|841.38|3.26|9|38|矩阵股份,107|2.10|859.07|2.95|44|3|苏交科,260|-1.58|845.52|2.51|9|37|杰恩设计,412|-3.32|817.42|1.98|1|46|蕾奥规划,122|1.99|833.67|2.15|42|5|霍普股份,168|4.11|867.94|2.59|46|1|杰恩设计,210|-1.10|858.38|2.60|9|38|华建集团,156|1.15|868.21|2.49|40|7|杰恩设计,278|-0.07|867.61|1.96|20|26|杰恩设计,186|0.86|875.06|3.46|34|13|太极实业,287|-0.66|869.32|2.62|12|35|勘设股份,208|1.47|882.09|2.56|41|5|深城交,208|0.20|883.82|2.27|18|29|广咨国际,138|1.20|894.45|2.27|37|8|中衡设计,187|-0.01|894.33|2.05|22|23|中衡设计,278|0.05|894.75|2.61|18|28|中诚咨询,155|-0.47|890.58|2.69|16|31|中衡设计
BK1472|基建市政工程,,,,,,,,,,,,,,,,,,,,,,,,,,,,,,,,,,,,,,,,,,,,,,,,,,,,,,,,,,,,,,,,,,,,,,,112|2.44|2437.15|1.98|28|1|誉帆科技,185|1.07|2463.18|2.52|23|5|誉帆科技,179|0.19|2467.81|1.29|15|12|誉帆科技,132|1.22|2497.89|1.53|22|4|成都路桥,122|-0.48|2485.96|1.97|10|17|成都路桥,236|-2.78|2416.89|1.85|1|28|五新隧装,244|-0.68|2400.55|1.45|8|20|誉帆科技,276|0.81|2420.08|1.92|22|7|中国核建,148|2.03|2469.31|2.83|26|2|中国能建,149|-0.44|2458.53|3.80|9|19|苏文电能,285|1.25|2489.31|3.77|25|3|中国能建,79|1.05|2515.47|3.30|18|9|中国能建,97|0.21|2520.64|5.70|14|14|中国能建,28|1.16|2549.79|5.69|20|8|中国电建,462|-2.28|2491.75|5.11|3|25|成都路桥,246|-1.55|2453.04|3.17|2|27|ST围海,332|-0.15|2449.36|3.00|9|20|宏润建设,189|-2.22|2394.95|2.40|1|28|中国能建,176|-1.85|2350.61|2.62|3|26|四川路桥,138|-4.60|2242.52|2.87|2|27|中国能建,224|3.35|2317.56|2.39|28|1|誉帆科技,147|2.37|2372.39|2.77|27|2|新疆交建,275|-1.55|2335.73|1.98|3|25|成都路桥,435|0.19|2340.2|1.40|17|11|汇通集团,66|1.34|2371.6|1.77|22|5|安徽建工,33|0.41|2381.29|1.92|11|16|安徽建工,443|-0.11|2378.65|1.78|16|11|北新路桥,212|-1.38|2345.83|1.49|4|24|安徽建工,322|-2.78|2280.66|1.42|2|27|*ST正平,376|0.61|2294.54|1.13|18|9|汇通集团,250|3.39|2372.28|1.59|28|1|腾达建设,325|-1.77|2330.34|1.15|2|27|ST围海,355|0.36|2338.62|1.08|16|8|苏文电能,392|-0.61|2324.25|1.00|7|20|安徽建工,225|0.74|2341.49|1.01|22|6|五新隧装,143|0.00|2341.48|1.20|13|13|交建股份,261|1.25|2370.84|1.33|17|7|宏润建设,114|0.86|2391.33|1.43|15|11|成都路桥,288|0.51|2403.46|1.59|16|11|宏润建设,105|0.47|2414.85|1.92|13|13|交建股份,358|-0.36|2406.25|1.37|8|17|宏润建设,203|-0.70|2389.46|1.56|9|17|交建股份
BK1473|园林工程,,,,,,,,,,,,,,,,,,,,,,,,,,,,,,,,,,,,,,,,,,,,,,,,,,,,,,,,,,,,,,,,,,,,,,,145|2.11|3883.75|2.82|17|3|国晟科技,207|0.97|3921.3|4.48|14|6|蒙草生态,67|1.45|3978.07|6.11|11|8|美丽生态,224|0.67|4004.74|6.00|10|9|美丽生态,430|-3.34|3870.85|4.98|1|18|汇绿生态,264|-3.03|3753.58|4.69|1|18|汇绿生态,39|1.40|3806.01|4.45|11|7|美丽生态,104|1.73|3871.72|4.78|13|6|汇绿生态,23|3.61|4011.55|4.06|18|1|诚邦股份,255|-0.98|3972.14|3.89|2|17|汇绿生态,101|2.42|4068.18|3.10|16|1|汇绿生态,251|-0.20|4059.91|3.55|5|14|汇绿生态,400|-1.42|4002.33|3.61|3|14|ST岭南,190|-0.34|3988.88|3.58|8|11|美丽生态,139|0.69|4016.6|3.80|9|9|园林股份,271|-1.66|3949.88|4.53|4|15|节能铁汉,70|1.76|4019.51|3.51|12|7|诚邦股份,184|-2.20|3931.25|3.06|1|18|诚邦股份,274|-2.40|3836.83|3.73|3|16|汇绿生态,251|-5.35|3631.55|4.13|1|18|农尚环境,47|4.68|3801.67|3.53|19|0|普邦股份,103|2.55|3898.51|3.83|18|1|普邦股份,476|-3.36|3767.53|3.52|1|18|棕榈股份,418|0.49|3786.07|2.69|13|6|园林股份,184|0.55|3806.98|3.14|12|6|棕榈股份,424|-2.67|3705.5|3.11|0|18|ST岭南,323|0.96|3741.12|4.37|13|6|汇绿生态,388|-2.28|3655.84|3.41|2|17|美丽生态,367|-2.99|3546.68|3.43|2|17|园林股份,63|2.78|3645.23|2.85|17|1|棕榈股份,135|4.51|3809.48|3.62|19|0|普邦股份,463|-2.64|3708.99|3.17|1|17|园林股份,136|1.21|3753.77|4.53|14|4|蒙草生态,108|0.78|3783.04|4.07|12|7|美丽生态,169|0.98|3820.07|3.74|13|5|园林股份,422|-1.39|3767.13|3.22|3|16|天域生物,55|2.55|3863.31|3.59|17|1|园林股份,348|-0.55|3842.14|3.67|5|14|汇绿生态,368|0.22|3850.65|3.06|9|8|农尚环境,265|-0.32|3838.46|2.58|5|13|杭州园林,331|-0.21|3830.47|3.03|8|10|汇绿生态,174|-0.53|3810.32|2.77|3|15|杭州园林
BK1474|钢结构,,,,,,,,,,,,,,,,,,,,,,,,,,,,,,,,,,,,,,,,,,,,,,,,,,,,,,,,,,,,,,,,,,,,,,,205|1.61|3426.96|4.32|8|2|富煌钢构,147|1.41|3475.3|4.04|5|3|鸿路钢构,80|1.19|3516.68|4.50|5|5|鸿路钢构,457|-0.43|3501.48|4.10|8|2|森特股份,279|-2.25|3422.74|4.20|1|8|鸿路钢构,199|-2.50|3337.21|3.94|2|8|东南网架,68|0.52|3354.67|3.72|4|6|宏盛华源,211|1.12|3392.39|3.82|8|2|宏盛华源,219|1.62|3447.22|3.50|8|2|鸿路钢构,118|-0.15|3442.21|3.98|2|7|宏盛华源,247|1.46|3492.51|3.34|9|1|海波重科,365|-0.59|3471.97|3.11|2|8|东南网架,99|0.17|3478.02|2.91|3|6|森特股份,75|0.36|3490.38|3.64|6|4|富煌钢构,437|-1.57|3435.65|3.45|1|8|鸿路钢构,249|-1.56|3382.11|2.99|2|8|东南网架,109|1.48|3432.1|2.67|6|4|森特股份,416|-3.39|3315.62|2.92|1|9|森特股份,395|-3.08|3213.44|2.91|0|10|百甲科技,163|-4.87|3057.07|3.10|0|10|杭萧钢构,58|4.51|3195.08|2.89|10|0|富煌钢构,89|2.68|3280.6|2.60|10|0|东南网架,336|-1.79|3221.99|2.18|1|9|鸿路钢构,392|0.61|3241.78|1.68|8|2|森特股份,359|-0.21|3234.91|1.89|4|4|日上集团,284|-1.42|3188.82|1.88|0|8|日上集团,254|1.36|3232.29|2.96|9|1|东南网架,471|-3.24|3127.62|2.09|0|10|百甲科技,263|-2.48|3050.1|1.83|2|8|东南网架,235|1.32|3090.37|1.58|8|2|海波重科,132|4.52|3230.11|2.11|10|0|鸿路钢构,278|-1.49|3181.92|1.71|2|8|东南网架,230|0.86|3209.4|1.81|6|4|东南网架,418|-0.81|3183.43|1.87|3|7|东南网架,363|0.13|3187.7|1.90|4|6|鸿路钢构,295|-0.68|3166.18|1.76|2|8|东南网架,322|1.00|3197.91|1.66|9|1|海波重科,341|-0.52|3181.22|1.79|1|9|百甲科技,356|0.26|3189.54|2.79|6|3|森特股份,244|-0.24|3181.82|2.37|3|6|森特股份,359|-0.36|3170.47|2.81|3|7|精工钢构,234|-0.86|3143.29|2.56|2|8|精工钢构
BK1475|国际工程,,,,,,,,,,,,,,,,,,,,,,,,,,,,,,,,,,,,,,,,,,,,,,,,,,,,,,,,,,,,,,,,,,,,,,,116|2.41|2866.03|1.74|4|0|北方国际,197|1.01|2894.94|1.89|4|0|中钢国际,128|0.63|2913.32|1.38|3|1|中材国际,68|2.20|2977.33|1.88|3|1|北方国际,107|-0.19|2971.6|1.84|1|3|中材国际,47|-0.06|2969.69|2.35|3|1|北方国际,36|1.47|3013.26|2.55|3|1|北方国际,385|0.05|3014.77|2.14|3|1|北方国际,384|0.71|3036.23|1.35|3|1|中材国际,64|0.77|3059.54|2.07|2|2|北方国际,474|-1.95|3000|2.42|1|3|中材国际,105|0.80|3024.06|1.93|3|1|中材国际,69|0.62|3042.92|1.65|4|0|中钢国际,25|1.33|3083.31|2.24|3|1|北方国际,483|-3.17|2985.62|2.03|0|4|中工国际,303|-1.93|2927.98|1.33|0|4|中钢国际,461|-1.26|2891.23|1.48|1|3|中钢国际,303|-2.72|2812.73|1.49|0|4|中钢国际,35|-0.21|2806.8|1.37|1|3|北方国际,43|-2.56|2735.01|2.54|1|3|北方国际,5|6.64|2916.74|2.50|4|0|北方国际,344|1.49|2960.29|2.92|3|1|中钢国际,203|-1.15|2926.21|1.91|0|4|中钢国际,488|-0.95|2898.47|1.64|0|3|中钢国际,40|1.65|2946.29|2.27|4|0|中材国际,16|1.93|3003.25|2.50|3|1|北方国际,432|0.04|3004.42|4.84|3|1|中工国际,4|4.49|3139.37|4.59|4|0|中工国际,481|-4.58|2995.6|4.22|0|4|中材国际,8|5.72|3166.98|4.82|4|0|中工国际,8|7.58|3407.04|4.95|4|0|中工国际,480|-2.99|3305|7.18|0|4|中工国际,495|-3.29|3196.29|5.01|0|4|中钢国际,496|-6.26|2996.36|5.00|0|4|中钢国际,2|5.67|3166.28|5.21|4|0|中工国际,5|3.93|3290.68|4.99|4|0|中工国际,493|-1.45|3242.87|4.48|0|3|中材国际,411|-1.07|3208.07|4.14|0|4|中材国际,111|1.37|3252.04|4.38|2|2|中工国际,98|0.58|3270.88|3.56|2|2|北方国际,491|-2.51|3188.86|2.94|0|4|中钢国际,472|-3.09|3090.45|3.03|0|4|中材国际
BK1476|化学工程,,,,,,,,,,,,,,,,,,,,,,,,,,,,,,,,,,,,,,,,,,,,,,,,,,,,,,,,,,,,,,,,,,,,,,,45|3.69|2913.62|2.62|7|0|百利科技,393|0.22|2920.16|3.30|4|2|中国化学,266|-0.35|2909.92|2.20|3|4|东华科技,109|1.54|2954.72|3.39|4|1|中国化学,119|-0.43|2942.03|3.40|4|3|三维化学,187|-2.44|2870.33|3.51|0|7|三维化学,77|0.46|2883.66|2.43|4|2|百利科技,226|1.06|2914.13|2.50|6|1|利柏特,174|1.87|2968.62|3.14|7|0|百利科技,153|-0.48|2954.25|4.17|3|4|东华科技,297|1.17|2988.74|2.52|5|2|百利科技,138|0.41|3001.05|3.73|3|4|中国化学,151|-0.24|2993.78|5.10|3|4|中国化学,84|0.29|3002.54|4.70|4|3|三维化学,445|-1.76|2949.72|4.32|2|5|东华科技,107|-0.70|2929|3.01|1|6|利柏特,459|-1.23|2893.01|2.67|2|5|百利科技,281|-2.64|2816.56|2.84|0|7|镇海股份,81|-1.12|2784.91|2.66|2|5|利柏特,159|-4.82|2650.66|2.77|0|7|东华科技,316|2.95|2728.75|2.17|7|0|镇海股份,86|2.70|2802.41|3.34|6|1|中国化学,307|-1.66|2755.81|2.27|1|6|镇海股份,260|1.11|2786.49|2.04|6|1|镇海股份,245|0.30|2794.76|1.94|4|3|利柏特,409|-2.49|2725.28|2.01|0|6|百利科技,125|2.04|2780.79|1.83|6|0|三联虹普,160|-1.00|2753.12|1.34|1|5|利柏特,360|-2.94|2672.25|1.36|0|6|三联虹普,33|3.76|2772.61|2.48|5|1|镇海股份,331|2.72|2847.97|3.09|5|1|镇海股份,54|-0.10|2845.02|2.17|2|4|镇海股份,189|1.04|2874.57|2.07|5|0|百利科技,292|-0.14|2870.62|2.09|2|4|百利科技,61|2.00|2928.16|2.19|4|2|利柏特,427|-1.45|2885.65|2.18|2|4|镇海股份,39|2.88|2968.88|2.27|5|1|镇海股份,316|-0.37|2957.95|1.97|2|4|利柏特,192|0.92|2985.12|1.74|4|2|镇海股份,355|-0.70|2964.11|1.58|2|4|东华科技,378|-0.49|2949.7|2.13|2|4|镇海股份,331|-1.45|2906.86|2.16|1|5|中国化学
BK1477|其他专业工程,,,,,,,,,,,,,,,,,,,,,,,,,,,,,,,,,,,,,,,,,,,,,,,,,,,,,,,,,,,,,,,,,,,,,,,108|2.51|4231.93|4.21|14|6|时空科技,66|2.45|4335.56|5.43|15|5|再升科技,91|0.99|4378.46|4.88|10|10|圣晖集成,111|1.51|4444.71|4.28|16|4|华电科工,221|-1.83|4363.35|3.75|3|17|罗曼股份,457|-5.52|4122.35|3.61|0|20|中国海诚,64|0.66|4149.58|2.65|9|10|永福股份,331|0.48|4169.57|2.57|14|6|华电科工,422|0.31|4182.45|2.39|12|8|中国海诚,161|-0.53|4160.34|2.38|7|13|罗曼股份,138|2.09|4247.13|3.00|17|3|再升科技,295|-0.33|4233.25|3.34|7|12|永福股份,393|-1.38|4174.89|2.98|4|16|中铝国际,150|-0.12|4169.72|4.05|9|9|亚翔集成,116|0.81|4203.55|4.16|10|10|亚翔集成,83|-0.47|4183.59|2.66|5|15|雅博股份,119|1.39|4241.54|2.56|11|9|雅博股份,294|-2.68|4127.87|4.34|3|17|深桑达Ａ,149|-1.67|4059.09|3.51|5|15|柏诚股份,263|-5.41|3839.52|3.37|0|20|柏诚股份,57|4.55|4014.27|2.36|19|1|雅博股份,37|3.37|4149.71|3.39|20|0|再升科技,263|-1.47|4088.69|3.54|4|16|再升科技,445|0.10|4092.97|2.86|12|7|*ST天龙,126|0.89|4129.34|2.96|11|9|中铝国际,378|-2.17|4039.72|3.55|4|16|中化岩土,168|1.80|4112.44|3.75|15|5|柏诚股份,409|-2.44|4012.27|3.16|5|15|罗曼股份,273|-2.52|3911.06|2.79|2|18|志特新材,356|0.69|3938.19|2.28|13|7|柏诚股份,59|5.60|4158.82|2.80|20|0|罗曼股份,101|-0.45|4140|2.15|6|14|柏诚股份,466|-0.51|4119|2.04|11|9|亚翔集成,181|0.39|4135.22|2.44|11|8|圣晖集成,338|0.24|4144.98|2.93|14|6|时空科技,124|0.12|4149.82|2.85|8|10|罗曼股份,142|1.78|4223.59|2.69|16|3|时空科技,299|-0.28|4211.63|2.31|9|11|铜冠矿建,474|-0.67|4183.37|1.94|8|11|再升科技,392|-0.87|4146.78|2.69|6|13|上海港湾,471|-1.25|4095.02|1.96|6|14|罗曼股份,419|-2.11|4008.73|2.27|2|17|*ST中岩
BK1478|装修装饰Ⅲ,,,,,,,,,,,,,,,,,,,,,,,,,,,,,,,,,,,,,,,,,,,,,,,,,,,,,,,,,,,,,,,,,,,,,,,263|1.21|925.68|2.02|16|7|郑中设计,159|1.29|937.59|2.10|14|9|郑中设计,242|-0.22|935.52|2.28|10|13|中天精装,215|0.70|942.08|1.75|14|8|ST名家汇,396|-2.94|914.34|2.39|1|22|德才股份,306|-3.41|883.15|2.28|0|23|恒尚节能,270|-0.83|875.85|1.60|8|15|科新发展,266|0.84|883.18|1.44|17|4|ST瑞和,112|2.33|903.78|1.68|21|2|维业股份,131|-0.23|901.68|1.79|7|16|德才股份,71|2.64|925.5|1.61|23|0|德才股份,284|-0.31|922.67|1.76|9|14|*ST东易,358|-1.24|911.23|1.64|4|19|科新发展,59|0.56|916.29|1.88|12|10|科新发展,195|0.38|919.8|1.80|13|10|*ST创兴,283|-1.75|903.71|2.03|4|19|海南发展,316|0.01|903.77|1.80|12|9|德才股份,123|-1.86|886.96|2.08|4|18|ST柯利达,272|-2.40|865.7|1.93|1|21|江河集团,253|-5.36|819.33|2.47|1|22|江河集团,97|4.15|853.3|2.00|21|2|科新发展,106|2.53|874.93|1.89|19|3|科新发展,185|-1.06|865.63|1.61|5|18|ST柯利达,194|1.37|877.5|1.61|18|3|德才股份,163|0.67|883.34|1.51|16|6|豪尔赛,249|-1.24|872.37|2.05|4|18|*ST创兴,350|0.82|879.48|1.86|12|9|德才股份,287|-1.72|864.32|1.59|4|19|*ST东易,406|-3.27|836.04|1.71|2|21|*ST创兴,217|1.36|847.43|1.50|17|5|ST瑞和,264|3.26|875.04|1.69|22|1|德才股份,114|-0.59|869.91|1.59|7|16|*ST宝鹰,91|1.41|882.14|1.75|16|7|ST名家汇,75|1.03|891.19|1.80|13|10|ST名家汇,213|0.78|898.17|1.79|13|8|美芝股份,225|-0.40|894.54|1.63|9|12|中天精装,227|1.40|907.07|1.47|17|4|德才股份,236|-0.01|906.94|1.90|8|15|金 螳 螂,99|1.49|920.44|2.75|16|6|金 螳 螂,39|1.22|931.68|2.39|13|7|金 螳 螂,196|0.43|935.67|2.44|11|12|金 螳 螂,411|-1.99|917.07|3.86|4|19|金 螳 螂
BK1479|航空运输,,,,,,,,,,,,,,,,,,,,,,,,,,,,,,,,,,,,,,,,,,,,,,,,,,,,,,,,,,,,,,,,,,,,,,,459|-0.83|1846.65|0.69|2|5|吉祥航空,281|0.68|1859.22|1.04|5|3|华夏航空,150|0.43|1867.19|0.78|6|3|中信海直,486|-1.13|1846.1|0.92|1|8|海航控股,434|-3.40|1783.37|1.68|1|8|中信海直,283|-3.20|1726.24|1.57|0|9|中信海直,393|-1.34|1703.18|1.10|2|7|中信海直,443|-0.88|1688.27|1.04|2|7|海控B股,221|1.61|1715.46|1.08|8|0|华夏航空,494|-3.58|1654.04|1.82|1|8|中信海直,317|1.01|1670.82|1.17|7|1|春秋航空,452|-1.13|1652.01|0.94|0|9|华夏航空,231|-0.66|1641.03|1.06|3|6|海控B股,175|-0.22|1637.45|1.06|2|6|华夏航空,392|-0.86|1623.41|1.11|2|6|中信海直,65|-0.26|1619.15|1.30|3|6|海航控股,345|-0.22|1615.51|1.08|4|4|春秋航空,429|-3.61|1557.17|1.35|0|9|海控B股,143|-1.63|1531.8|0.86|0|9|海控B股,390|-5.92|1441.1|1.53|0|9|海控B股,418|2.22|1473.09|1.17|9|0|中国东航,27|3.63|1526.53|1.29|8|0|吉祥航空,164|-0.99|1511.37|1.04|1|8|春秋航空,385|0.67|1521.54|0.74|8|0|吉祥航空,400|-0.44|1514.9|0.75|0|7|中国东航,165|-0.86|1501.8|0.73|1|6|吉祥航空,28|3.51|1554.51|1.17|9|0|中国东航,352|-2.05|1522.72|0.85|0|8|海控B股,101|-1.47|1500.31|0.63|0|8|海控B股,475|-0.54|1492.25|0.50|2|6|海控B股,25|6.45|1588.48|1.37|9|0|华夏航空,371|-2.00|1556.73|1.00|0|9|华夏航空,470|-0.58|1547.66|0.81|2|7|中信海直,433|-0.93|1533.33|0.64|1|8|中信海直,170|0.97|1548.16|0.73|8|0|中信海直,169|-0.17|1545.57|1.06|3|3|中国国航,402|0.60|1554.89|0.70|5|2|中信海直,278|-0.21|1551.58|0.76|3|5|中信海直,82|1.71|1578.09|1.26|8|1|中国东航,186|-0.01|1577.94|0.80|4|4|中国国航,425|-0.81|1565.2|0.57|0|8|海控B股,306|-1.29|1544.94|0.90|1|8|吉祥航空
BK1480|机场,,,,,,,,,,,,,,,,,,,,,,,,,,,,,,,,,,,,,,,,,,,,,,,,,,,,,,,,,,,,,,,,,,,,,,,423|-0.07|2196.46|1.28|3|2|厦门空港,407|0.17|2200.25|1.03|3|2|海南机场,344|-0.71|2184.57|1.21|1|4|厦门空港,353|0.15|2187.95|0.69|4|1|深圳机场,268|-2.17|2140.43|1.52|0|5|白云机场,91|-1.14|2115.98|1.18|0|5|上海机场,429|-1.69|2080.14|0.95|0|5|海南机场,395|0.01|2080.36|0.78|2|2|白云机场,276|1.35|2108.4|0.73|5|0|厦门空港,395|-1.68|2072.95|1.03|0|5|深圳机场,339|0.87|2090.93|0.63|5|0|厦门空港,204|0.05|2092.06|0.65|2|2|深圳机场,114|0.04|2092.87|0.65|3|2|深圳机场,181|-0.24|2087.94|0.80|2|3|厦门空港,232|0.22|2092.58|0.66|3|1|厦门空港,60|-0.09|2090.75|0.82|3|1|深圳机场,406|-0.69|2076.3|0.75|0|5|厦门空港,87|-1.41|2047.04|0.73|0|5|深圳机场,92|-1.24|2021.72|0.73|0|5|白云机场,131|-4.51|1930.54|1.30|0|5|海南机场,447|1.73|1963.93|1.00|5|0|厦门空港,206|2.11|2005.38|0.73|5|0|厦门空港,201|-1.14|1982.46|0.59|1|4|深圳机场,421|0.45|1991.48|0.68|3|2|海南机场,262|0.22|1995.78|0.56|2|2|厦门空港,59|-0.06|1994.61|0.63|2|3|厦门空港,204|1.62|2026.95|0.69|4|1|深圳机场,109|-0.50|2016.72|0.57|1|4|厦门空港,119|-1.58|1984.87|0.44|0|5|上海机场,432|0.17|1988.33|0.41|2|3|厦门空港,332|2.71|2042.26|0.96|5|0|海南机场,374|-2.01|2001.3|0.65|0|5|上海机场,385|0.18|2004.86|0.49|3|1|厦门空港,290|-0.13|2002.3|0.54|2|3|厦门空港,237|0.67|2015.67|0.62|5|0|海南机场,323|-0.83|1999.03|0.58|1|3|深圳机场,457|0.05|1999.94|0.41|3|2|深圳机场,319|-0.38|1992.34|0.51|0|3|深圳机场,342|0.31|1998.47|0.52|5|0|上海机场,259|-0.30|1992.46|0.55|1|3|深圳机场,435|-0.90|1974.6|1.15|1|4|深圳机场,204|-0.70|1960.71|0.88|0|4|深圳机场
BK1481|港口,,,,,,,,,,,,,,,,,,,,,,,,,,,,,,,,,,,,,,,,,,,,,,,,,,,,,,,,,,,,,,,,,,,,,,,188|1.72|1672.39|0.56|17|0|南 京 港,182|1.13|1691.27|0.89|15|1|辽港股份,190|0.13|1693.49|0.51|7|6|北部湾港,82|1.88|1725.26|0.78|16|1|北部湾港,51|1.48|1750.73|1.11|11|4|南 京 港,26|1.88|1783.63|1.64|11|6|南 京 港,484|-3.82|1715.46|1.22|1|16|北部湾港,438|-0.78|1702.07|0.79|5|11|北部湾港,320|1.12|1721.13|0.70|15|1|重庆港,304|-1.24|1699.84|0.74|1|15|招商港口,365|0.75|1712.53|0.56|11|5|北部湾港,124|0.57|1722.37|0.65|11|6|招商港口,57|0.89|1737.75|0.80|13|3|招商港口,299|-0.95|1721.18|0.68|2|13|秦港股份,106|0.85|1735.83|0.60|13|1|南 京 港,163|-1.05|1717.55|0.52|2|14|唐山港,364|-0.39|1710.92|0.55|4|13|招商港口,80|-1.33|1688.21|0.51|1|16|宁波港,38|-0.30|1683.15|0.61|6|10|盐 田 港,141|-4.64|1605.05|0.89|0|17|招港B,268|3.13|1655.24|0.66|17|0|连云港,90|2.66|1699.26|0.74|17|0|厦门港务,93|-0.50|1690.82|0.59|5|9|宁波港,491|-1.10|1672.18|0.72|4|13|南 京 港,187|0.53|1681.02|0.68|9|6|唐山港,88|-0.37|1674.72|0.61|4|11|唐山港,428|0.09|1676.19|0.63|7|7|南 京 港,51|0.46|1683.9|0.61|8|7|秦港股份,123|-1.60|1656.95|0.52|2|15|招港B,426|0.23|1660.76|0.45|9|6|南 京 港,377|2.15|1696.48|0.61|16|1|北部湾港,272|-1.45|1671.83|0.43|1|16|唐山港,464|-0.48|1663.88|0.59|7|10|北部湾港,397|-0.64|1653.2|0.59|4|12|唐山港,442|-0.47|1645.42|0.40|5|10|北部湾港,122|0.13|1647.64|0.35|9|6|唐山港,454|0.06|1648.55|0.37|8|9|北部湾港,304|-0.30|1643.56|0.39|3|10|唐山港,400|0.05|1644.3|0.40|5|10|北部湾港,129|0.24|1648.27|0.36|13|4|青岛港,362|-0.37|1642.18|0.28|3|13|招港B,70|0.42|1649.11|0.41|12|4|招商港口
BK1482|航运,,,,,,,,,,,,,,,,,,,,,,,,,,,,,,,,,,,,,,,,,,,,,,,,,,,,,,,,,,,,,,,,,,,,,,,57|3.39|1599.64|2.09|17|3|招商轮船,60|2.68|1642.56|4.00|17|2|招商轮船,166|0.31|1647.65|2.96|12|6|招商轮船,188|0.87|1661.97|1.98|16|3|招商轮船,24|4.39|1734.86|5.03|16|4|招商南油,10|6.75|1852.03|6.20|17|3|招商南油,496|-6.47|1732.29|6.64|1|19|招商南油,456|-1.35|1708.93|4.94|7|12|中远海能,438|-0.26|1704.41|3.60|10|9|凤凰航运,493|-3.53|1644.27|4.04|0|20|兴通股份,416|0.31|1649.32|3.13|14|6|招商轮船,248|-0.19|1646.18|2.44|7|11|中远海特,89|0.27|1650.57|2.61|11|8|招商南油,294|-0.94|1635.11|2.12|3|16|海科B,4|3.80|1697.19|3.03|20|0|海航科技,280|-1.72|1667.98|2.79|3|17|招商南油,168|1.03|1685.2|2.63|14|4|招商轮船,326|-2.81|1637.89|2.51|0|20|海科B,182|-1.92|1606.51|2.12|1|19|中谷物流,75|-3.39|1551.97|2.35|3|17|海通发展,50|4.65|1624.18|2.46|20|0|招商南油,454|0.50|1632.38|2.69|13|6|宁波海运,135|-0.82|1619.05|2.13|7|12|中远海特,400|0.59|1628.57|1.74|15|5|招商轮船,280|0.12|1630.6|1.78|10|9|中谷物流,383|-2.26|1593.82|1.69|1|19|海航科技,42|2.93|1640.5|1.99|19|1|锦江航运,23|1.64|1667.36|2.93|14|3|招商轮船,46|-0.93|1651.88|2.78|5|15|招商南油,257|1.24|1672.29|2.57|13|6|中远海发,438|1.33|1694.54|2.94|16|4|国航远洋,306|-1.62|1667.02|2.12|2|16|海通发展,484|-1.36|1644.41|2.04|6|12|海峡股份,476|-1.59|1618.3|1.94|1|19|海峡股份,419|-0.27|1613.85|1.71|8|10|招商轮船,99|0.28|1618.36|1.38|8|10|中远海特,435|0.30|1623.27|1.38|13|6|凤凰航运,262|-0.16|1620.74|1.51|6|12|国航远洋,275|0.56|1629.87|1.44|13|6|国航远洋,104|0.49|1637.84|1.57|14|6|海通发展,406|-0.69|1626.61|1.54|5|14|中远海特,357|-1.66|1599.57|1.33|2|17|兴通股份
BK1483|高速公路,,,,,,,,,,,,,,,,,,,,,,,,,,,,,,,,,,,,,,,,,,,,,,,,,,,,,,,,,,,,,,,,,,,,,,,327|0.82|2783.73|0.51|17|4|湖南投资,439|-0.01|2783.33|0.64|10|7|龙江交通,238|-0.21|2777.57|0.51|5|12|皖通高速,191|0.84|2800.99|0.61|18|3|山西高速,120|-0.44|2788.58|0.83|8|13|皖通高速,48|-0.08|2786.31|1.02|10|10|四川成渝,438|-1.80|2736.1|0.94|1|20|山西高速,305|0.67|2754.53|0.62|16|2|招商公路,240|1.50|2795.82|0.66|20|1|湖南投资,174|-0.59|2779.26|0.75|3|16|招商公路,414|0.32|2788.11|0.57|14|5|湖南投资,117|0.74|2808.8|0.67|16|4|皖通高速,66|0.67|2827.69|0.83|17|4|宁沪高速,163|-0.19|2822.3|0.74|5|14|皖通高速,204|0.35|2832.22|0.69|10|7|山东高速,49|0.13|2835.87|0.64|7|8|四川成渝,415|-0.75|2814.65|0.63|0|19|粤高速Ｂ,52|-0.79|2792.3|0.61|4|17|皖通高速,62|-0.85|2768.53|0.66|3|18|深高速,160|-4.84|2634.6|1.10|0|21|粤高速Ｂ,282|3.06|2715.21|0.76|21|0|湖南投资,131|2.43|2781.28|0.87|20|1|福建高速,81|-0.42|2769.62|0.73|8|12|宁沪高速,476|-0.65|2751.54|0.66|6|15|海南高速,333|-0.08|2749.41|0.66|8|10|福建高速,119|-0.64|2731.85|0.77|9|10|深高速,454|-0.23|2725.68|0.62|7|12|重庆路桥,85|-0.20|2720.24|0.57|7|14|四川成渝,136|-1.70|2674.1|0.77|2|18|重庆路桥,471|-0.42|2662.93|0.69|10|10|重庆路桥,416|1.70|2708.07|0.76|20|1|吉林高速,296|-1.57|2665.66|0.55|1|19|皖通高速,364|0.30|2673.77|0.59|13|6|重庆路桥,346|-0.41|2662.82|0.59|5|14|皖通高速,320|0.33|2671.61|0.52|14|5|东莞控股,68|0.70|2690.3|0.54|14|5|招商公路,411|0.52|2704.35|0.44|12|4|湖南投资,351|-0.56|2689.26|0.48|4|15|重庆路桥,394|0.07|2691.2|0.45|9|7|海南高速,85|0.76|2711.59|0.48|18|1|宁沪高速,256|0.12|2714.97|0.40|9|6|重庆路桥,82|0.23|2721.15|0.54|12|9|山东高速
BK1484|公交,,,,,,,,,,,,,,,,,,,,,,,,,,,,,,,,,,,,,,,,,,,,,,,,,,,,,,,,,,,,,,,,,,,,,,,435|-0.23|1926.5|1.39|5|3|江西长运,206|0.97|1945.13|1.22|7|1|富临运业,331|-0.69|1931.76|1.29|2|6|富临运业,302|0.32|1938.03|1.23|3|2|富临运业,409|-3.13|1877.43|1.83|0|8|锦在线B,137|-1.78|1843.92|1.56|0|8|申通地铁,91|0.28|1849.15|1.29|1|6|富临运业,289|0.74|1862.87|1.39|7|1|江西长运,296|1.24|1885.93|0.95|8|0|江西长运,356|-1.44|1858.71|1.06|0|8|申通地铁,286|1.24|1881.74|0.93|8|0|江西长运,455|-1.14|1860.29|0.87|0|7|锦在线B,172|-0.34|1853.96|0.89|3|5|富临运业,90|0.26|1858.86|1.01|4|3|富临运业,368|-0.57|1848.19|0.91|4|3|海汽集团,123|-0.84|1832.74|0.86|0|8|海汽集团,273|0.28|1837.93|0.89|6|2|江西长运,221|-2.38|1794.22|0.99|0|8|大众Ｂ股,324|-2.60|1747.63|1.14|1|7|富临运业,289|-5.55|1650.65|1.99|0|8|锦在线B,277|3.10|1701.84|1.21|8|0|江西长运,136|2.42|1742.95|1.16|8|0|富临运业,261|-1.46|1717.53|0.75|0|6|申通地铁,346|0.81|1731.38|0.70|5|0|江西长运,317|-0.03|1730.89|0.66|3|4|江西长运,45|0.17|1733.8|0.91|3|4|申通地铁,388|0.56|1743.5|0.85|5|2|锦江在线,426|-2.62|1697.78|1.42|0|8|锦在线B,417|-3.35|1640.88|1.28|0|8|大众Ｂ股,351|0.72|1652.7|1.13|5|2|江西长运,386|2.07|1686.92|1.53|8|0|海汽集团,352|-1.87|1655.34|1.22|0|8|富临运业,297|0.63|1665.76|1.16|6|1|大众交通,359|-0.47|1658|0.83|1|7|锦在线B,329|0.29|1662.8|0.86|5|2|富临运业,378|-1.05|1645.31|0.89|0|8|江西长运,235|1.38|1667.98|1.20|7|1|江西长运,296|-0.28|1663.3|0.93|2|5|江西长运,261|0.63|1673.74|1.07|6|0|江西长运,255|-0.29|1668.83|1.06|3|4|江西长运,410|-0.70|1657.22|0.92|1|5|大众交通,175|-0.53|1648.41|1.45|2|5|大众交通
BK1485|铁路运输,,,,,,,,,,,,,,,,,,,,,,,,,,,,,,,,,,,,,,,,,,,,,,,,,,,,,,,,,,,,,,,,,,,,,,,316|0.88|1575.88|0.34|6|0|铁龙物流,221|0.90|1590|0.52|6|0|三羊马,341|-0.70|1578.8|0.37|1|6|铁龙物流,143|1.13|1596.68|0.45|7|0|三羊马,78|0.54|1605.33|0.95|5|2|铁龙物流,34|0.74|1617.16|1.16|5|2|铁龙物流,467|-2.27|1580.39|0.84|0|7|大秦铁路,379|0.09|1581.75|0.49|4|3|中铁特货,268|1.38|1603.64|0.49|6|0|铁龙物流,358|-1.45|1580.4|0.63|1|6|大秦铁路,375|0.70|1591.48|0.45|7|0|三羊马,91|0.91|1605.93|0.73|6|1|大秦铁路,98|0.18|1608.9|0.67|6|1|广深铁路,189|-0.33|1603.63|0.62|3|3|铁龙物流,293|-0.14|1601.35|0.60|2|5|京沪高铁,90|-0.59|1591.95|0.45|1|5|三羊马,285|0.20|1595.16|0.50|2|4|三羊马,62|-1.05|1578.45|0.49|1|5|大秦铁路,70|-0.98|1562.95|0.52|1|5|大秦铁路,130|-4.51|1492.53|0.94|0|7|大秦铁路,421|2.10|1523.92|0.53|7|0|三羊马,57|2.94|1568.76|0.65|6|1|铁龙物流,11|1.67|1594.92|0.88|7|0|铁龙物流,475|-0.64|1584.65|0.61|2|5|三羊马,183|0.56|1593.45|0.46|6|1|铁龙物流,42|0.20|1596.66|0.62|3|4|中铁特货,465|-0.59|1587.16|0.47|2|5|三羊马,80|-0.17|1584.4|0.38|3|3|广深铁路,161|-1.83|1555.46|0.48|0|6|铁龙物流,364|0.64|1565.48|0.35|3|4|三羊马,412|1.73|1592.54|0.45|7|0|三羊马,426|-2.32|1555.62|0.40|0|7|大秦铁路,352|0.38|1561.55|0.41|4|3|三羊马,378|-0.53|1553.25|0.33|1|6|大秦铁路,421|-0.32|1548.35|0.38|1|5|大秦铁路,172|-0.18|1545.56|0.32|3|3|铁龙物流,436|0.30|1550.17|0.42|4|2|大秦铁路,274|-0.20|1547.08|0.33|1|4|三羊马,335|0.32|1552.1|0.26|4|3|三羊马,135|0.23|1555.67|0.40|5|2|京沪高铁,371|-0.44|1548.84|0.31|0|6|广深铁路,125|-0.17|1546.26|0.37|2|4|铁龙物流
BK1486|仓储物流,,,,,,,,,,,,,,,,,,,,,,,,,,,,,,,,,,,,,,,,,,,,,,,,,,,,,,,,,,,,,,,,,,,,,,,165|1.91|4955.66|1.34|6|0|恒基达鑫,205|0.98|5004.04|2.28|5|1|密尔克卫,60|1.57|5082.73|4.34|4|2|保税科技,319|0.26|5095.83|3.18|4|2|宏川智慧,145|-0.94|5048.07|2.99|2|3|保税科技,96|-1.20|4987.48|3.50|1|5|保税科技,402|-1.41|4917.39|2.78|1|5|宏川智慧,366|0.21|4927.67|2.13|3|3|音飞储存,355|0.89|4971.37|1.86|5|1|音飞储存,93|0.17|4979.8|2.38|1|5|宏川智慧,451|-0.71|4944.46|2.08|3|3|恒基达鑫,229|-0.11|4939.17|1.73|3|3|中储股份,109|0.11|4944.41|2.44|3|3|宏川智慧,360|-1.21|4884.45|1.94|1|4|密尔克卫,211|0.32|4899.98|1.96|4|2|保税科技,265|-1.62|4820.56|1.63|0|6|密尔克卫,295|0.14|4827.33|1.65|3|3|恒基达鑫,246|-2.49|4707.27|1.57|0|6|宏川智慧,241|-2.25|4601.32|1.85|0|6|密尔克卫,389|-5.92|4328.88|2.22|0|6|宏川智慧,255|3.21|4467.73|1.58|6|0|宏川智慧,125|2.48|4578.32|1.71|6|0|宏川智慧,39|0.17|4586.23|2.00|4|2|保税科技,314|0.94|4629.13|1.66|3|3|宏川智慧,358|-0.21|4619.58|1.14|3|2|恒基达鑫,257|-1.28|4560.66|1.36|0|6|中储股份,246|1.41|4624.88|1.24|6|0|密尔克卫,192|-1.26|4566.5|1.13|1|5|恒基达鑫,287|-2.59|4448.39|0.99|0|6|密尔克卫,151|1.75|4526.28|1.06|5|1|保税科技,204|3.82|4699.08|1.81|6|0|密尔克卫,485|-3.23|4547.42|1.48|0|6|中储股份,45|1.85|4631.41|1.46|5|1|恒基达鑫,467|-1.39|4567.05|1.23|0|6|宏川智慧,343|0.21|4576.71|1.05|3|1|密尔克卫,260|-0.52|4552.87|0.98|1|5|密尔克卫,309|1.07|4601.46|1.01|5|1|宏川智慧,445|-1.38|4538.16|0.88|0|6|中储股份,62|1.99|4628.46|1.22|3|2|恒基达鑫,198|-0.07|4625.25|1.45|4|2|中储股份,438|-0.91|4583.37|1.00|1|5|保税科技,195|-0.67|4552.54|1.04|1|4|音飞储存
BK1487|公路货运,,,,,,,,,,,,,,,,,,,,,,,,,,,,,,,,,,,,,,,,,,,,,,,,,,,,,,,,,,,,,,,,,,,,,,,115|2.41|5474.95|2.00|5|0|龙洲股份,194|1.03|5531.39|2.16|4|1|*ST原尚,213|-0.06|5527.93|1.88|1|4|天顺股份,127|1.31|5600.07|1.92|5|0|龙洲股份,287|-2.29|5471.83|2.39|1|4|天顺股份,42|0.30|5488.42|4.12|2|3|龙洲股份,447|-1.95|5381.36|4.93|1|4|*ST原尚,39|2.35|5508.06|3.75|4|1|天顺股份,92|2.44|5642.52|2.93|4|1|天顺股份,456|-2.51|5500.98|3.21|0|5|传化智联,418|0.30|5517.27|2.35|3|2|长久物流,289|-0.31|5499.97|2.01|2|3|天顺股份,287|-0.91|5449.73|1.77|0|5|*ST原尚,428|-2.05|5337.98|1.75|0|5|长久物流,258|0.07|5341.49|2.15|3|2|天顺股份,366|-2.38|5214.44|2.05|1|4|龙洲股份,474|-1.57|5132.53|1.46|0|5|天顺股份,54|-0.89|5086.68|1.53|1|4|天顺股份,21|0.65|5119.93|1.53|2|3|天顺股份,422|-6.15|4805.17|2.14|0|5|龙洲股份,459|1.32|4868.48|2.21|3|2|龙洲股份,459|0.46|4890.99|1.87|3|2|龙洲股份,101|-0.60|4861.76|1.66|2|3|*ST原尚,461|-0.23|4850.58|1.15|4|1|天顺股份,160|0.67|4883.02|1.62|3|2|天顺股份,29|0.48|4906.31|1.93|1|4|天顺股份,484|-1.97|4809.69|2.32|2|3|传化智联,456|-2.98|4666.46|1.38|0|5|龙洲股份,487|-4.87|4439.27|1.17|0|5|长久物流,185|1.51|4506.21|1.49|4|1|龙洲股份,237|3.48|4662.86|1.54|5|0|传化智联,279|-1.50|4592.95|1.38|1|4|传化智联,50|1.80|4675.79|1.25|4|0|长久物流,140|0.59|4703.45|1.01|2|3|龙洲股份,259|0.60|4731.67|1.14|1|4|长久物流,304|-0.73|4697.2|1.09|3|2|天顺股份,256|1.29|4757.87|1.24|5|0|*ST原尚,261|-0.15|4750.83|1.59|2|3|天顺股份,112|1.36|4815.62|1.27|4|1|龙洲股份,75|0.82|4855.24|1.16|3|2|天顺股份,223|0.31|4870.13|0.95|1|4|传化智联,210|-0.74|4833.9|1.39|1|4|龙洲股份
BK1488|跨境物流,,,,,,,,,,,,,,,,,,,,,,,,,,,,,,,,,,,,,,,,,,,,,,,,,,,,,,,,,,,,,,,,,,,,,,,185|1.75|1967.19|0.78|10|3|嘉友国际,288|0.66|1980.14|0.88|10|3|嘉友国际,269|-0.36|1973.06|0.68|6|7|中创物流,130|1.26|1997.85|1.03|8|4|万林物流,123|-0.58|1986.18|1.77|3|10|华光源海,24|1.99|2025.7|2.07|6|7|华光源海,488|-4.23|1940.06|1.71|1|12|永泰运,375|0.13|1942.54|1.09|8|4|东航物流,284|1.30|1967.88|1.02|12|1|东航物流,420|-1.91|1930.23|1.24|0|13|世盟股份,268|1.35|1956.33|0.85|11|2|嘉友国际,211|-0.01|1956.07|0.81|6|7|中创物流,217|-0.61|1944.06|0.87|5|8|嘉友国际,363|-1.23|1920.21|0.99|2|10|中国外运,171|0.49|1929.71|0.77|8|4|华光源海,146|-0.95|1911.41|0.86|2|11|世盟股份,247|0.45|1919.94|0.82|7|6|万林物流,257|-2.52|1871.49|0.88|0|13|中国外运,183|-1.94|1835.23|0.85|2|11|嘉友国际,347|-5.78|1729.16|1.20|0|13|东航物流,147|3.81|1795.12|0.81|13|0|华光源海,423|0.93|1811.84|0.81|10|2|中国外运,69|-0.24|1807.52|0.72|5|7|华贸物流,417|0.50|1816.48|0.70|8|4|中创物流,324|-0.05|1815.54|1.02|6|7|中创物流,144|-0.81|1800.79|1.08|2|11|中国外运,282|1.24|1823.11|0.89|10|2|嘉友国际,163|-1.04|1804.08|0.90|3|10|中国外运,334|-2.82|1753.14|0.73|0|13|中国外运,162|1.67|1782.43|0.70|11|2|长江投资,340|2.63|1829.35|1.06|12|1|华光源海,268|-1.43|1803.23|0.70|1|12|永泰运,64|1.69|1833.64|1.14|12|1|永泰运,465|-1.37|1808.6|0.88|2|11|世盟股份,453|-0.61|1797.65|0.78|2|10|东航物流,54|0.84|1812.69|0.91|9|4|世盟股份,410|0.52|1822.18|0.75|8|5|万林物流,220|0.05|1823.02|0.65|5|8|世盟股份,224|0.81|1837.78|0.67|9|3|华光源海,133|0.24|1842.1|0.67|6|6|嘉友国际,437|-0.90|1825.54|0.57|2|10|东航物流,192|-0.66|1813.55|0.65|3|10|嘉友国际
BK1489|快递,,,,,,,,,,,,,,,,,,,,,,,,,,,,,,,,,,,,,,,,,,,,,,,,,,,,,,,,,,,,,,,,,,,,,,,403|0.15|5194.32|0.50|2|2|申通快递,474|-0.42|5172.28|0.65|1|3|韵达股份,25|2.16|5284.21|1.22|3|1|圆通速递,16|3.71|5480.3|1.65|4|0|圆通速递,230|-1.92|5375.16|1.19|0|4|申通快递,89|-1.07|5317.62|0.92|0|3|顺丰控股,423|-1.62|5231.43|1.01|0|3|圆通速递,336|0.47|5255.97|0.60|4|0|顺丰控股,100|2.38|5380.95|0.76|4|0|申通快递,382|-1.59|5295.28|0.81|0|4|顺丰控股,82|2.56|5430.89|0.79|4|0|申通快递,84|0.96|5483.28|0.65|3|0|圆通速递,186|-0.45|5458.33|0.51|1|2|顺丰控股,11|2.11|5573.7|1.09|4|0|圆通速递,345|-0.39|5551.8|0.74|1|3|申通快递,273|-1.67|5459.06|0.61|0|4|顺丰控股,290|0.16|5467.91|0.57|2|2|申通快递,93|-1.45|5388.47|0.58|0|4|申通快递,26|0.27|5402.92|0.70|3|1|申通快递,256|-5.37|5112.82|1.20|0|4|顺丰控股,434|1.98|5214.09|0.76|4|0|圆通速递,31|3.54|5398.53|0.86|4|0|申通快递,10|1.68|5489.37|0.88|4|0|申通快递,82|2.20|5610.25|0.94|4|0|圆通速递,446|-0.99|5554.78|0.54|0|4|韵达股份,53|0.06|5558.3|0.84|1|3|顺丰控股,337|0.89|5607.58|0.63|4|0|申通快递,58|0.21|5619.58|0.61|2|2|圆通速递,41|-0.84|5572.65|0.56|1|3|申通快递,465|-0.25|5558.96|0.59|2|2|顺丰控股,458|0.99|5614.08|0.72|4|0|韵达股份,159|-0.81|5568.35|0.46|1|3|圆通速递,180|1.08|5628.21|0.62|3|1|圆通速递,485|-1.84|5524.41|0.72|0|4|顺丰控股,459|-0.73|5484.11|0.62|2|2|顺丰控股,1|6.01|5813.6|1.30|4|0|申通快递,54|2.57|5963.07|1.73|2|2|申通快递,494|-2.71|5801.54|1.36|0|4|圆通速递,147|1.13|5867.27|1.53|1|3|韵达股份,93|0.63|5904.23|0.89|3|1|圆通速递,55|1.52|5993.77|0.93|3|1|申通快递,38|1.26|6069.12|1.32|3|1|圆通速递
BK1490|原材料供应链服务,,,,,,,,,,,,,,,,,,,,,,,,,,,,,,,,,,,,,,,,,,,,,,,,,,,,,,,,,,,,,,,,,,,,,,,141|2.18|3359.26|1.02|11|0|上海雅仕,209|0.96|3391.53|1.15|8|3|建发股份,180|0.19|3397.87|0.83|3|7|厦门象屿,100|1.66|3454.13|1.25|12|0|物产中大,124|-0.61|3433.23|1.59|5|7|*ST海钦,125|-1.66|3376.22|1.87|2|10|厦门国贸,469|-2.35|3296.9|1.64|0|12|炬申股份,288|0.74|3321.46|1.21|8|3|*ST海钦,150|2.03|3388.87|1.15|11|1|瑞茂通,137|-0.28|3379.49|1.68|3|9|广汇物流,384|0.63|3400.87|1.20|8|4|炬申股份,52|1.50|3451.99|1.37|8|4|远大控股,72|0.56|3471.34|1.86|5|5|广汇物流,40|0.74|3496.87|1.77|6|5|厦门象屿,227|0.25|3505.6|1.74|5|6|远大控股,317|-2.09|3432.45|1.34|1|11|厦门象屿,328|-0.11|3428.76|1.38|5|7|广汇物流,102|-1.56|3375.39|1.43|1|10|福然德,77|-1.08|3338.92|1.60|2|10|福然德,228|-5.21|3165.08|2.09|0|12|*ST海钦,223|3.35|3271.04|1.34|11|1|上海雅仕,247|1.90|3333.21|1.33|10|2|厦门象屿,51|-0.03|3332.23|1.30|6|6|*ST海钦,405|0.57|3351.07|1.06|7|2|远大控股,206|0.43|3365.52|1.20|8|4|厦门象屿,311|-1.55|3313.41|1.04|2|10|浙商中拓,352|0.81|3340.35|1.08|7|3|广汇物流,136|-0.76|3314.86|0.86|4|8|*ST海钦,418|-3.36|3203.57|0.94|0|12|厦门象屿,251|1.26|3243.91|0.89|7|5|瑞茂通,372|2.23|3316.15|1.17|11|1|厦门象屿,276|-1.49|3266.87|0.84|2|10|广汇物流,36|1.97|3331.21|0.80|11|0|远大控股,403|-0.69|3308.08|1.07|2|10|远大控股,438|-0.43|3293.96|0.99|4|8|建发股份,232|-0.43|3279.96|0.85|4|8|建发股份,330|0.95|3311.17|0.86|9|3|福然德,219|0.05|3312.77|0.91|5|7|*ST海钦,441|-0.27|3303.69|0.95|5|7|远大控股,101|0.51|3320.43|0.88|7|4|*ST海钦,357|-0.35|3308.85|0.82|4|6|建发股份,328|-1.43|3261.42|1.28|3|9|远大控股
BK1491|端到端供应链服务,,,,,,,,,,,,,,,,,,,,,,,,,,,,,,,,,,,,,,,,,,,,,,,,,,,,,,,,,,,,,,,,,,,,,,,269|1.19|1937.81|1.96|6|0|新宁物流,286|0.66|1950.61|2.47|5|1|飞力达,286|-0.48|1941.22|2.53|2|5|海晨股份,182|0.90|1958.65|2.34|5|2|海晨股份,365|-2.69|1906.02|4.19|1|6|海晨股份,56|-0.23|1901.73|7.42|3|4|华鹏飞,330|-1.06|1881.63|6.24|2|5|华鹏飞,193|1.22|1904.59|5.31|6|1|新宁物流,283|1.31|1929.63|3.73|6|1|海晨股份,328|-1.34|1903.85|3.79|0|6|华鹏飞,126|2.18|1945.29|3.51|7|0|海晨股份,363|-0.58|1933.96|3.10|2|5|海晨股份,392|-1.37|1907.48|2.77|0|7|畅联股份,259|-0.71|1893.92|2.88|2|5|华鹏飞,126|0.75|1908.17|3.19|6|1|普路通,220|-1.42|1880.98|3.43|1|6|普路通,173|1.00|1899.78|2.48|6|0|东方嘉盛,275|-2.61|1850.18|2.96|0|7|普路通,454|-3.57|1784.2|3.39|0|7|畅联股份,468|-6.63|1665.91|3.62|0|7|东方嘉盛,112|4.04|1733.29|3.05|7|0|新宁物流,391|1.21|1754.18|2.14|7|0|新宁物流,204|-1.16|1733.87|2.49|0|7|普路通,367|0.72|1746.42|1.99|6|1|飞力达,319|-0.03|1745.87|1.80|4|3|畅联股份,278|-1.39|1721.59|1.77|0|7|畅联股份,395|0.47|1729.64|2.27|6|1|海晨股份,335|-1.90|1696.72|2.14|0|7|畅联股份,264|-2.48|1654.61|2.19|1|6|普路通,112|2.14|1689.94|2.00|6|1|华鹏飞,226|3.60|1750.84|2.01|7|0|海晨股份,421|-2.26|1711.26|1.87|0|7|海晨股份,94|1.38|1734.89|1.58|7|0|畅联股份,380|-0.54|1725.55|1.45|2|5|普路通,297|0.43|1732.91|1.72|5|2|普路通,369|-0.99|1715.78|1.58|0|7|畅联股份,130|1.81|1746.8|1.93|7|0|飞力达,342|-0.52|1737.65|1.98|2|4|海晨股份,440|-0.27|1732.92|1.76|4|3|新宁物流,214|-0.13|1730.7|1.75|4|3|华鹏飞,405|-0.68|1718.88|1.87|1|6|普路通,476|-3.24|1663.26|2.71|0|7|畅联股份
BK1492|焦炭Ⅲ,,,,,,,,,,,,,,,,,,,,,,,,,,,,,,,,,,,,,,,,,,,,,,,,,,,,,,,,,,,,,,,,,,,,,,,12|6.81|981.6|4.23|7|0|陕西黑猫,137|1.49|996.22|4.98|7|0|山西焦化,468|-1.89|977.41|3.04|0|7|美锦能源,14|3.82|1014.71|4.71|7|0|山西焦化,73|0.65|1021.33|5.94|4|3|陕西黑猫,11|6.15|1084.14|10.77|7|0|陕西黑猫,494|-6.33|1015.54|7.28|0|7|开滦股份,447|-0.96|1005.77|6.09|2|5|美锦能源,453|-0.70|998.69|4.27|2|4|云煤能源,33|1.49|1013.6|6.94|6|1|开滦股份,488|-3.30|980.2|4.97|0|7|云煤能源,70|1.17|991.62|4.36|5|2|山西焦化,5|4.34|1034.67|7.42|7|0|陕西黑猫,22|1.40|1049.19|7.86|4|3|安泰集团,486|-3.65|1010.85|6.29|0|7|美锦能源,18|1.27|1023.69|6.40|3|4|安泰集团,488|-2.89|994.14|5.45|0|7|安泰集团,12|1.89|1012.89|6.02|3|4|陕西黑猫,210|-2.08|991.83|6.48|1|6|陕西黑猫,5|2.89|1020.5|7.59|6|1|云煤能源,470|0.77|1028.36|6.22|4|2|美锦能源,483|-0.18|1026.48|5.78|4|3|宝泰隆,85|-0.46|1021.74|5.77|3|4|宝泰隆,477|-0.66|1014.95|4.42|2|5|山西焦化,464|-1.54|999.35|4.89|2|5|陕西黑猫,495|-6.63|933.06|4.93|0|7|美锦能源,489|-2.16|912.95|3.23|2|5|美锦能源,49|0.46|917.15|2.70|4|1|云煤能源,493|-6.43|858.15|3.09|0|7|开滦股份,47|3.31|886.53|2.54|7|0|陕西黑猫,474|0.06|887.09|2.77|4|3|安泰集团,251|-1.30|875.54|1.96|0|5|山西焦化,473|-0.65|869.88|1.70|2|5|美锦能源,71|1.07|879.2|1.99|7|0|云煤能源,479|-1.48|866.23|1.83|0|7|美锦能源,358|-0.97|857.84|1.92|1|6|美锦能源,413|0.52|862.29|1.44|6|1|安泰集团,485|-2.28|842.59|1.78|0|7|开滦股份,188|0.93|850.45|1.61|6|0|陕西黑猫,142|0.21|852.25|1.88|4|3|陕西黑猫,293|-0.04|851.86|1.60|2|5|云煤能源,34|1.29|862.84|2.22|5|2|云煤能源
BK1493|动力煤,,,,,,,,,,,,,,,,,,,,,,,,,,,,,,,,,,,,,,,,,,,,,,,,,,,,,,,,,,,,,,,,,,,,,,,94|2.68|2155.77|0.90|17|0|山煤国际,384|0.27|2161.61|0.87|11|6|新大洲A,308|-0.59|2148.88|0.72|3|14|物产环能,29|3.16|2216.85|1.06|17|0|新大洲A,37|2.51|2272.4|1.83|14|3|中煤能源,22|2.27|2324.05|2.44|14|3|大有能源,367|-1.22|2295.81|1.73|4|11|晋控煤业,396|0.00|2295.7|1.33|6|10|兖矿能源,470|-0.95|2273.88|0.97|2|14|甘肃能化,14|2.28|2325.77|2.23|16|0|山煤国际,481|-2.63|2264.63|1.44|1|16|新大洲A,36|1.96|2309.01|1.27|14|3|中煤能源,9|4.10|2403.66|1.80|16|1|郑州煤电,193|-0.34|2395.42|1.49|4|13|郑州煤电,472|-2.55|2334.34|1.47|0|17|伊泰Ｂ股,313|-2.04|2286.68|1.23|2|15|苏能股份,429|-0.82|2267.89|1.02|5|12|物产环能,17|0.96|2289.71|1.34|11|6|大有能源,37|-0.29|2283.11|1.28|8|9|郑州煤电,20|-0.76|2265.75|1.85|5|12|郑州煤电,477|0.44|2275.61|1.26|10|7|物产环能,487|-0.28|2269.3|1.63|8|8|郑州煤电,46|0.06|2270.75|1.16|8|7|兖矿能源,459|-0.19|2266.33|0.93|6|10|伊泰Ｂ股,254|0.26|2272.13|1.26|8|8|电投能源,481|-3.98|2181.77|1.31|0|16|晋控煤业,431|0.05|2182.76|1.07|6|8|甘肃能化,35|0.89|2202.27|0.65|11|3|中煤能源,255|-2.44|2148.45|0.57|1|14|伊泰Ｂ股,70|2.67|2205.81|0.69|15|0|中煤能源,489|-1.05|2182.55|1.02|6|9|新大洲A,138|-0.70|2167.27|0.59|5|10|电投能源,375|0.23|2172.33|0.56|8|7|晋控煤业,151|0.53|2183.93|0.65|10|5|山煤国际,457|-0.71|2168.52|0.58|6|9|伊泰Ｂ股,171|-0.18|2164.69|0.62|7|8|电投能源,225|1.40|2195.1|0.56|12|3|新大洲A,407|-1.00|2173.1|0.92|4|12|新大洲A,391|0.13|2175.99|0.89|8|8|新大洲A,7|2.41|2228.44|1.11|16|0|甘肃能化,228|0.25|2234.1|0.97|9|7|伊泰Ｂ股,17|2.18|2282.86|1.11|12|4|昊华能源
BK1494|焦煤,,,,,,,,,,,,,,,,,,,,,,,,,,,,,,,,,,,,,,,,,,,,,,,,,,,,,,,,,,,,,,,,,,,,,,,83|2.88|1159.05|2.95|11|0|上海能源,308|0.59|1165.88|3.78|8|3|永泰能源,354|-0.75|1157.18|2.93|2|8|盘江股份,32|3.02|1192.1|8.51|11|0|永泰能源,47|1.82|1213.84|9.21|10|1|恒源煤电,28|1.39|1230.72|7.27|8|3|兰花科创,345|-1.13|1216.8|4.78|2|8|平煤股份,457|-1.36|1200.28|4.10|0|11|淮北矿业,448|-0.56|1193.52|1.46|2|8|辽宁能源,11|2.45|1222.81|3.78|10|0|兰花科创,485|-2.93|1187.02|2.43|0|10|辽宁能源,38|1.95|1210.16|2.00|10|0|兰花科创,14|3.88|1257.17|2.98|10|0|潞安环能,258|-0.71|1248.24|2.28|2|8|恒源煤电,461|-2.22|1220.53|1.81|0|10|盘江股份,298|-1.85|1198.01|1.46|0|10|冀中能源,407|-0.70|1189.61|1.89|2|8|辽宁能源,25|0.38|1194.12|1.83|5|3|潞安环能,27|0.23|1196.82|1.98|4|6|辽宁能源,4|3.38|1237.28|3.82|9|0|辽宁能源,458|1.39|1254.5|2.91|7|3|辽宁能源,448|0.61|1262.2|3.05|5|5|辽宁能源,19|0.87|1273.17|3.65|6|4|辽宁能源,493|-1.16|1258.42|2.53|3|7|淮北矿业,455|-1.26|1242.52|2.22|3|7|潞安环能,492|-5.09|1179.22|2.98|0|10|冀中能源,457|-0.35|1175.14|2.11|4|6|淮北矿业,68|0.01|1175.3|1.75|5|5|潞安环能,469|-4.29|1124.87|1.69|0|10|恒源煤电,98|2.31|1150.86|1.33|10|0|兰花科创,487|-0.93|1140.21|1.73|2|8|盘江股份,123|-0.64|1132.94|1.18|3|7|恒源煤电,371|0.25|1135.75|1.17|6|4|潞安环能,62|1.20|1149.43|1.34|9|0|辽宁能源,471|-0.99|1138.02|1.05|1|8|淮北矿业,162|-0.14|1136.38|1.02|5|4|淮北矿业,430|0.38|1140.67|0.95|7|3|盘江股份,442|-1.34|1125.41|0.93|0|10|冀中能源,336|0.32|1129.04|1.13|5|5|恒源煤电,16|2.03|1151.99|1.41|10|0|潞安环能,257|0.12|1153.36|0.94|5|5|盘江股份,7|2.79|1185.5|1.83|10|0|潞安环能
BK1495|生活用纸,,,,,,,,,,,,,,,,,,,,,,,,,,,,,,,,,,,,,,,,,,,,,,,,,,,,,,,,,,,,,,,,,,,,,,,233|1.41|1472.33|2.11|7|2|延江股份,36|3.51|1524.02|3.91|8|1|延江股份,170|0.27|1528.08|3.43|4|5|延江股份,348|0.17|1530.7|2.95|5|4|中顺洁柔,227|-1.88|1501.95|3.50|1|8|延江股份,45|0.04|1502.61|3.64|2|7|延江股份,451|-2.02|1472.25|2.50|0|9|中顺洁柔,380|0.08|1473.5|2.91|4|5|延江股份,58|2.87|1515.75|2.69|8|1|延江股份,468|-2.63|1475.91|2.73|0|9|诺邦股份,41|3.02|1520.47|2.63|9|0|延江股份,388|-0.71|1509.74|2.32|3|6|百亚股份,448|-1.81|1482.48|2.03|0|9|豪悦护理,116|0.10|1484.03|2.02|5|4|稳健医疗,296|-0.16|1481.66|1.89|5|4|诺邦股份,114|-0.75|1470.54|1.85|2|6|稳健医疗,187|0.90|1483.84|1.79|4|5|延江股份,404|-3.29|1435.05|1.67|0|9|豪悦护理,264|-2.38|1400.94|1.98|1|8|百亚股份,437|-6.22|1313.79|2.49|0|9|稳健医疗,96|4.15|1368.32|1.97|9|0|延江股份,16|4.14|1424.96|1.66|9|0|延江股份,432|-2.47|1389.75|2.19|2|7|中顺洁柔,258|1.12|1405.35|1.80|8|1|可靠股份,265|0.19|1408.07|1.48|5|4|洁雅股份,273|-1.37|1388.78|1.43|0|9|诺邦股份,130|2.01|1416.63|1.82|9|0|延江股份,116|-0.58|1408.43|2.08|2|7|延江股份,64|-1.16|1392.07|2.09|2|7|延江股份,382|0.58|1400.1|1.76|4|4|诺邦股份,327|2.75|1438.54|2.06|9|0|洁雅股份,491|-3.44|1389.06|2.38|0|9|诺邦股份,361|0.32|1393.46|2.40|7|2|依依股份,468|-1.42|1373.69|1.96|0|9|可靠股份,414|-0.25|1370.23|2.13|6|3|洁雅股份,67|0.70|1379.87|2.30|7|2|稳健医疗,246|1.34|1398.39|2.59|8|1|中顺洁柔,477|-1.79|1373.4|2.22|1|8|豪悦护理,67|1.88|1399.28|2.00|9|0|百亚股份,65|0.97|1412.82|2.22|7|2|百亚股份,454|-1.10|1397.25|2.13|3|6|中顺洁柔,394|-1.86|1371.27|2.19|2|7|百亚股份
BK1496|洗护用品,,,,,,,,,,,,,,,,,,,,,,,,,,,,,,,,,,,,,,,,,,,,,,,,,,,,,,,,,,,,,,,,,,,,,,,355|0.64|711.61|1.65|4|0|两面针,486|-0.69|706.69|1.98|2|2|两面针,436|-1.39|696.84|1.63|0|4|润本股份,482|-1.04|689.62|1.17|2|2|润本股份,475|-4.04|661.76|3.34|0|4|润本股份,260|-3.01|641.83|2.32|0|4|两面针,282|-0.86|636.34|2.18|1|3|登康口腔,445|-0.94|630.34|1.93|2|2|两面针,173|1.88|642.22|1.76|4|0|两面针,341|-1.40|633.23|1.66|0|4|润本股份,210|1.60|643.37|1.15|4|0|倍加洁,274|-0.27|641.62|1.08|2|2|登康口腔,318|-1.06|634.79|1.15|0|4|两面针,119|0.06|635.18|1.60|2|1|两面针,17|2.62|651.85|5.11|4|0|两面针,88|-0.57|648.12|2.71|1|3|登康口腔,275|0.26|649.81|1.87|2|2|倍加洁,106|-1.64|639.17|2.02|0|4|倍加洁,234|-2.22|625.01|1.99|0|4|润本股份,429|-6.17|586.42|4.15|0|4|登康口腔,79|4.37|612.05|2.62|4|0|两面针,445|0.69|616.29|1.69|3|1|两面针,32|0.36|618.51|5.13|1|3|两面针,15|4.10|643.87|6.77|3|1|倍加洁,485|-3.14|623.64|0.88|1|2|润本股份,41|0.22|625.02|1.12|1|2|润本股份,2|7.36|671.01|2.92|4|0|两面针,277|-1.68|659.77|17.60|1|3|两面针,331|-2.82|641.16|9.50|1|3|润本股份,418|0.31|643.15|9.82|2|1|两面针,325|2.76|660.9|8.21|3|1|润本股份,340|-1.83|648.8|5.57|0|4|润本股份,440|-0.21|647.43|5.22|2|2|倍加洁,409|-0.74|642.64|4.06|1|3|登康口腔,423|-0.32|640.56|3.29|1|3|倍加洁,45|1.12|647.71|3.76|3|1|润本股份,251|1.32|656.25|3.73|3|1|倍加洁,400|-0.97|649.9|2.65|0|4|倍加洁,81|1.71|661.03|3.13|2|2|润本股份,74|0.84|666.58|2.83|2|2|登康口腔,269|0.07|667.04|2.47|2|2|登康口腔,45|0.99|673.65|3.18|2|2|润本股份
BK1497|化妆品制造及其他,,,,,,,,,,,,,,,,,,,,,,,,,,,,,,,,,,,,,,,,,,,,,,,,,,,,,,,,,,,,,,,,,,,,,,,282|1.13|2926.37|2.99|6|1|青松股份,280|0.68|2946.3|2.64|5|2|科思股份,390|-0.94|2918.68|2.00|1|6|锦盛新材,198|0.78|2941.54|2.35|4|3|青松股份,468|-3.97|2824.65|3.30|0|7|嘉亨家化,254|-2.94|2741.73|2.64|1|6|嘉亨家化,92|0.28|2749.39|2.10|2|4|锦盛新材,283|0.79|2771.19|1.80|5|2|华业香料,346|0.96|2797.72|1.42|5|1|华业香料,206|-0.74|2776.99|2.12|2|5|锦盛新材,111|2.31|2841.21|1.65|7|0|嘉亨家化,169|0.19|2846.73|1.79|3|4|嘉亨家化,385|-1.35|2808.41|1.73|1|6|科思股份,140|-0.08|2806.3|1.45|3|3|华业香料,234|0.22|2812.37|1.52|3|4|青松股份,316|-2.08|2753.82|1.90|0|7|芭薇股份,199|0.83|2776.71|1.77|4|3|青松股份,88|-1.41|2737.51|2.06|1|6|科思股份,313|-2.55|2667.72|1.86|0|7|锦盛新材,489|-7.57|2465.72|2.58|0|7|嘉亨家化,118|4.02|2564.83|1.87|7|0|华业香料,385|1.26|2597.03|1.51|6|1|华业香料,55|-0.08|2595.04|1.42|2|5|嘉亨家化,215|1.29|2628.48|1.60|6|1|嘉亨家化,128|0.87|2651.24|1.54|3|4|青松股份,194|-1.04|2623.71|1.63|2|5|嘉亨家化,159|1.84|2671.99|1.46|7|0|力合科创,152|-0.93|2647.22|1.50|2|5|芭薇股份,385|-3.15|2563.95|1.29|0|7|科思股份,265|1.17|2594.07|1.34|6|1|华业香料,174|4.05|2699.09|1.76|7|0|力合科创,396|-2.11|2642.08|1.43|0|7|芭薇股份,423|-0.06|2640.61|1.11|3|4|科思股份,201|0.29|2648.16|1.11|4|3|锦盛新材,247|0.65|2665.25|1.19|5|2|锦盛新材,309|-0.76|2644.92|1.09|2|5|嘉亨家化,268|1.22|2677.22|1.11|6|1|华业香料,60|1.59|2719.75|2.15|4|3|青松股份,43|2.25|2780.82|1.66|6|1|锦盛新材,351|-0.68|2762.03|1.40|4|3|科思股份,108|0.97|2788.95|1.66|6|1|芭薇股份,142|-0.36|2779.01|1.96|4|3|青松股份
BK1498|品牌化妆品,,,,,,,,,,,,,,,,,,,,,,,,,,,,,,,,,,,,,,,,,,,,,,,,,,,,,,,,,,,,,,,,,,,,,,,455|-0.66|1677.15|1.38|4|4|福瑞达,152|1.39|1700.42|1.47|8|0|上海家化,392|-0.95|1684.32|1.31|1|7|上海家化,174|0.92|1699.89|1.31|6|2|水羊股份,402|-3.03|1648.35|1.52|0|8|水羊股份,205|-2.54|1606.52|1.54|0|8|丸美生物,361|-1.19|1587.36|1.17|0|8|水羊股份,387|0.04|1588.01|1.01|3|5|拉芳家化,354|0.89|1602.16|1.05|6|2|贝泰妮,459|-2.53|1561.58|1.59|0|8|福瑞达,243|1.47|1584.59|1.02|8|0|珀莱雅,325|-0.46|1577.24|0.90|2|6|上海家化,372|-1.30|1556.7|0.94|1|7|上海家化,62|0.54|1565.12|1.10|5|2|上海家化,72|1.25|1584.61|1.12|8|0|上海家化,129|-0.86|1570.97|1.09|0|8|珀莱雅,297|0.13|1572.95|0.97|4|4|水羊股份,164|-2.08|1540.21|1.05|0|8|上海家化,118|-1.42|1518.28|1.08|1|7|上海家化,338|-5.73|1431.26|1.67|0|8|水羊股份,372|2.64|1469.06|1.10|8|0|拉芳家化,475|0.10|1470.57|0.93|5|3|水羊股份,193|-1.09|1454.47|0.90|1|7|水羊股份,104|1.99|1483.37|1.06|7|1|贝泰妮,189|0.52|1491.1|0.91|5|3|上海家化,132|-0.71|1480.58|0.79|1|7|福瑞达,87|2.25|1513.85|1.34|7|1|上海家化,235|-1.48|1491.39|0.92|0|8|敷尔佳,333|-2.82|1449.29|0.80|0|8|珀莱雅,413|0.34|1454.29|0.70|5|3|水羊股份,301|2.95|1497.15|1.01|8|0|水羊股份,459|-2.56|1458.78|0.92|0|8|水羊股份,118|1.26|1477.11|0.82|8|0|丸美生物,311|-0.26|1473.34|0.76|1|7|敷尔佳,296|0.43|1479.74|0.85|6|2|上海家化,164|-0.15|1477.46|0.94|2|3|上海家化,376|0.71|1487.89|0.81|8|0|水羊股份,214|0.08|1489.09|1.24|2|6|水羊股份,217|0.83|1501.52|1.07|5|3|水羊股份,107|0.43|1507.91|1.19|5|3|敷尔佳,400|-0.64|1498.26|1.23|3|5|珀莱雅,53|0.85|1511.06|1.45|4|3|敷尔佳
BK1499|医美服务,,,,,,,,,,,,,,,,,,,,,,,,,,,,,,,,,,,,,,,,,,,,,,,,,,,,,,,,,,,,,,,,,,,,,,,460|-0.92|608.51|0.83|0|1|*ST美谷,65|2.48|623.58|0.94|1|0|*ST美谷,316|-0.60|619.81|0.98|0|1|*ST美谷,487|-1.22|612.27|0.91|0|1|*ST美谷,128|-0.62|608.5|1.04|0|1|*ST美谷,165|-2.17|595.32|0.89|0|1|*ST美谷,85|0.32|597.2|0.59|1|0|*ST美谷,73|1.89|608.5|0.54|1|0|*ST美谷,398|0.62|612.27|0.61|1|0|*ST美谷,414|-1.85|600.97|0.86|0|1|*ST美谷,57|2.82|617.92|0.98|1|0|*ST美谷,368|-0.61|614.16|0.69|0|1|*ST美谷,41|1.23|621.69|0.64|1|0|*ST美谷,288|-0.91|616.04|0.73|0|1|*ST美谷,214|0.31|617.92|0.43|1|0|*ST美谷,93|-0.61|614.16|0.63|0|1|*ST美谷,473|-1.53|604.74|0.73|0|1|*ST美谷,71|-1.25|597.2|0.88|0|1|*ST美谷,54|-0.63|593.43|0.48|0|1|*ST美谷,68|-3.17|574.59|1.01|0|1|*ST美谷,378|2.62|589.66|0.77|1|0|*ST美谷,43|3.20|608.5|0.83|1|0|*ST美谷,276|-1.55|599.08|0.49|0|1|*ST美谷,6|5.03|629.22|1.53|1|0|*ST美谷,19|2.70|646.18|2.20|1|0|*ST美谷,14|2.04|659.37|3.08|1|0|*ST美谷,485|-2.00|646.18|1.88|0|1|*ST美谷,179|-1.17|638.64|1.22|0|1|*ST美谷,11|0.30|640.53|1.22|1|0|*ST美谷,495|-2.35|625.46|0.84|0|1|*ST美谷,429|1.51|634.88|0.76|1|0|*ST美谷,76|-0.30|632.99|0.53|0|1|*ST美谷,222|0.89|638.64|0.80|1|0|*ST美谷,427|-0.88|632.99|1.13|0|1|*ST美谷,326|0.30|634.88|1.09|1|0|*ST美谷,194|-0.30|632.99|0.77|0|1|*ST美谷,204|1.49|642.41|1.14|1|0|*ST美谷,302|-0.29|640.53|0.64|0|1|*ST美谷,75|1.76|651.83|1.28|1|0|*ST美谷,482|-1.73|640.53|0.93|0|1|*ST美谷,348|-0.30|638.64|0.80|0|1|*ST美谷,333|-1.48|629.22|0.70|0|1|*ST美谷
BK1500|医美耗材,,,,,,,,,,,,,,,,,,,,,,,,,,,,,,,,,,,,,,,,,,,,,,,,,,,,,,,,,,,,,,,,,,,,,,,375|0.48|2060.7|0.86|2|1|华熙生物,273|0.71|2075.28|0.82|3|0|华熙生物,435|-1.39|2046.39|0.97|0|3|锦波生物,473|-0.83|2029.48|0.68|1|2|华熙生物,493|-5.03|1927.4|1.28|0|3|爱美客,223|-2.67|1875.96|1.18|0|3|爱美客,222|-0.61|1864.49|0.80|1|2|爱美客,383|0.05|1865.47|0.68|1|2|锦波生物,202|1.70|1897.14|0.70|3|0|华熙生物,384|-1.60|1866.84|0.70|0|3|华熙生物,216|1.58|1896.33|0.61|3|0|锦波生物,39|1.94|1933.14|0.98|3|0|锦波生物,416|-1.53|1903.64|0.64|0|3|华熙生物,114|0.11|1905.79|0.61|2|1|华熙生物,322|-0.26|1900.76|0.58|2|1|华熙生物,131|-0.87|1884.31|0.65|0|3|爱美客,412|-0.73|1870.59|0.60|0|2|华熙生物,309|-2.74|1819.41|0.59|0|3|爱美客,392|-3.04|1764.04|1.24|1|2|锦波生物,484|-7.42|1633.14|1.30|0|3|华熙生物,427|2.03|1666.33|0.68|3|0|锦波生物,480|-0.02|1665.94|0.61|1|2|华熙生物,422|-2.35|1626.77|0.73|0|3|华熙生物,101|2.02|1659.58|0.71|3|0|华熙生物,458|-1.41|1636.24|0.51|0|3|华熙生物,300|-1.50|1611.67|0.62|0|3|爱美客,3|6.25|1712.43|1.05|3|0|锦波生物,64|0.18|1715.47|1.15|1|2|锦波生物,198|-2.07|1680.03|0.72|0|3|锦波生物,285|1.06|1697.91|0.78|2|1|华熙生物,427|1.52|1723.68|0.94|2|1|爱美客,446|-2.47|1681.06|0.73|0|3|华熙生物,254|0.78|1694.25|0.66|3|0|爱美客,369|-0.49|1685.89|0.53|1|2|锦波生物,93|1.55|1712.01|0.74|3|0|爱美客,16|1.96|1745.54|1.17|2|1|锦波生物,483|-0.43|1738.01|0.69|1|2|爱美客,135|0.65|1749.26|0.69|2|1|锦波生物,434|-0.21|1745.56|0.66|1|2|爱美客,313|-0.50|1736.83|0.56|1|2|锦波生物,147|0.65|1748.17|0.62|2|0|锦波生物,8|2.68|1794.95|1.45|3|0|锦波生物
BK1501|动物保健Ⅲ,,,,,,,,,,,,,,,,,,,,,,,,,,,,,,,,,,,,,,,,,,,,,,,,,,,,,,,,,,,,,,,,,,,,,,,178|1.83|5223.05|1.71|13|0|申联生物,188|1.04|5277.6|1.95|12|1|中牧股份,108|0.74|5316.9|2.09|4|8|贤丰控股,284|0.39|5337.86|3.79|9|4|*ST绿康,353|-2.65|5196.64|3.09|1|12|*ST绿康,197|-2.50|5066.96|2.79|3|10|大禹生物,202|-0.53|5040.2|2.55|4|9|中牧股份,360|0.28|5054.1|2.16|6|6|贤丰控股,106|2.35|5172.75|2.05|12|1|瑞普生物,315|-1.29|5105.94|1.87|0|13|中牧股份,381|0.64|5138.66|1.54|9|2|贤丰控股,373|-0.65|5105.18|1.43|2|11|金河生物,85|0.31|5121.15|2.60|7|6|金河生物,165|-0.19|5111.18|2.05|5|7|贤丰控股,107|0.85|5154.58|2.24|8|4|回盛生物,324|-2.12|5045.22|2.06|0|13|生物股份,190|0.89|5089.99|2.14|10|3|生物股份,449|-3.94|4889.69|2.59|0|13|普莱柯,321|-2.58|4763.44|2.04|0|13|生物股份,423|-6.16|4470.08|2.92|0|13|金河生物,324|2.92|4600.42|1.87|13|0|贤丰控股,400|1.17|4654.08|1.37|12|1|贤丰控股,171|-1.02|4606.67|1.26|2|11|瑞普生物,92|2.09|4703.1|1.45|12|1|申联生物,326|-0.06|4700.21|1.28|6|6|生物股份,208|-1.09|4648.86|1.30|3|10|驱动力,131|2.00|4741.96|1.28|12|1|回盛生物,8|3.17|4892.16|3.30|12|1|大禹生物,451|-3.83|4704.67|2.37|0|13|*ST绿康,12|4.88|4934.07|4.30|12|1|中牧股份,469|0.38|4952.73|4.16|10|3|*ST绿康,408|-2.17|4845.44|2.65|2|11|中牧股份,369|0.25|4857.79|2.67|9|4|*ST绿康,410|-0.75|4821.51|2.12|3|10|大禹生物,81|1.69|4902.85|2.27|12|1|大禹生物,43|1.13|4958.26|2.44|9|3|回盛生物,477|-0.31|4942.91|1.97|8|5|贤丰控股,192|0.28|4956.62|1.97|6|7|驱动力,418|-0.13|4950.26|1.66|3|9|驱动力,448|-1.26|4887.68|1.39|1|12|瑞普生物,274|0.05|4890.15|1.60|6|6|驱动力,348|-1.60|4811.8|1.58|0|13|金河生物
BK1502|林业Ⅲ,,,,,,,,,,,,,,,,,,,,,,,,,,,,,,,,,,,,,,,,,,,,,,,,,,,,,,,,,,,,,,,,,,,,,,,229|1.44|5572.01|8.96|4|0|平潭发展,162|1.26|5642.43|7.69|4|0|福建金森,304|-0.57|5610.5|11.86|2|2|永安林业,34|2.89|5772.42|20.02|4|0|平潭发展,300|-2.36|5635.96|18.58|1|3|平潭发展,127|-1.68|5541.33|21.04|0|4|平潭发展,30|1.75|5638.43|20.41|3|1|平潭发展,471|-1.84|5534.93|17.67|0|4|永安林业,254|1.43|5614.05|11.43|3|1|福建金森,487|-3.21|5433.59|11.23|1|3|ST景谷,292|1.21|5499.41|8.87|4|0|平潭发展,469|-1.63|5409.95|8.25|0|4|ST景谷,471|-2.11|5295.91|7.72|1|3|ST景谷,219|-0.47|5271.1|7.84|1|3|永安林业,110|0.84|5315.37|6.01|4|0|永安林业,170|-1.08|5258.03|7.58|1|3|永安林业,111|1.46|5334.95|6.13|4|0|ST景谷,139|-1.94|5231.66|5.70|1|3|ST景谷,360|-2.83|5083.54|7.12|0|4|永安林业,54|-2.88|4936.97|11.22|1|3|平潭发展,394|2.47|5059.12|9.08|3|1|永安林业,14|4.14|5268.76|12.05|4|0|平潭发展,394|-2.14|5155.98|12.03|1|3|ST景谷,381|0.69|5191.63|6.66|3|1|永安林业,8|4.08|5403.37|17.41|4|0|平潭发展,10|2.48|5537.56|17.94|2|2|平潭发展,492|-2.46|5401.46|19.71|1|3|ST景谷,42|0.54|5430.78|19.74|2|2|平潭发展,479|-4.56|5183.03|14.49|0|4|ST景谷,102|2.23|5298.71|12.87|3|1|福建金森,398|1.95|5402.21|12.95|4|0|永安林业,453|-2.52|5266.15|9.67|0|4|ST景谷,460|-0.42|5243.89|16.00|2|2|永安林业,158|0.50|5270.01|15.33|3|1|平潭发展,487|-1.77|5176.58|12.61|0|4|ST景谷,362|-0.97|5126.31|10.32|1|3|平潭发展,391|0.65|5159.56|7.47|3|1|福建金森,436|-1.27|5093.78|5.95|0|4|福建金森,69|1.85|5187.91|10.93|4|0|平潭发展,477|-1.69|5100.08|7.33|0|4|永安林业,290|-0.03|5098.8|5.65|1|3|平潭发展,51|0.86|5142.48|6.23|2|2|福建金森
BK1503|果蔬加工,,,,,,,,,,,,,,,,,,,,,,,,,,,,,,,,,,,,,,,,,,,,,,,,,,,,,,,,,,,,,,,,,,,,,,,199|1.65|3061.74|1.47|6|0|冠农股份,146|1.41|3105.06|1.78|5|1|冠农股份,245|-0.24|3097.68|1.52|2|4|冠农股份,102|1.64|3148.42|1.68|4|2|ST朗源,142|-0.87|3121.11|2.00|2|4|安德利,262|-3.03|3026.58|2.05|0|6|田野股份,61|0.69|3047.46|1.47|4|2|冠农股份,428|-0.50|3032.27|1.43|3|3|ST朗源,331|1.07|3064.61|1.29|6|0|*ST中基,130|-0.22|3057.72|1.76|2|4|冠农股份,444|-0.35|3046.99|1.33|4|2|安德利,260|-0.23|3039.95|1.29|2|4|冠农股份,274|-0.86|3013.93|1.78|1|5|冠农股份,79|0.35|3024.33|1.72|3|3|冠农股份,362|-0.53|3008.4|1.57|3|3|ST朗源,224|-1.44|2964.94|1.29|0|6|*ST中基,234|0.59|2982.44|1.42|4|2|冠农股份,399|-3.26|2885.11|1.30|0|6|*ST中基,106|-1.32|2846.9|1.23|2|4|*ST中基,145|-4.69|2713.48|2.24|1|5|*ST中基,296|3.01|2795.24|1.24|6|0|安德利,28|3.62|2896.5|1.43|6|0|冠农股份,145|-0.92|2869.98|1.56|1|5|国投中鲁,44|2.98|2955.43|1.67|6|0|冠农股份,120|0.94|2983.08|1.95|4|2|ST朗源,246|-1.24|2946.18|1.75|1|5|安德利,469|-0.70|2925.67|1.31|4|2|国投中鲁,170|-1.07|2894.25|1.31|0|6|田野股份,294|-2.64|2817.72|1.50|0|6|安德利,483|-0.82|2794.65|1.67|4|2|安德利,307|2.92|2876.18|1.41|6|0|田野股份,160|-0.83|2852.21|1.15|1|5|安德利,109|1.28|2888.78|1.16|5|1|国投中鲁,66|1.14|2921.63|1.20|5|1|ST朗源,305|0.40|2933.29|1.14|3|3|安德利,417|-1.34|2894|1.69|1|5|ST朗源,42|2.80|2975.12|1.79|6|0|安德利,30|2.25|3042.15|2.17|4|2|国投中鲁,357|0.26|3050.08|2.37|3|3|国投中鲁,150|0.18|3055.5|2.16|1|4|冠农股份,239|0.20|3061.62|1.45|2|3|安德利,130|-0.24|3054.13|1.74|3|2|安德利
BK1504|粮油加工,,,,,,,,,,,,,,,,,,,,,,,,,,,,,,,,,,,,,,,,,,,,,,,,,,,,,,,,,,,,,,,,,,,,,,,299|1.02|1704.88|1.74|7|1|深粮控股,293|0.63|1715.62|2.05|8|0|京粮控股,282|-0.44|1708.02|1.67|2|7|嘉华股份,337|0.20|1711.45|1.82|6|2|金健米业,129|-0.68|1699.88|4.20|5|5|金健米业,65|-0.52|1691.08|5.11|4|5|京粮控股,80|0.38|1697.49|7.42|5|4|京粮控股,482|-2.45|1655.93|5.35|0|10|索宝蛋白,99|2.38|1695.35|4.92|9|0|嘉华股份,37|1.38|1718.77|9.89|6|4|金龙鱼,459|-0.92|1703|5.46|3|5|索宝蛋白,401|-0.76|1690.1|4.31|1|7|深粮控股,150|-0.23|1686.22|4.56|6|3|京粮控股,44|0.69|1697.92|6.06|6|2|道道全,157|0.61|1708.22|5.77|7|3|京粮控股,336|-2.18|1670.99|4.06|1|8|深粮控股,382|-0.51|1662.54|3.30|5|5|道道全,222|-2.38|1622.9|3.47|0|9|深粮B,178|-1.88|1592.43|4.23|2|8|深粮B,118|-4.30|1523.93|4.70|1|9|京粮B,360|2.75|1565.89|3.10|10|0|索宝蛋白,421|0.94|1580.56|4.38|8|1|深粮控股,96|-0.54|1571.97|3.28|2|8|深粮控股,124|1.82|1600.62|3.64|9|1|京粮控股,30|2.21|1635.98|5.24|9|1|金健米业,229|-1.19|1616.56|6.14|1|8|嘉华股份,474|-1.01|1600.3|4.02|3|5|索宝蛋白,119|-0.59|1590.83|3.22|3|6|金健米业,448|-3.73|1531.46|3.51|0|9|京粮B,51|3.16|1579.86|4.16|8|1|深粮控股,478|-0.19|1576.89|4.74|5|4|金龙鱼,84|-0.35|1571.33|4.94|3|7|嘉华股份,485|-1.45|1548.55|3.88|5|5|金龙鱼,253|0.04|1549.17|5.71|6|4|深粮控股,448|-0.53|1540.95|3.70|2|5|索宝蛋白,421|-1.37|1519.91|2.77|1|8|京粮B,444|0.22|1523.32|3.18|6|3|嘉华股份,389|-0.85|1510.4|2.54|3|6|嘉华股份,134|1.24|1529.13|2.97|7|2|深粮控股,421|-1.11|1512.23|2.63|2|6|道道全,327|-0.19|1509.36|2.27|3|5|京粮B,73|0.39|1515.32|3.26|4|5|深粮控股
BK1505|其他农产品加工,,,,,,,,,,,,,,,,,,,,,,,,,,,,,,,,,,,,,,,,,,,,,,,,,,,,,,,,,,,,,,,,,,,,,,,154|2.07|2934.9|1.44|12|0|华资实业,317|0.53|2950.56|1.55|9|3|中粮科技,151|0.42|2962.99|1.59|4|8|保龄宝,268|0.46|2976.59|1.77|7|3|*ST佳沃,137|-0.78|2953.25|2.63|2|10|中粮科技,92|-1.16|2919.07|3.47|4|8|广农糖业,254|-0.75|2897.29|2.63|4|8|欧福蛋业,437|-0.65|2878.42|2.27|3|9|华资实业,54|2.91|2962.16|2.73|11|1|中粮科技,55|0.93|2989.57|4.21|7|4|广农糖业,426|0.23|2996.32|2.70|6|5|一致魔芋,320|-0.44|2983|1.96|5|6|中粮科技,120|-0.03|2982.02|2.41|5|7|晨光生物,139|-0.06|2980.08|3.12|6|6|永顺泰,279|-0.08|2977.78|2.86|4|8|保龄宝,429|-2.97|2889.29|2.30|0|12|双塔食品,374|-0.47|2875.69|1.68|4|8|*ST佳沃,259|-2.53|2802.86|1.94|1|11|华资实业,126|-1.51|2760.43|2.01|3|9|*ST佳沃,293|-5.57|2606.74|2.37|0|12|中粮糖业,407|2.34|2667.85|1.80|11|1|祖名股份,132|2.43|2732.64|1.58|11|1|华资实业,65|-0.21|2726.92|1.60|4|8|华资实业,218|1.27|2761.58|1.87|9|3|*ST佳沃,145|0.73|2781.84|2.11|7|4|华资实业,435|-2.80|2703.87|1.75|0|11|欧福蛋业,329|0.94|2729.17|1.23|11|1|一致魔芋,90|-0.28|2721.41|1.30|5|7|一致魔芋,394|-3.20|2634.28|1.68|1|11|中粮糖业,114|2.10|2689.53|1.92|11|1|中粮科技,392|2.04|2744.4|1.90|10|2|*ST佳沃,257|-1.34|2707.71|1.31|3|9|保龄宝,262|0.75|2727.98|1.24|11|1|*ST佳沃,337|-0.36|2718.1|1.35|5|6|中粮科技,394|-0.08|2715.8|1.22|5|7|*ST佳沃,245|-0.47|2703.15|1.25|4|8|一致魔芋,255|1.30|2738.31|1.31|10|2|一致魔芋,231|-0.01|2738.15|1.34|5|7|华资实业,212|0.85|2761.36|1.30|9|3|保龄宝,275|-0.35|2751.68|1.86|6|5|广农糖业,317|-0.12|2748.34|1.56|7|5|一致魔芋,124|-0.16|2743.87|1.52|6|6|华资实业
BK1506|农业综合Ⅲ,,,,,,,,,,,,,,,,,,,,,,,,,,,,,,,,,,,,,,,,,,,,,,,,,,,,,,,,,,,,,,,,,,,,,,,102|2.56|2837.45|2.51|3|0|辉隆股份,150|1.39|2876.93|3.33|3|0|辉隆股份,125|0.64|2895.35|3.30|2|1|大禹节水,96|1.69|2944.33|5.27|3|0|大禹节水,281|-2.25|2878.05|4.06|1|2|辉隆股份,35|0.59|2895|4.84|1|2|润农节水,49|0.93|2921.86|4.25|2|1|辉隆股份,462|-1.62|2874.41|4.78|0|3|辉隆股份,109|2.34|2941.56|4.56|3|0|辉隆股份,230|-0.89|2915.47|4.60|0|3|辉隆股份,452|-0.78|2892.76|3.28|1|2|润农节水,103|0.80|2916.01|2.97|2|1|辉隆股份,354|-1.23|2880.24|2.78|0|3|辉隆股份,106|0.16|2884.92|3.74|2|1|辉隆股份,243|0.16|2889.47|3.26|2|1|润农节水,423|-2.94|2804.49|3.26|0|3|润农节水,421|-0.77|2782.97|2.32|0|3|大禹节水,413|-3.37|2689.32|2.26|0|3|大禹节水,352|-2.76|2615.12|2.41|0|3|润农节水,457|-6.41|2447.51|3.15|0|3|大禹节水,397|2.47|2507.92|2.15|3|0|大禹节水,210|2.09|2560.43|2.05|3|0|辉隆股份,132|-0.81|2539.64|1.98|1|2|辉隆股份,78|2.28|2597.45|2.14|3|0|辉隆股份,165|0.66|2614.64|1.96|3|0|辉隆股份,343|-1.79|2567.92|2.00|0|3|大禹节水,361|0.71|2586.12|1.36|3|0|润农节水,129|-0.70|2568.12|1.20|0|3|润农节水,470|-4.30|2457.57|1.66|0|3|大禹节水,41|3.45|2542.29|1.79|3|0|辉隆股份,380|2.12|2596.22|2.00|3|0|润农节水,368|-1.98|2544.76|1.20|0|3|辉隆股份,299|0.62|2560.53|1.17|3|0|辉隆股份,366|-0.48|2548.25|1.00|1|2|大禹节水,335|0.24|2554.39|1.15|2|0|辉隆股份,318|-0.82|2533.43|1.18|0|3|润农节水,106|1.95|2582.86|2.34|3|0|辉隆股份,104|1.00|2608.73|1.96|2|1|润农节水,281|0.54|2622.91|1.59|2|1|润农节水,385|-0.84|2600.88|1.71|1|2|大禹节水,97|1.01|2627.15|1.30|2|1|润农节水,266|-0.98|2601.41|1.34|1|2|辉隆股份
BK1507|宠物食品,,,,,,,,,,,,,,,,,,,,,,,,,,,,,,,,,,,,,,,,,,,,,,,,,,,,,,,,,,,,,,,,,,,,,,,374|0.49|2164.08|1.02|3|1|路斯股份,257|0.75|2180.24|0.97|4|0|乖宝宠物,412|-1.10|2156.16|1.29|0|4|路斯股份,378|0.05|2157.33|0.76|2|2|中宠股份,422|-3.26|2086.93|2.16|0|4|路斯股份,70|-0.72|2071.91|1.76|1|3|中宠股份,413|-1.49|2041.06|1.25|0|4|佩蒂股份,33|2.41|2090.29|1.57|4|0|路斯股份,365|0.85|2107.95|1.27|3|1|乖宝宠物,484|-2.98|2045.07|1.89|0|4|佩蒂股份,232|1.51|2076.03|1.11|4|0|乖宝宠物,335|-0.52|2065.29|0.96|1|3|乖宝宠物,303|-0.97|2045.21|0.85|0|3|佩蒂股份,199|-0.39|2037.22|1.06|1|3|路斯股份,431|-1.44|2007.79|2.16|1|3|乖宝宠物,133|-0.87|1990.25|1.87|0|4|佩蒂股份,439|-0.88|1972.81|1.53|1|3|佩蒂股份,385|-3.16|1910.43|2.08|0|4|佩蒂股份,396|-3.09|1851.48|2.13|0|4|路斯股份,381|-5.89|1742.39|3.01|0|4|乖宝宠物,346|2.81|1791.32|1.76|4|0|路斯股份,301|1.70|1821.77|1.48|4|0|中宠股份,360|-1.90|1787.13|1.59|0|4|中宠股份,56|2.65|1834.54|2.78|4|0|乖宝宠物,480|-2.58|1787.28|2.82|0|4|路斯股份,272|-1.36|1762.9|1.80|0|4|路斯股份,15|4.34|1839.45|3.74|4|0|中宠股份,73|-0.08|1838.01|2.63|3|1|佩蒂股份,176|-1.88|1803.44|1.65|0|4|中宠股份,375|0.61|1814.49|1.43|3|1|佩蒂股份,303|2.94|1867.79|2.30|4|0|路斯股份,443|-2.44|1822.24|2.41|0|4|乖宝宠物,161|1.14|1842.93|2.18|2|2|佩蒂股份,447|-1.06|1823.42|2.23|1|3|佩蒂股份,217|0.78|1837.57|1.93|3|1|中宠股份,3|5.72|1942.68|5.67|4|0|中宠股份,472|-0.17|1939.31|4.30|2|2|佩蒂股份,71|1.40|1966.38|4.18|2|2|乖宝宠物,301|0.47|1975.64|3.49|2|2|乖宝宠物,31|1.47|2004.6|4.26|3|1|乖宝宠物,376|-0.46|1995.32|2.83|1|3|路斯股份,344|-1.57|1964.05|4.99|1|3|中宠股份
BK1508|畜禽饲料,,,,,,,,,,,,,,,,,,,,,,,,,,,,,,,,,,,,,,,,,,,,,,,,,,,,,,,,,,,,,,,,,,,,,,,339|0.78|2286.52|1.51|8|1|邦基科技,263|0.73|2303.2|2.22|7|1|傲农生物,268|-0.36|2294.99|2.01|2|6|天康生物,105|1.60|2331.6|2.62|9|0|金新农,211|-1.75|2290.83|3.25|1|8|大北农,102|-1.27|2261.81|5.34|4|5|大北农,81|0.38|2270.38|6.10|5|4|大北农,446|-0.95|2248.89|4.46|2|7|金新农,19|3.83|2335|4.62|9|0|邦基科技,98|0.13|2338.03|5.46|4|4|天康生物,342|0.85|2357.89|3.96|7|2|天康生物,215|-0.04|2356.83|3.31|4|4|天康生物,88|0.28|2363.33|4.05|6|3|唐人神,85|0.29|2370.24|3.81|3|5|播恩集团,283|-0.09|2368.09|4.36|6|3|傲农生物,400|-2.62|2306.07|3.38|0|9|唐人神,403|-0.65|2290.97|2.92|3|6|邦基科技,89|-1.43|2258.17|2.91|1|8|天康生物,323|-2.59|2199.68|2.83|0|9|天康生物,480|-7.22|2040.89|4.57|0|9|大北农,302|2.99|2101.82|2.63|9|0|播恩集团,331|1.58|2135.12|2.10|9|0|金新农,333|-1.76|2097.45|1.91|0|9|播恩集团,61|2.49|2149.64|2.20|8|1|金新农,121|0.93|2169.56|2.57|6|2|正虹科技,339|-1.75|2131.55|1.95|0|9|正虹科技,300|1.16|2156.37|1.35|8|1|金新农,62|0.20|2160.69|2.44|4|4|天康生物,465|-4.03|2073.7|1.95|0|9|大北农,46|3.33|2142.81|2.60|9|0|天康生物,406|1.90|2183.62|2.23|8|1|正虹科技,440|-2.41|2131|2.10|0|9|天康生物,405|0.07|2132.51|1.56|4|4|邦基科技,65|1.15|2157.05|2.20|8|1|傲农生物,19|3.01|2221.91|4.19|9|0|傲农生物,81|0.56|2234.37|3.26|4|4|正虹科技,473|-0.21|2229.66|2.28|3|6|播恩集团,454|-1.43|2197.69|2.13|1|8|金新农,108|1.43|2229.11|2.11|5|4|播恩集团,470|-1.61|2193.23|2.04|1|6|正虹科技,468|-1.21|2166.61|2.21|0|9|金新农,434|-2.27|2117.46|2.05|1|8|天康生物
BK1509|水产饲料,,,,,,,,,,,,,,,,,,,,,,,,,,,,,,,,,,,,,,,,,,,,,,,,,,,,,,,,,,,,,,,,,,,,,,,218|1.52|6816.78|1.06|3|1|百洋股份,242|0.80|6871.14|0.84|4|0|海大集团,197|0.07|6875.77|0.90|2|2|粤海饲料,217|0.70|6923.83|0.94|2|2|百洋股份,371|-2.72|6735.53|1.15|0|4|海大集团,149|-1.93|6605.48|1.29|0|4|海大集团,170|-0.36|6581.55|1.00|2|2|粤海饲料,431|-0.56|6544.97|0.88|2|2|百洋股份,33|3.34|6763.44|1.26|4|0|百洋股份,136|-0.27|6745.44|1.43|1|3|粤海饲料,411|0.40|6772.24|0.80|2|2|百洋股份,299|-0.34|6749.11|0.80|1|3|海大集团,139|-0.18|6737.09|0.93|2|2|海大集团,149|-0.12|6728.79|0.99|2|2|粤海饲料,69|1.29|6815.67|1.30|3|1|百洋股份,470|-3.72|6562.41|1.39|0|4|粤海饲料,266|0.34|6584.85|1.03|2|2|天马科技,118|-1.81|6465.35|1.00|1|3|天马科技,355|-2.77|6286.08|1.06|0|4|海大集团,491|-7.74|5799.81|1.87|0|4|海大集团,441|1.82|5905.42|1.79|3|1|百洋股份,464|0.42|5930.32|1.76|3|1|百洋股份,122|-0.75|5885.86|1.30|1|3|粤海饲料,11|4.50|6150.53|1.65|4|0|粤海饲料,31|2.11|6280.39|2.42|3|1|天马科技,25|0.68|6323.14|1.94|2|2|天马科技,161|1.84|6439.4|1.45|4|0|天马科技,19|1.82|6556.63|1.67|3|1|海大集团,167|-1.86|6434.49|1.40|1|3|粤海饲料,470|-0.40|6408.59|1.45|2|2|百洋股份,422|1.61|6511.64|1.48|4|0|百洋股份,87|-0.38|6486.9|1.46|1|3|天马科技,437|-0.20|6473.95|1.76|3|1|天马科技,338|-0.36|6450.48|1.65|2|2|粤海饲料,376|0.06|6454.22|1.31|2|2|粤海饲料,306|-0.74|6406.25|1.46|1|3|海大集团,278|1.19|6482.17|1.39|3|1|百洋股份,137|0.64|6523.65|1.53|2|2|粤海饲料,348|0.29|6542.54|1.11|2|2|天马科技,146|0.20|6555.39|1.08|2|2|海大集团,195|0.43|6583.54|1.44|2|2|天马科技,448|-2.49|6419.58|1.31|0|4|海大集团
BK1510|其他养殖,,,,,,,,,,,,,,,,,,,,,,,,,,,,,,,,,,,,,,,,,,,,,,,,,,,,,,,,,,,,,,,,,,,,,,,98|2.63|1016.64|1.23|3|0|*ST天山,104|1.85|1035.49|2.21|3|0|*ST天山,401|-1.02|1024.91|1.52|1|2|福成股份,146|1.10|1036.16|1.22|3|0|福成股份,233|-1.99|1015.53|1.85|0|3|华英农业,141|-1.82|997.09|2.33|0|3|华英农业,137|-0.12|995.89|1.78|1|2|华英农业,459|-1.38|982.15|1.79|0|3|*ST天山,49|2.96|1011.25|2.59|3|0|福成股份,375|-1.53|995.76|2.23|0|3|华英农业,278|1.29|1008.6|1.63|3|0|*ST天山,21|2.59|1034.68|1.98|3|0|*ST天山,166|-0.32|1031.41|2.93|2|1|华英农业,37|0.89|1040.54|2.49|1|2|*ST天山,223|0.26|1043.24|2.07|2|1|福成股份,326|-2.12|1021.08|2.54|0|3|华英农业,456|-1.15|1009.3|1.85|0|3|*ST天山,193|-2.25|986.6|1.66|0|3|福成股份,301|-2.49|962.04|1.94|0|2|*ST天山,151|-4.77|916.13|2.34|1|2|*ST天山,42|4.74|959.55|1.80|3|0|福成股份,196|2.16|980.24|1.52|2|0|福成股份,331|-1.76|963.03|1.14|0|3|福成股份,98|2.03|982.61|1.12|3|0|福成股份,2|6.25|1044.06|1.97|3|0|*ST天山,430|-2.74|1015.47|1.67|0|3|福成股份,477|-1.19|1003.34|1.54|0|2|华英农业,128|-0.67|996.62|1.42|0|1|华英农业,120|-1.58|980.84|1.61|1|2|*ST天山,245|1.28|993.36|1.55|2|1|华英农业,457|1.01|1003.41|1.37|2|0|华英农业,219|-1.15|991.85|1.40|1|2|*ST天山,465|-0.51|986.82|1.27|0|3|福成股份,3|4.93|1035.47|1.66|3|0|华英农业,158|1.03|1046.16|5.67|3|0|*ST天山,170|-0.17|1044.34|4.76|1|2|华英农业,496|-1.58|1027.79|3.30|1|2|*ST天山,481|-1.96|1007.6|2.08|0|3|福成股份,410|-0.01|1007.53|1.69|2|1|*ST天山,228|-0.17|1005.8|1.52|1|2|*ST天山,475|-1.33|992.41|1.46|0|3|*ST天山,148|-0.41|988.36|1.81|2|1|*ST天山
BK1511|肉鸡养殖,,,,,,,,,,,,,,,,,,,,,,,,,,,,,,,,,,,,,,,,,,,,,,,,,,,,,,,,,,,,,,,,,,,,,,,211|1.59|3438.01|1.46|7|1|民和股份,228|0.87|3467.85|1.55|6|2|圣农发展,178|0.19|3474.4|1.43|5|3|益生股份,88|1.79|3536.7|2.00|7|1|立华股份,187|-1.46|3485.11|2.17|2|5|圣农发展,43|0.13|3489.74|2.52|2|6|晓鸣股份,71|0.51|3507.59|2.35|5|3|晓鸣股份,479|-2.30|3426.92|2.22|0|8|益客食品,5|4.69|3587.48|3.28|8|0|湘佳股份,139|-0.28|3577.31|2.96|3|5|立华股份,436|0.07|3579.76|2.09|6|2|立华股份,218|-0.06|3577.55|1.86|3|4|立华股份,106|0.12|3581.84|2.27|4|4|立华股份,399|-1.60|3524.65|2.09|0|8|益生股份,99|0.95|3558.18|2.06|7|1|益生股份,330|-2.15|3481.58|1.69|0|8|立华股份,410|-0.73|3456.31|1.86|1|7|湘佳股份,185|-2.20|3380.3|1.66|1|7|益生股份,173|-1.83|3318.39|1.61|1|7|立华股份,473|-6.78|3093.5|2.67|0|8|晓鸣股份,430|2.02|3156.07|1.69|7|1|益客食品,430|0.84|3182.65|1.38|6|2|民和股份,26|0.49|3198.24|1.77|4|4|立华股份,106|1.98|3261.51|1.59|7|1|圣农发展,229|0.36|3273.33|1.36|6|2|湘佳股份,429|-2.70|3184.91|1.45|0|8|圣农发展,272|1.29|3225.84|1.30|8|0|仙坛股份,18|1.90|3287.25|1.87|8|0|晓鸣股份,456|-3.93|3158|1.57|0|8|益生股份,49|3.21|3259.5|1.92|8|0|民和股份,450|1.22|3299.37|1.63|8|0|晓鸣股份,151|-0.77|3273.92|1.20|2|6|立华股份,416|0.02|3274.45|1.07|4|4|晓鸣股份,18|2.71|3363.14|2.08|8|0|益生股份,101|1.49|3413.2|2.07|8|0|晓鸣股份,71|0.61|3434.01|1.74|4|4|晓鸣股份,464|-0.08|3431.28|1.80|5|3|益生股份,455|-1.43|3382.04|1.44|0|8|益客食品,331|0.34|3393.48|1.49|6|0|益生股份,3|3.16|3500.7|2.42|8|0|湘佳股份,460|-1.15|3460.45|2.64|1|6|立华股份,330|-1.44|3410.65|2.17|3|5|仙坛股份
BK1512|生猪养殖,,,,,,,,,,,,,,,,,,,,,,,,,,,,,,,,,,,,,,,,,,,,,,,,,,,,,,,,,,,,,,,,,,,,,,,386|0.33|4164.59|0.92|7|3|正邦科技,202|0.98|4205.48|1.10|10|0|天邦食品,255|-0.26|4194.58|1.11|3|7|温氏股份,95|1.70|4265.9|1.34|10|0|牧原股份,138|-0.79|4232.12|1.44|0|10|巨星农牧,46|0.03|4233.47|1.72|5|5|巨星农牧,86|0.31|4246.71|1.56|7|3|牧原股份,454|-1.25|4193.52|1.27|1|10|京基智农,11|4.14|4367.27|2.72|11|0|巨星农牧,92|0.23|4377.23|2.57|6|5|京基智农,410|0.40|4394.7|1.59|8|3|京基智农,89|0.92|4435.12|1.50|10|1|牧原股份,28|1.95|4521.66|2.75|11|0|天邦食品,319|-1.04|4474.48|1.93|1|10|京基智农,250|0.14|4480.69|1.74|6|4|正邦科技,128|-0.86|4442.18|1.78|2|9|牧原股份,319|-0.01|4441.61|1.32|2|9|京基智农,36|-0.49|4419.9|1.41|2|9|神农集团,169|-1.80|4340.46|1.65|2|9|牧原股份,365|-5.85|4086.68|2.54|0|11|温氏股份,472|0.74|4117.12|1.58|8|3|京基智农,446|0.66|4144.43|1.18|9|2|天邦食品,212|-1.18|4095.41|1.05|1|10|京基智农,165|1.53|4157.94|1.18|10|1|京基智农,219|0.39|4174.04|1.24|5|5|京基智农,345|-1.80|4098.89|1.28|1|10|京基智农,471|-0.92|4061.17|1.00|5|4|牧原股份,25|1.42|4118.99|1.69|9|2|巨星农牧,449|-3.77|3963.57|1.29|0|11|新 希 望,96|2.32|4055.51|1.49|10|1|巨星农牧,437|1.39|4111.68|1.53|10|1|京基智农,405|-2.15|4023.23|1.02|0|11|新 希 望,469|-0.58|4000.09|1.03|4|5|罗 牛 山,13|3.24|4129.59|2.08|11|0|天邦食品,6|4.60|4319.47|4.39|11|0|天邦食品,34|1.24|4372.85|4.94|8|3|天邦食品,490|-0.98|4330.13|3.93|2|8|牧原股份,419|-1.14|4280.93|3.36|1|10|天邦食品,344|0.30|4293.91|3.14|7|4|罗 牛 山,429|-1.15|4244.4|2.33|2|9|神农集团,262|0.10|4248.74|3.72|3|8|天邦食品,397|-1.88|4168.8|2.84|0|10|新 希 望
BK1513|海洋捕捞,,,,,,,,,,,,,,,,,,,,,,,,,,,,,,,,,,,,,,,,,,,,,,,,,,,,,,,,,,,,,,,,,,,,,,,416|-0.01|1468.52|10.47|1|2|开创国际,467|-0.27|1464.53|6.49|1|2|中  鲁Ｂ,394|-0.97|1450.31|4.77|1|2|中  鲁Ｂ,360|0.13|1452.18|4.42|1|1|开创国际,296|-2.34|1418.27|4.76|0|2|中  鲁Ｂ,51|-0.15|1416.12|7.54|1|2|中水渔业,26|1.88|1442.77|9.61|2|1|中水渔业,478|-2.15|1411.8|6.87|0|2|中  鲁Ｂ,436|-0.22|1408.71|5.83|1|1|开创国际,323|-1.31|1390.24|4.21|0|3|中  鲁Ｂ,420|0.27|1394.05|3.68|1|1|开创国际,362|-0.58|1385.94|3.14|0|3|开创国际,374|-1.31|1367.79|3.18|1|2|中  鲁Ｂ,47|0.65|1376.62|3.29|3|0|中水渔业,5|3.72|1427.79|10.83|3|0|中水渔业,465|-3.60|1376.33|7.95|0|3|中  鲁Ｂ,466|-1.28|1358.68|4.33|0|3|中  鲁Ｂ,208|-2.28|1327.68|3.33|0|3|中  鲁Ｂ,190|-1.98|1301.38|3.30|0|3|中  鲁Ｂ,242|-5.29|1232.5|3.59|0|3|中  鲁Ｂ,188|3.53|1275.97|3.51|3|0|中水渔业,230|1.97|1301.17|3.08|3|0|中水渔业,104|-0.60|1293.3|2.38|0|2|中  鲁Ｂ,238|1.21|1308.96|2.58|2|0|开创国际,369|-0.25|1305.64|2.62|1|2|中水渔业,241|-1.22|1289.66|2.08|0|2|中  鲁Ｂ,379|0.62|1297.65|1.85|2|1|开创国际,97|-0.39|1292.65|1.68|1|1|中水渔业,427|-3.44|1248.16|2.06|0|3|中  鲁Ｂ,163|1.65|1268.77|1.85|2|1|开创国际,378|2.14|1295.92|2.26|3|0|开创国际,332|-1.81|1272.52|1.54|0|3|中  鲁Ｂ,261|0.75|1282.09|1.49|3|0|开创国际,160|0.49|1288.43|1.52|2|1|中  鲁Ｂ,366|0.11|1289.9|1.60|2|1|中  鲁Ｂ,252|-0.49|1283.53|1.18|0|3|中  鲁Ｂ,443|0.24|1286.6|1.53|2|1|开创国际,434|-1.27|1270.29|1.27|0|3|中  鲁Ｂ,135|1.24|1286|1.72|3|0|中水渔业,267|-0.32|1281.86|2.82|1|1|开创国际,439|-0.91|1270.24|2.13|1|2|中  鲁Ｂ,254|-0.93|1258.39|1.78|0|3|中  鲁Ｂ
BK1514|水产养殖,,,,,,,,,,,,,,,,,,,,,,,,,,,,,,,,,,,,,,,,,,,,,,,,,,,,,,,,,,,,,,,,,,,,,,,191|1.70|792.99|5.43|3|1|大湖股份,229|0.87|799.87|5.35|3|1|国联水产,491|-2.61|778.96|4.83|0|4|好当家,303|0.32|781.47|3.72|3|1|大湖股份,407|-3.08|757.4|5.42|0|4|獐子岛,114|-1.44|746.47|5.09|0|4|国联水产,67|0.57|750.72|5.16|2|2|国联水产,440|-0.80|744.74|4.12|1|3|好当家,83|2.56|763.83|4.37|4|0|獐子岛,214|-0.79|757.77|3.86|1|3|国联水产,395|0.54|761.88|3.28|1|2|大湖股份,372|-0.65|756.95|2.86|1|3|好当家,311|-1.02|749.26|3.45|1|3|好当家,293|-0.93|742.3|3.74|0|3|好当家,2|3.92|771.4|9.77|4|0|獐子岛,449|-3.34|745.64|6.47|0|4|好当家,471|-1.50|734.45|5.51|1|3|大湖股份,215|-2.35|717.21|3.88|0|4|大湖股份,428|-3.30|693.56|3.96|0|4|獐子岛,477|-6.82|646.26|4.31|0|4|国联水产,14|5.55|682.12|3.78|4|0|獐子岛,189|2.18|696.99|2.93|4|0|好当家,13|1.18|705.23|3.45|2|2|大湖股份,177|1.42|715.21|3.13|3|1|好当家,212|0.41|718.11|2.82|2|1|獐子岛,338|-1.75|705.55|2.64|0|4|大湖股份,135|1.99|719.57|2.44|3|1|大湖股份,139|-0.80|713.81|2.25|0|3|大湖股份,444|-3.66|687.67|2.66|0|4|大湖股份,29|3.99|715.09|2.91|4|0|獐子岛,409|1.85|728.35|2.84|4|0|大湖股份,435|-2.36|711.14|2.63|0|4|獐子岛,483|-1.13|703.07|2.52|2|2|好当家,189|0.34|705.46|1.89|3|0|国联水产,405|-0.15|704.38|2.40|2|2|好当家,429|-1.47|694.02|2.33|1|3|獐子岛,403|0.60|698.17|2.32|3|1|獐子岛,390|-0.85|692.23|2.45|0|4|大湖股份,160|1.09|699.78|1.92|4|0|獐子岛,303|-0.45|696.62|2.88|1|2|国联水产,480|-1.46|686.47|2.29|0|4|大湖股份,158|-0.47|683.26|2.06|1|2|獐子岛
BK1515|粮食种植,,,,,,,,,,,,,,,,,,,,,,,,,,,,,,,,,,,,,,,,,,,,,,,,,,,,,,,,,,,,,,,,,,,,,,,193|1.69|1038.85|1.41|2|0|北大荒,166|1.25|1051.88|1.69|2|0|北大荒,212|-0.04|1051.45|1.20|1|1|苏垦农发,120|1.40|1066.16|1.45|2|0|北大荒,20|5.53|1125.17|4.63|2|0|苏垦农发,76|-0.87|1115.36|4.00|0|2|苏垦农发,19|2.70|1145.53|4.34|2|0|北大荒,491|-4.36|1095.57|3.41|0|2|苏垦农发,34|3.28|1131.46|2.61|2|0|北大荒,49|1.14|1144.35|3.82|2|0|苏垦农发,463|-1.07|1132.14|2.43|0|2|北大荒,18|2.88|1164.71|2.28|2|0|苏垦农发,22|2.16|1189.92|2.90|2|0|苏垦农发,346|-1.19|1175.8|1.97|0|2|北大荒,52|1.49|1193.32|2.78|2|0|北大荒,405|-2.65|1161.64|1.91|0|2|苏垦农发,457|-1.19|1147.8|1.55|0|2|苏垦农发,41|-0.55|1141.5|1.70|1|1|苏垦农发,180|-1.90|1119.85|1.54|0|2|苏垦农发,123|-4.35|1071.12|2.31|0|2|苏垦农发,482|0.14|1072.59|1.43|1|1|北大荒,416|1.02|1083.58|1.41|2|0|苏垦农发,18|0.88|1093.11|1.63|2|0|苏垦农发,191|1.38|1108.15|2.08|2|0|北大荒,1|7.28|1188.78|5.64|2|0|北大荒,493|-5.10|1128.2|4.15|0|2|北大荒,486|-2.02|1105.41|2.18|0|2|苏垦农发,16|2.05|1128.04|2.39|2|0|苏垦农发,458|-3.94|1083.54|2.31|0|2|北大荒,53|3.07|1116.78|2.23|2|0|苏垦农发,486|-0.91|1106.67|2.24|0|2|北大荒,15|1.12|1119.08|2.01|2|0|苏垦农发,487|-1.67|1100.42|1.98|0|2|苏垦农发,327|-0.32|1096.94|1.52|1|1|北大荒,391|-0.05|1096.39|1.07|0|1|北大荒,200|-0.32|1092.89|1.52|1|1|北大荒,441|0.27|1095.86|1.50|1|1|北大荒,414|-1.11|1083.75|1.04|0|2|北大荒,390|0.13|1085.2|1.21|2|0|苏垦农发,205|-0.08|1084.29|1.13|1|1|苏垦农发,216|0.35|1088.1|1.78|1|1|苏垦农发,23|1.85|1108.23|1.90|2|0|苏垦农发
BK1516|其他种植业,,,,,,,,,,,,,,,,,,,,,,,,,,,,,,,,,,,,,,,,,,,,,,,,,,,,,,,,,,,,,,,,,,,,,,,34|4.12|1022.64|3.61|5|0|海南橡胶,39|3.42|1057.65|3.83|5|0|宏辉果蔬,24|2.25|1081.44|3.04|3|2|新赛股份,243|0.58|1087.69|5.02|3|2|亚盛集团,44|1.98|1109.28|3.91|4|1|亚盛集团,30|0.94|1119.73|9.13|2|3|亚盛集团,22|2.30|1145.46|7.34|4|1|亚盛集团,488|-3.14|1109.54|9.53|1|4|宏辉果蔬,16|3.89|1152.67|8.27|5|0|亚盛集团,87|0.27|1155.8|8.98|2|3|海南橡胶,153|1.99|1178.83|7.60|2|2|亚盛集团,32|2.11|1203.66|6.36|2|3|亚盛集团,27|1.96|1227.24|9.04|2|3|海南橡胶,485|-3.70|1181.8|7.01|0|5|新赛股份,200|0.38|1186.28|7.16|3|2|新农开发,479|-4.09|1137.72|5.75|0|5|宏辉果蔬,482|-1.82|1116.99|5.03|1|4|宏辉果蔬,442|-3.87|1073.8|3.82|0|5|新农开发,435|-3.36|1037.75|3.20|0|5|宏辉果蔬,184|-4.96|986.32|4.07|1|4|海南橡胶,381|2.59|1011.9|3.16|4|1|新赛股份,99|2.59|1038.11|3.66|5|0|新赛股份,387|-2.09|1016.39|2.73|0|5|宏辉果蔬,81|2.26|1039.41|2.70|5|0|宏辉果蔬,22|2.60|1066.42|4.06|3|2|新农开发,490|-4.87|1014.53|4.34|0|5|宏辉果蔬,194|1.65|1031.31|2.87|3|2|宏辉果蔬,108|-0.49|1026.26|2.01|2|3|海南橡胶,478|-4.55|979.54|2.40|0|5|宏辉果蔬,44|3.38|1012.69|2.51|5|0|海南橡胶,387|2.06|1033.6|2.28|5|0|宏辉果蔬,187|-1.00|1023.22|1.77|1|3|海南橡胶,313|0.56|1029|1.76|3|2|新赛股份,177|0.40|1033.1|2.14|2|3|新赛股份,278|0.51|1038.33|1.69|1|3|宏辉果蔬,455|-1.85|1019.15|1.60|0|5|宏辉果蔬,113|1.90|1038.5|2.11|4|1|新赛股份,405|-0.99|1028.24|1.73|1|4|宏辉果蔬,21|2.75|1056.51|2.14|5|0|宏辉果蔬,128|0.25|1059.18|2.57|2|3|宏辉果蔬,299|-0.05|1058.64|2.64|4|1|新农开发,47|0.91|1068.28|2.57|3|2|宏辉果蔬
BK1517|食用菌,,,,,,,,,,,,,,,,,,,,,,,,,,,,,,,,,,,,,,,,,,,,,,,,,,,,,,,,,,,,,,,,,,,,,,,117|2.40|1583.85|5.37|3|1|众兴菌业,148|1.40|1606.07|4.49|4|0|雪榕生物,424|-1.22|1586.4|3.57|0|4|众兴菌业,64|2.22|1621.56|3.98|4|0|华绿生物,96|0.13|1623.62|4.22|1|3|华绿生物,95|-1.19|1604.22|5.32|1|3|众兴菌业,296|-0.91|1589.67|4.18|1|3|雪榕生物,441|-0.81|1576.81|3.53|0|3|博闻科技,31|3.40|1630.4|4.93|4|0|雪榕生物,404|-1.77|1601.5|4.66|0|4|博闻科技,67|2.69|1644.62|4.43|4|0|华绿生物,66|1.26|1665.27|3.57|3|1|众兴菌业,75|0.49|1673.39|3.73|1|3|众兴菌业,473|-2.94|1624.13|3.08|1|3|博闻科技,238|0.19|1627.21|3.05|3|1|雪榕生物,432|-3.02|1578.05|2.86|0|4|众兴菌业,90|1.64|1603.94|2.61|4|0|众兴菌业,160|-2.04|1571.26|2.78|0|4|众兴菌业,69|-0.97|1556|3.77|1|3|众兴菌业,404|-6.01|1462.43|5.53|0|4|雪榕生物,211|3.41|1512.33|4.67|3|1|华绿生物,472|0.29|1516.7|3.39|2|2|博闻科技,329|-1.74|1490.3|3.03|1|3|雪榕生物,263|1.11|1506.87|2.63|3|1|华绿生物,29|2.23|1540.44|3.16|4|0|众兴菌业,422|-2.65|1499.64|2.61|0|4|博闻科技,5|5.65|1584.34|3.05|4|0|华绿生物,28|1.19|1603.16|3.92|2|2|华绿生物,16|0.06|1604.1|4.00|1|3|华绿生物,421|0.27|1608.36|3.44|1|3|博闻科技,371|2.27|1644.89|3.59|3|1|众兴菌业,94|-0.44|1637.59|3.56|2|2|众兴菌业,472|-0.61|1627.58|3.90|1|3|博闻科技,481|-1.74|1599.25|3.19|0|4|博闻科技,65|1.95|1630.4|4.18|3|1|华绿生物,26|1.41|1653.33|4.36|2|2|众兴菌业,224|1.41|1676.56|3.42|4|0|博闻科技,16|2.82|1723.84|5.31|3|1|华绿生物,64|1.94|1757.24|4.51|4|0|众兴菌业,464|-1.47|1731.47|4.05|1|3|博闻科技,343|-0.29|1726.48|7.07|1|3|华绿生物,1|7.30|1852.56|8.51|3|0|华绿生物
BK1518|种子,,,,,,,,,,,,,,,,,,,,,,,,,,,,,,,,,,,,,,,,,,,,,,,,,,,,,,,,,,,,,,,,,,,,,,,93|2.69|4693.17|6.00|10|0|神农种业,72|2.26|4799.45|7.92|10|0|农发种业,281|-0.44|4778.39|6.75|4|6|隆平高科,77|1.93|4870.45|6.94|10|0|康农种业,35|2.71|5002.43|9.26|10|0|康农种业,20|2.38|5121.43|14.97|9|1|秋乐种业,2|6.77|5468.13|18.90|10|0|农发种业,497|-9.10|4970.4|15.64|0|10|国投丰乐,28|3.49|5144.08|13.79|10|0|敦煌种业,168|-0.58|5114.03|13.23|4|6|敦煌种业,465|-1.27|5049.11|8.88|1|8|万向德农,59|1.30|5114.95|6.89|8|2|秋乐种业,464|-1.99|5012.92|6.30|0|10|隆平高科,180|-0.23|5001.18|7.59|3|7|神农种业,1|5.85|5293.87|12.73|10|0|农发种业,467|-3.63|5101.88|10.32|0|10|康农种业,491|-3.14|4941.75|6.60|0|10|隆平高科,165|-2.10|4838.12|6.15|0|10|康农种业,464|-3.82|4653.34|5.60|0|9|登海种业,442|-6.26|4362.11|6.11|0|10|隆平高科,439|1.84|4442.59|4.37|10|0|万向德农,163|2.29|4544.21|4.41|10|0|农发种业,258|-1.41|4480.02|4.38|1|9|农发种业,111|1.95|4567.55|5.50|10|0|敦煌种业,12|3.64|4733.79|8.04|10|0|秋乐种业,486|-4.31|4529.84|6.24|0|10|国投丰乐,464|-0.58|4503.42|3.60|3|7|万向德农,154|-0.93|4461.49|3.92|2|8|敦煌种业,464|-4.01|4282.61|4.30|0|10|秋乐种业,54|3.05|4413.36|4.11|10|0|万向德农,445|1.26|4469.12|4.06|8|2|万向德农,89|-0.41|4450.97|3.70|2|8|农发种业,467|-0.53|4427.34|3.04|2|7|万向德农,257|0.02|4428.35|2.89|4|5|登海种业,275|0.51|4451.08|3.08|7|2|隆平高科,299|-0.69|4420.19|2.56|3|7|国投丰乐,317|1.01|4464.81|3.28|8|2|隆平高科,383|-0.81|4428.5|2.42|2|8|康农种业,158|1.10|4477.05|2.70|9|0|康农种业,424|-1.12|4426.79|2.76|2|8|康农种业,436|-0.90|4387.1|2.58|0|10|国投丰乐,109|-0.08|4383.7|2.84|4|6|康农种业
BK1519|电动乘用车,,,,,,,,,,,,,,,,,,,,,,,,,,,,,,,,,,,,,,,,,,,,,,,,,,,,,,,,,,,,,,,,,,,,,,,401|0.19|6600.21|1.20|2|1|北汽蓝谷,400|0.19|6612.74|1.24|2|1|赛力斯,485|-2.41|6453.17|1.78|0|3|比亚迪,315|0.28|6471.02|1.01|2|1|赛力斯,36|2.52|6634.1|2.70|2|1|比亚迪,241|-2.82|6447.3|2.65|0|3|比亚迪,105|0.16|6457.32|1.64|2|1|比亚迪,433|-0.57|6420.71|1.46|1|2|北汽蓝谷,458|-0.76|6371.88|1.21|0|3|北汽蓝谷,77|0.45|6400.25|2.16|1|2|比亚迪,378|0.66|6442.23|1.20|2|1|赛力斯,56|1.45|6535.62|1.76|2|1|比亚迪,219|-0.62|6495|1.45|0|3|比亚迪,99|0.22|6509.48|1.34|2|1|比亚迪,6|3.43|6732.67|2.47|3|0|比亚迪,206|-1.34|6642.57|1.82|0|3|赛力斯,465|-1.27|6557.98|1.43|0|3|比亚迪,40|-0.55|6522.08|1.35|1|2|比亚迪,51|-0.58|6484.06|1.38|1|2|比亚迪,17|-0.15|6474.33|3.00|1|2|比亚迪,490|-0.81|6421.78|1.82|1|2|北汽蓝谷,482|-0.05|6418.46|1.50|1|2|北汽蓝谷,410|-2.24|6274.7|1.64|0|3|北汽蓝谷,156|1.62|6376.43|1.48|3|0|比亚迪,373|-0.27|6359.41|1.51|1|2|比亚迪,342|-1.78|6246.17|1.43|0|3|比亚迪,424|0.22|6259.73|1.50|2|1|北汽蓝谷,357|-2.07|6129.87|1.34|0|3|比亚迪,202|-2.10|6001|1.10|0|3|北汽蓝谷,452|0.02|6002.47|0.87|2|1|北汽蓝谷,252|3.38|6205.31|1.44|3|0|赛力斯,394|-2.11|6074.46|1.12|0|3|赛力斯,51|1.78|6182.29|1.36|3|0|比亚迪,59|1.23|6258.3|1.38|3|0|比亚迪,430|-0.36|6236.04|1.14|0|3|赛力斯,409|-1.25|6158.22|1.03|0|3|比亚迪,222|1.41|6245.19|1.24|2|0|比亚迪,356|-0.58|6208.97|1.14|1|2|北汽蓝谷,328|0.36|6231.3|1.22|2|1|北汽蓝谷,409|-0.99|6169.42|1.06|0|3|赛力斯,185|0.45|6197.41|0.93|3|0|北汽蓝谷,98|0.06|6201.42|1.51|1|2|赛力斯
BK1520|综合乘用车,,,,,,,,,,,,,,,,,,,,,,,,,,,,,,,,,,,,,,,,,,,,,,,,,,,,,,,,,,,,,,,,,,,,,,,303|1.00|3568.45|0.44|5|1|长城汽车,427|0.06|3570.54|0.71|2|4|广汽集团,418|-1.17|3528.72|0.57|0|6|长安汽车,456|-0.43|3513.6|0.47|4|2|广汽集团,143|-0.90|3481.97|0.69|1|5|长  安Ｂ,94|-1.19|3440.63|0.80|2|4|长  安Ｂ,371|-1.23|3398.39|0.60|1|5|长  安Ｂ,232|1.02|3433.08|0.53|5|0|上汽集团,372|0.81|3460.89|0.38|6|0|海马汽车,256|-0.99|3426.56|0.52|0|6|长  安Ｂ,412|0.39|3439.83|0.38|5|1|长  安Ｂ,108|0.79|3467.12|0.53|5|1|长城汽车,156|-0.28|3457.27|0.42|2|3|上汽集团,53|0.59|3477.55|0.67|4|2|长城汽车,213|0.31|3488.46|0.51|5|0|海马汽车,10|1.61|3544.56|0.71|2|4|海马汽车,462|-1.26|3499.99|0.98|0|6|长城汽车,146|-1.97|3431.19|0.67|0|6|长城汽车,114|-1.40|3383.11|0.81|1|4|长城汽车,28|-1.55|3330.83|1.28|1|5|海马汽车,473|0.71|3354.53|0.96|5|1|长  安Ｂ,424|0.93|3385.73|0.73|5|0|上汽集团,266|-1.48|3335.64|0.59|0|6|长  安Ｂ,419|0.49|3352.05|0.55|5|0|海马汽车,452|-1.21|3311.5|0.56|0|6|上汽集团,21|0.95|3343.09|0.86|6|0|长城汽车,437|-0.04|3341.75|0.67|4|2|上汽集团,270|-1.63|3287.27|0.78|1|5|长城汽车,63|-1.16|3249.15|0.52|2|4|长  安Ｂ,468|-0.32|3238.62|0.45|2|4|海马汽车,329|2.74|3327.24|0.70|6|0|海马汽车,320|-1.75|3269.09|0.44|0|6|长安汽车,108|1.28|3311.03|0.53|6|0|长城汽车,149|0.54|3329.06|0.44|4|1|海马汽车,369|0.10|3332.44|0.41|4|2|海马汽车,361|-0.97|3300.1|0.36|0|6|上汽集团,409|0.53|3317.44|0.61|6|0|长安汽车,399|-0.97|3285.42|0.50|0|6|广汽集团,403|0.03|3286.31|0.49|1|5|海马汽车,353|-0.68|3263.82|0.43|0|6|长城汽车,350|-0.30|3254.09|0.58|2|4|长安汽车,179|-0.57|3235.47|0.51|2|3|上汽集团
BK1521|摩托车,,,,,,,,,,,,,,,,,,,,,,,,,,,,,,,,,,,,,,,,,,,,,,,,,,,,,,,,,,,,,,,,,,,,,,,224|1.46|3741.49|1.97|6|2|隆鑫通用,482|-0.53|3721.58|1.39|3|6|春风动力,427|-1.24|3675.28|1.14|3|6|千里科技,155|1.03|3713.14|0.89|5|3|涛涛车业,344|-2.62|3615.72|1.27|1|8|永安行,222|-2.66|3519.39|1.51|1|8|华洋赛车,324|-1.02|3483.4|0.88|1|8|征和工业,206|1.13|3522.7|0.78|7|2|春风动力,102|2.37|3606.34|0.96|9|0|隆鑫通用,282|-1.12|3566.1|1.13|3|6|钱江摩托,103|2.39|3651.22|0.95|8|1|涛涛车业,142|0.36|3664.47|0.92|4|5|涛涛车业,239|-0.69|3639.05|0.57|2|7|永安行,250|-0.66|3615.11|0.78|2|6|隆鑫通用,207|0.34|3627.5|0.70|6|3|春风动力,92|-0.60|3605.75|0.68|2|7|涛涛车业,268|0.32|3617.2|0.81|5|4|新日股份,351|-2.98|3509.57|0.87|0|9|永安行,290|-2.44|3423.96|0.86|1|8|涛涛车业,69|-3.27|3312.16|1.55|2|7|新日股份,212|3.41|3425.13|1.33|9|0|华洋赛车,431|0.84|3453.82|1.08|7|2|春风动力,388|-2.10|3381.37|0.88|1|8|涛涛车业,370|0.72|3405.62|0.99|6|3|千里科技,39|1.68|3462.95|1.56|6|3|钱江摩托,4|4.94|3634.09|2.15|7|2|征和工业,419|0.27|3643.76|2.02|5|4|涛涛车业,94|-0.37|3630.3|1.49|6|3|征和工业,296|-2.65|3534.25|1.30|2|7|隆鑫通用,493|-1.56|3479.1|1.10|2|7|永安行,201|3.83|3612.4|1.21|9|0|涛涛车业,425|-2.31|3528.85|0.80|2|7|隆鑫通用,110|1.28|3574.09|0.81|7|2|隆鑫通用,464|-1.36|3525.32|0.76|3|6|钱江摩托,306|0.39|3539.09|0.61|5|4|永安行,104|0.23|3547.12|0.65|6|3|隆鑫通用,30|3.10|3657.1|0.94|9|0|涛涛车业,103|1.03|3694.79|0.85|5|4|永安行,456|-0.45|3678.25|1.39|4|5|永安行,151|0.16|3684.07|0.84|5|4|涛涛车业,60|1.41|3735.92|1.23|7|2|涛涛车业,259|-0.96|3700.11|1.66|3|6|千里科技
BK1522|其他运输设备,,,,,,,,,,,,,,,,,,,,,,,,,,,,,,,,,,,,,,,,,,,,,,,,,,,,,,,,,,,,,,,,,,,,,,,268|1.20|2288.88|1.20|8|1|中路股份,460|-0.24|2283.48|1.26|2|7|爱玛科技,113|0.73|2300.13|1.54|4|5|绿通科技,328|0.23|2305.44|1.10|5|3|绿通科技,448|-3.59|2222.67|1.98|0|10|凤凰B股,161|-2.12|2175.65|1.70|0|10|爱玛科技,357|-1.18|2150.01|1.31|2|7|九号公司-WD,297|0.72|2165.5|1.18|7|2|中路股份,105|2.37|2216.77|1.27|9|0|绿通科技,343|-1.41|2185.6|1.42|0|10|凤凰B股,296|1.18|2211.34|1.15|9|1|信隆健康,328|-0.48|2200.78|1.11|2|7|绿通科技,403|-1.43|2169.39|1.22|1|9|爱玛科技,103|0.18|2173.37|1.50|3|5|九号公司-WD,165|0.52|2184.57|1.32|7|3|林海股份,190|-1.24|2157.49|1.46|2|7|九号公司-WD,123|1.36|2186.75|1.19|8|2|凤凰B股,173|-2.14|2139.86|1.13|0|10|凤凰B股,318|-2.57|2084.92|1.47|1|9|九号公司-WD,21|-0.94|2065.36|3.96|3|7|爱玛科技,288|3.03|2128.04|4.10|9|1|林海股份,438|0.76|2144.13|2.76|8|2|信隆健康,337|-1.79|2105.75|2.00|0|10|绿通科技,326|0.87|2124|2.02|9|1|信隆健康,44|1.58|2157.65|3.01|8|2|林海股份,46|0.15|2160.96|2.99|4|4|久祺股份,458|-0.46|2150.93|2.36|2|8|绿通科技,312|-1.83|2111.63|1.88|0|10|凤凰B股,328|-2.81|2052.26|1.97|2|8|九号公司-WD,184|1.51|2083.34|1.76|8|2|绿通科技,358|2.45|2134.35|2.02|10|0|绿通科技,317|-1.72|2097.72|1.59|0|9|凤凰B股,127|1.24|2123.73|1.59|9|1|绿通科技,197|0.33|2130.73|1.55|5|4|绿通科技,368|0.10|2132.91|1.65|3|6|绿通科技,276|-0.58|2120.63|1.48|3|6|九号公司-WD,134|1.79|2158.66|1.51|10|0|绿通科技,394|-0.90|2139.15|1.37|1|9|绿通科技,285|0.52|2150.22|1.33|8|2|九号公司-WD,404|-0.96|2129.53|1.07|1|9|中路股份,248|0.14|2132.61|1.40|4|6|绿通科技,449|-2.50|2079.23|1.81|0|10|上海凤凰
BK1523|汽车经销商,,,,,,,,,,,,,,,,,,,,,,,,,,,,,,,,,,,,,,,,,,,,,,,,,,,,,,,,,,,,,,,,,,,,,,,300|1.01|1730.73|0.99|6|0|申华控股,345|0.45|1738.53|1.42|5|1|申华控股,252|-0.24|1734.28|1.28|1|3|申华控股,362|0.12|1736.31|1.26|3|3|国机汽车,386|-2.83|1687.11|1.83|0|6|物贸Ｂ股,124|-1.61|1659.97|1.94|1|5|德众汽车,425|-1.64|1632.7|1.44|0|6|物贸Ｂ股,241|0.98|1648.66|0.99|6|0|申华控股,169|1.91|1680.2|1.04|6|0|国机汽车,280|-1.11|1661.61|1.07|0|6|北巴传媒,403|0.42|1668.54|0.77|5|1|德众汽车,332|-0.50|1660.16|0.80|0|6|国机汽车,202|-0.57|1650.68|1.13|1|5|申华控股,182|-0.24|1646.65|1.16|2|4|申华控股,337|-0.35|1640.81|0.93|2|3|北巴传媒,126|-0.85|1626.85|1.25|1|5|申华控股,343|-0.20|1623.51|0.91|3|3|物贸Ｂ股,262|-2.56|1581.98|1.09|0|6|北巴传媒,224|-2.17|1547.58|1.55|0|5|物贸Ｂ股,166|-4.87|1472.15|1.75|0|6|物贸Ｂ股,140|3.89|1529.46|1.46|6|0|北巴传媒,312|1.66|1554.9|1.21|5|0|申华控股,130|-0.79|1542.62|1.05|0|6|国机汽车,283|1.05|1558.82|0.87|6|0|上海物贸,370|-0.25|1554.85|0.94|3|3|北巴传媒,80|-0.29|1550.32|1.02|2|4|德众汽车,408|0.35|1555.78|0.99|4|1|国机汽车,172|-1.07|1539.07|0.90|1|5|德众汽车,251|-2.42|1501.79|0.82|0|6|国机汽车,233|1.33|1521.74|0.72|6|0|北巴传媒,314|2.86|1565.25|0.94|6|0|德众汽车,344|-1.85|1536.22|0.76|0|6|物贸Ｂ股,266|0.74|1547.52|0.82|5|1|德众汽车,209|0.24|1551.27|0.84|3|3|北巴传媒,175|0.94|1565.87|1.18|3|2|上海物贸,399|-1.19|1547.26|0.88|0|6|国机汽车,390|0.65|1557.3|0.87|5|1|北巴传媒,336|-0.52|1549.26|0.87|1|4|德众汽车,198|0.90|1563.13|0.79|5|1|上海物贸,366|-0.77|1551.16|0.64|0|5|物贸Ｂ股,351|-0.30|1546.5|0.64|2|4|德众汽车,231|-0.84|1533.56|0.76|0|4|申华控股
BK1524|汽车综合服务,,,,,,,,,,,,,,,,,,,,,,,,,,,,,,,,,,,,,,,,,,,,,,,,,,,,,,,,,,,,,,,,,,,,,,,254|1.26|1236.82|1.47|3|2|中国汽研,478|-0.45|1231.29|1.30|1|4|交运股份,217|-0.10|1230.05|1.28|1|3|中汽股份,256|0.52|1236.48|1.11|4|1|浩物股份,424|-3.27|1196.03|1.80|0|5|交运股份,339|-3.66|1152.22|1.82|0|5|浩物股份,403|-1.41|1136.02|1.40|0|5|中国汽研,50|2.12|1160.06|1.28|5|0|浩物股份,43|3.07|1195.69|1.40|5|0|交运股份,326|-1.33|1179.8|2.44|0|5|浩物股份,273|1.32|1195.4|1.67|4|0|中汽股份,449|-1.08|1182.49|1.48|1|4|浩物股份,386|-1.35|1166.5|1.47|0|5|阿尔特,312|-1.00|1154.83|1.19|0|4|浩物股份,270|-0.04|1154.36|1.07|2|2|交运股份,239|-1.52|1136.86|1.02|0|5|中国汽研,209|0.79|1145.8|0.87|5|0|阿尔特,230|-2.42|1118.12|1.20|0|5|中汽股份,332|-2.65|1088.53|1.11|0|5|中国汽研,460|-6.46|1018.21|1.84|0|5|中国汽研,167|3.68|1055.69|1.36|5|0|浩物股份,357|1.43|1070.78|1.12|5|0|浩物股份,195|-1.10|1058.95|1.09|1|4|交运股份,174|1.45|1074.31|1.01|5|0|中国汽研,439|-0.89|1064.78|1.26|2|3|浩物股份,9|2.75|1094.06|1.86|4|1|阿尔特,326|0.95|1104.49|1.49|3|2|中国汽研,290|-1.73|1085.4|1.17|0|5|交运股份,409|-3.29|1049.73|1.14|0|5|中国汽研,187|1.50|1065.47|0.98|4|1|交运股份,179|4.00|1108.08|1.20|5|0|阿尔特,429|-2.32|1082.35|1.05|1|4|交运股份,274|0.71|1090.08|0.96|4|1|中国汽研,443|-1.01|1079.03|0.84|0|4|浩物股份,397|-0.09|1078.06|1.01|3|2|阿尔特,191|-0.29|1074.94|0.97|2|3|中国汽研,24|3.17|1109.06|1.51|5|0|交运股份,362|-0.64|1102|1.05|1|4|中汽股份,332|0.33|1105.64|0.92|3|2|中汽股份,103|0.49|1111.09|0.99|4|0|交运股份,241|0.20|1113.26|0.87|2|2|中国汽研,218|-0.78|1104.56|1.20|1|3|交运股份
BK1525|车身附件及饰件,,,,,,,,,,,,,,,,,,,,,,,,,,,,,,,,,,,,,,,,,,,,,,,,,,,,,,,,,,,,,,,,,,,,,,,338|0.79|6353.35|1.82|29|11|华懋科技,282|0.67|6396.11|1.84|30|11|天铭科技,223|-0.13|6388.04|1.65|18|22|福赛科技,416|-0.18|6376.69|1.58|13|26|星源卓镁,336|-2.57|6212.58|2.24|8|33|航天智造,275|-3.14|6017.46|2.17|3|38|一彬科技,400|-1.38|5934.27|1.59|5|34|一彬科技,299|0.72|5976.7|1.59|33|9|天铭科技,323|1.10|6042.53|1.43|31|10|天龙股份,451|-2.41|5896.78|1.78|1|41|汇通控股,63|2.71|6056.43|1.57|40|2|华懋科技,350|-0.54|6023.97|1.43|15|27|汇通控股,243|-0.70|5981.95|1.45|10|32|坤泰股份,333|-1.11|5915.79|1.47|6|33|明新旭腾,262|0.03|5917.59|2.14|19|22|一彬科技,194|-1.24|5844.05|1.92|11|31|金钟股份,216|0.73|5886.59|1.62|27|13|富维股份,301|-2.70|5727.64|1.51|3|39|松原安全,225|-2.18|5602.8|1.81|5|37|模塑科技,227|-5.20|5311.49|2.12|1|40|双林股份,329|2.89|5465.23|1.49|39|2|一彬科技,265|1.84|5565.6|1.50|39|3|福赛科技,221|-1.22|5497.71|1.41|7|34|福赛科技,402|0.58|5529.58|1.19|28|14|海联金汇,268|0.19|5539.89|1.35|19|21|峰璟股份,106|-0.55|5509.17|1.51|13|28|华域汽车,119|2.05|5622.24|1.46|41|1|金钟股份,211|-1.38|5544.74|1.23|10|32|继峰股份,183|-1.95|5436.89|1.25|5|37|星源卓镁,333|0.81|5480.77|1.30|28|13|科力装备,173|4.05|5702.75|1.69|42|0|华懋科技,48|-0.01|5702.44|1.40|12|30|华懋科技,105|1.31|5777.1|1.75|32|8|华懋科技,413|-0.76|5733.06|1.42|14|27|科力装备,218|0.78|5777.54|1.49|31|11|福赛科技,118|0.17|5787.51|1.40|17|25|星宇股份,288|1.15|5854|1.52|37|4|岱美股份,98|1.10|5918.41|1.36|26|15|捷众科技,393|0.09|5923.7|1.46|19|22|双林股份,349|-0.66|5884.38|1.34|13|28|福赛科技,192|0.44|5909.99|1.38|25|15|福赛科技,383|-1.79|5803.94|1.58|2|40|松原安全
BK1526|底盘与发动机系统,,,,,,,,,,,,,,,,,,,,,,,,,,,,,,,,,,,,,,,,,,,,,,,,,,,,,,,,,,,,,,,,,,,,,,,340|0.78|5340.8|4.35|74|29|天润工业,425|0.07|5344.44|4.32|53|54|智慧农业,110|0.73|5383.58|4.10|56|51|天润工业,430|-0.27|5368.83|3.67|39|66|长源东谷,348|-2.64|5227.32|4.21|11|95|飞龙股份,351|-3.82|5027.64|4.17|5|104|长源东谷,226|-0.63|4996.01|2.92|31|75|三联锻造,156|1.39|5065.38|2.94|96|11|银轮股份,164|1.93|5162.96|2.86|97|10|中原内配,431|-2.05|5057.36|3.27|5|106|德宏股份,119|2.24|5170.75|2.70|103|7|飞龙股份,345|-0.53|5143.37|3.00|33|75|腾龙股份,395|-1.38|5072.26|2.98|12|95|纳百川,317|-1.03|5020.03|2.75|18|91|纳百川,351|-0.44|4997.72|2.37|47|61|美力科技,174|-1.09|4943.3|4.00|18|92|纳百川,165|1.05|4995.23|2.95|81|25|雪龙集团,343|-2.90|4850.14|2.40|4|107|西菱动力,350|-2.75|4716.68|2.34|7|102|天普股份,183|-4.95|4483.09|3.06|7|104|纳百川,319|2.93|4614.27|2.61|102|7|湖南天雁,185|2.19|4715.46|2.58|102|8|湖南天雁,198|-1.12|4662.6|2.95|24|84|华阳变速,329|0.85|4702.43|2.55|85|22|建设工业,344|-0.14|4695.84|2.33|49|58|奥联电子,133|-0.71|4662.32|2.56|34|75|富奥股份,205|1.62|4737.65|2.46|91|19|华培动力,189|-1.24|4678.88|2.34|20|89|川环科技,199|-2.08|4581.56|1.90|11|98|嵘泰股份,415|0.33|4596.77|1.77|62|43|众捷汽车,124|4.63|4809.46|2.93|110|1|长源东谷,100|-0.45|4787.74|2.55|27|81|长源东谷,69|1.65|4866.72|2.80|97|12|长源东谷,233|0.13|4872.85|2.30|41|66|长源东谷,222|0.76|4909.97|2.59|85|23|奥联电子,215|-0.35|4892.74|2.59|33|74|长源东谷,202|1.50|4966.05|2.63|92|16|苏常柴Ａ,115|0.86|5008.68|2.73|56|52|圣龙股份,258|0.64|5040.65|2.98|65|43|飞龙股份,249|-0.27|5026.81|3.00|33|74|圣龙股份,209|0.37|5045.63|2.67|58|47|长源东谷,368|-1.74|4957.94|3.48|26|85|中原内配
BK1527|轮胎轮毂,,,,,,,,,,,,,,,,,,,,,,,,,,,,,,,,,,,,,,,,,,,,,,,,,,,,,,,,,,,,,,,,,,,,,,,176|1.84|3558.05|2.44|19|2|风神股份,208|0.96|3592.38|2.27|16|4|跃岭股份,267|-0.35|3579.63|2.20|6|14|万丰奥威,269|0.45|3595.83|1.99|10|10|立中集团,378|-2.79|3495.65|2.69|3|18|万丰奥威,279|-3.17|3384.76|2.83|1|20|跃岭股份,307|-0.95|3352.63|2.26|5|16|万丰奥威,154|1.40|3399.73|1.73|17|3|兴民智通,156|1.98|3466.9|2.41|18|3|金固股份,394|-1.66|3409.3|2.57|3|18|兆丰股份,182|1.80|3470.78|2.11|19|2|迪生力,178|0.16|3476.33|1.97|12|9|S佳通,191|-0.47|3459.99|1.88|8|13|海安集团,332|-1.10|3422.04|1.90|3|18|兴民智通,365|-0.55|3403.2|1.67|8|13|海安集团,251|-1.58|3349.58|1.62|1|20|兴民智通,249|0.43|3364.05|1.54|13|7|跃岭股份,333|-2.84|3268.62|1.81|0|21|玲珑轮胎,220|-2.16|3198.02|1.71|0|21|风神股份,235|-5.23|3030.86|2.38|0|21|金固股份,326|2.91|3119.1|1.58|21|0|迪生力,264|1.84|3176.49|1.45|21|0|赛轮轮胎,279|-1.55|3127.13|1.27|2|19|贵州轮胎,387|0.66|3147.7|1.25|17|3|迪生力,260|0.23|3155.03|1.36|13|8|兆丰股份,224|-1.15|3118.69|1.27|3|18|森麒麟,64|2.43|3194.42|1.66|20|0|赛轮轮胎,304|-1.79|3137.38|1.45|2|19|风神股份,214|-2.21|3067.92|1.16|2|19|海安集团,302|0.97|3097.68|1.07|17|4|迪生力,181|3.97|3220.76|1.69|21|0|金固股份,303|-1.62|3168.7|1.38|2|18|立中集团,235|0.83|3195.14|1.34|16|5|兆丰股份,330|-0.34|3184.36|1.60|6|15|海安集团,157|1.04|3217.49|1.61|16|5|风神股份,242|-0.45|3202.95|1.65|8|13|赛轮轮胎,230|1.40|3247.81|1.82|19|2|迪生力,290|-0.25|3239.66|1.62|6|14|金固股份,340|0.31|3249.8|1.44|12|7|迪生力,246|-0.26|3241.31|1.44|8|11|迪生力,284|0.01|3241.59|1.61|11|9|海安集团,322|-1.40|3196.31|1.69|5|16|贵州轮胎
BK1528|其他汽车零部件,,,,,,,,,,,,,,,,,,,,,,,,,,,,,,,,,,,,,,,,,,,,,,,,,,,,,,,,,,,,,,,,,,,,,,,308|0.95|5761.46|3.18|43|13|春兴精工,408|0.17|5771.4|2.68|26|29|超捷股份,164|0.31|5789.45|2.52|31|23|祥鑫科技,389|0.00|5789.68|2.44|21|35|艾可蓝,363|-2.68|5634.25|3.05|4|52|联诚精密,296|-3.36|5445.14|3.03|6|50|新铝时代,264|-0.80|5401.66|2.13|15|40|超捷股份,259|0.88|5449.42|1.94|46|9|华密新材,177|1.85|5550.4|1.76|53|3|艾可蓝,351|-1.43|5471.22|2.35|6|50|万通智控,43|2.99|5634.65|2.01|56|0|浙江华远,212|-0.02|5633.8|2.75|22|33|奥福科技,356|-1.23|5564.63|2.25|12|44|奥福科技,327|-1.08|5504.66|1.92|10|46|朗博科技,239|0.18|5514.73|1.89|31|25|英利汽车,285|-1.75|5418.11|2.18|7|48|至信股份,92|1.63|5506.39|1.80|44|12|奥福科技,330|-2.83|5350.8|2.00|5|51|奥福科技,390|-3.03|5188.69|2.64|6|49|朗博科技,286|-5.54|4901.4|3.01|2|53|晋拓股份,382|2.59|5028.51|2.32|52|3|金鸿顺,246|1.90|5124.3|2.30|50|4|奥福科技,295|-1.63|5040.89|2.15|10|45|中自科技,309|0.95|5088.84|2.07|42|13|新朋股份,129|0.85|5131.98|2.33|32|22|华达科技,176|-0.95|5083.27|2.38|14|40|华达科技,248|1.40|5154.32|2.08|51|5|华达科技,338|-1.91|5055.71|1.82|5|51|长华集团,135|-1.69|4970.23|2.16|9|47|新朋股份,232|1.33|5036.28|2.48|40|14|文灿股份,159|4.20|5247.7|3.04|52|2|晋拓股份,79|-0.31|5231.46|2.51|14|41|新朋股份,111|1.28|5298.46|2.60|45|10|新朋股份,293|-0.15|5290.41|3.64|23|32|新朋股份,194|0.83|5334.56|3.22|34|19|新朋股份,175|-0.20|5323.76|3.66|20|34|新朋股份,237|1.38|5397.08|3.56|46|9|新朋股份,130|0.70|5434.69|3.56|27|27|金鸿顺,267|0.59|5466.95|3.72|33|22|超达装备,273|-0.35|5447.89|3.42|16|38|海泰科,190|0.44|5471.89|3.03|28|25|海泰科,393|-1.85|5370.48|3.06|7|49|金鸿顺
BK1529|汽车电子电气系统,,,,,,,,,,,,,,,,,,,,,,,,,,,,,,,,,,,,,,,,,,,,,,,,,,,,,,,,,,,,,,,,,,,,,,,367|0.57|4419.33|2.25|23|14|欣锐科技,365|0.34|4434.47|2.65|21|16|众泰汽车,167|0.28|4447.08|2.20|21|16|壹连科技,421|-0.21|4437.73|1.78|14|24|菱电电控,313|-2.50|4326.88|2.79|4|34|兴瑞科技,299|-3.37|4181.16|3.04|2|37|菱电电控,279|-0.85|4145.82|1.95|11|28|香山股份,153|1.42|4204.57|2.09|34|5|欣锐科技,293|1.27|4257.78|2.18|29|9|华安鑫创,359|-1.46|4195.67|2.22|5|34|鑫宏业,109|2.33|4293.23|1.75|37|2|富特科技,340|-0.53|4270.62|1.84|9|30|维科精密,340|-1.14|4221.88|2.13|7|32|维科精密,341|-1.15|4173.2|1.78|4|33|合兴股份,301|-0.21|4164.36|1.74|20|17|富特科技,176|-1.09|4118.94|2.29|8|31|大明电子,251|0.40|4135.61|1.83|27|11|维科精密,172|-2.14|4046.98|1.96|3|37|卡倍亿,417|-3.23|3916.36|2.17|1|39|天有为,153|-4.78|3729.04|2.81|1|39|卡倍亿,330|2.89|3836.87|2.19|38|1|菱电电控,170|2.26|3923.54|2.04|37|3|新泉股份,213|-1.19|3876.9|1.81|7|33|菱电电控,299|0.99|3915.36|1.62|32|8|富特科技,199|0.48|3933.97|2.05|14|25|威帝股份,123|-0.66|3908|1.96|12|28|松芝股份,202|1.63|3971.61|1.97|36|4|威迈斯,292|-1.73|3902.74|2.51|4|36|菱电电控,56|-1.05|3861.7|2.23|13|27|英搏尔,445|0.09|3865.22|1.90|22|16|卡倍亿,158|4.21|4027.86|2.45|40|0|众泰汽车,51|-0.03|4026.6|2.28|13|26|合兴股份,159|1.14|4072.48|1.98|32|8|鑫宏业,98|0.86|4107.38|1.99|20|18|菱电电控,188|0.86|4142.66|2.05|23|16|鑫宏业,198|-0.31|4129.86|2.34|10|29|壹连科技,226|1.40|4187.85|2.49|34|6|华安鑫创,126|0.75|4219.32|2.36|22|18|英搏尔,308|0.46|4238.62|3.23|19|21|鑫宏业,126|0.27|4250.01|2.95|13|28|众泰汽车,79|1.19|4300.69|4.11|22|19|富特科技,373|-1.75|4225.24|3.63|5|36|通达电气
BK1530|商用载货车,,,,,,,,,,,,,,,,,,,,,,,,,,,,,,,,,,,,,,,,,,,,,,,,,,,,,,,,,,,,,,,,,,,,,,,209|1.60|2320.73|1.40|9|0|福田汽车,479|-0.47|2309.81|1.20|3|6|江铃汽车,406|-1.05|2285.47|1.09|1|8|中国重汽,399|-0.06|2284.12|0.89|3|5|江铃汽车,175|-1.31|2254.12|1.33|1|8|中集车辆,303|-3.38|2177.83|1.78|0|9|江  铃Ｂ,297|-0.91|2158|1.25|1|8|东风股份,195|1.21|2184.08|1.11|8|1|中国重汽,338|1.04|2206.71|1.01|7|1|中国重汽,324|-1.31|2177.74|1.33|1|8|中国重汽,121|2.23|2226.34|1.15|9|0|中国重汽,94|0.90|2246.35|1.16|6|3|中国重汽,91|0.24|2251.84|1.14|4|5|汉马科技,316|-1.02|2228.76|1.13|0|9|江  铃Ｂ,344|-0.39|2220.07|1.19|5|4|东风股份,66|-0.31|2213.16|1.28|1|7|江铃汽车,446|-0.98|2191.53|1.14|0|8|中国重汽,252|-2.51|2136.51|1.13|0|9|江  铃Ｂ,75|-1.07|2113.6|1.14|1|7|中国重汽,120|-4.31|2022.59|1.61|0|9|中国重汽,318|2.93|2081.81|1.35|9|0|中国重汽,228|1.98|2122.97|1.23|9|0|中集车辆,72|-0.26|2117.36|0.94|4|5|中集车辆,451|-0.02|2116.88|0.88|5|3|福田汽车,210|0.41|2125.57|1.07|5|3|福田汽车,24|0.69|2140.28|1.24|6|3|江铃汽车,150|1.89|2180.71|1.26|8|1|中国重汽,123|-0.63|2166.97|1.00|3|5|中集车辆,35|-0.71|2151.48|1.06|2|7|中国重汽,455|0.00|2151.51|0.93|3|5|江淮汽车,350|2.51|2205.55|1.36|9|0|汉马科技,133|-0.67|2190.72|1.07|2|6|一汽解放,29|2.07|2235.96|3.01|8|1|福田汽车,23|2.22|2285.57|3.91|8|1|福田汽车,485|-1.69|2246.92|3.73|1|7|汉马科技,372|-1.00|2224.49|2.19|1|7|汉马科技,311|1.06|2248.16|1.90|7|2|中国重汽,312|-0.34|2240.59|1.99|5|4|江淮汽车,291|0.51|2251.93|1.65|6|2|中集车辆,272|-0.33|2244.45|1.32|2|6|中国重汽,100|1.00|2266.97|2.23|8|1|福田汽车,89|0.13|2269.86|3.08|4|5|福田汽车
BK1531|商用载客车,,,,,,,,,,,,,,,,,,,,,,,,,,,,,,,,,,,,,,,,,,,,,,,,,,,,,,,,,,,,,,,,,,,,,,,123|2.30|4101.4|1.60|5|0|中通客车,469|-0.36|4086.43|1.80|3|2|金龙汽车,472|-1.97|4005.87|1.76|0|4|曙光股份,464|-0.57|3983.12|1.36|1|3|安凯客车,375|-2.77|3872.64|2.13|1|4|宇通客车,316|-3.46|3738.66|2.03|0|5|曙光股份,315|-0.98|3702.1|1.58|0|5|金龙汽车,15|3.28|3823.46|1.69|5|0|金龙汽车,405|0.54|3844.04|1.46|3|2|曙光股份,380|-1.57|3783.63|1.49|0|5|安凯客车,142|2.08|3862.16|1.20|5|0|中通客车,80|1.04|3902.31|1.57|3|2|宇通客车,240|-0.69|3875.24|1.13|1|4|宇通客车,292|-0.93|3839.27|1.12|0|4|曙光股份,140|0.69|3865.93|1.37|3|0|宇通客车,34|0.57|3887.94|1.95|3|2|中通客车,307|0.08|3891.08|1.57|2|3|金龙汽车,371|-3.07|3771.48|1.57|0|5|宇通客车,371|-2.87|3663.28|1.89|0|5|安凯客车,51|-2.87|3558.1|2.42|1|4|宇通客车,23|5.09|3739.24|2.54|5|0|金龙汽车,51|3.06|3853.74|2.28|5|0|曙光股份,48|0.01|3854.25|2.06|3|2|宇通客车,440|0.15|3860.01|1.73|3|2|安凯客车,345|-0.14|3854.55|1.51|2|3|宇通客车,5|4.22|4017.36|4.35|4|0|宇通客车,420|0.26|4027.95|4.80|2|2|宇通客车,110|-0.51|4007.6|2.66|1|4|宇通客车,376|-3.05|3885.53|2.16|0|5|金龙汽车,256|1.24|3933.62|1.81|4|1|曙光股份,477|-0.19|3926.24|2.75|4|1|曙光股份,125|-0.65|3900.75|1.94|2|3|宇通客车,397|0.10|3904.77|1.74|3|2|曙光股份,155|0.51|3924.59|2.38|3|2|中通客车,441|-0.44|3907.13|2.16|1|4|中通客车,431|-1.48|3849.2|1.76|0|5|中通客车,159|1.70|3914.53|1.93|4|0|中通客车,447|-1.38|3860.63|1.64|0|5|金龙汽车,116|1.34|3912.41|1.89|4|1|金龙汽车,235|-0.20|3904.65|1.71|3|2|曙光股份,47|1.68|3970.2|1.85|5|0|金龙汽车,96|0.09|3973.96|2.13|2|3|中通客车
BK1532|金属包装,,,,,,,,,,,,,,,,,,,,,,,,,,,,,,,,,,,,,,,,,,,,,,,,,,,,,,,,,,,,,,,,,,,,,,,244|1.33|3394.92|2.88|6|1|宝钢包装,485|-0.68|3371.87|2.82|5|1|中锐股份,484|-2.40|3290.95|2.65|1|6|华源控股,162|0.99|3323.42|2.43|5|2|华源控股,488|-4.73|3166.08|3.55|0|7|宝钢包装,288|-3.25|3063.16|3.17|1|6|英联股份,141|-0.14|3058.91|2.61|3|4|嘉美包装,31|2.53|3136.15|2.56|6|1|嘉美包装,133|2.17|3204.09|2.28|6|1|嘉美包装,435|-2.09|3137.05|2.22|0|7|昇兴股份,117|2.25|3207.59|1.59|6|1|嘉美包装,393|-0.72|3184.37|3.19|2|5|英联股份,454|-1.86|3125.27|2.22|0|6|宝钢包装,33|0.96|3155.4|2.27|2|4|嘉美包装,50|1.54|3204.12|2.81|4|3|嘉美包装,98|-0.66|3182.96|2.41|1|5|嘉美包装,356|-0.31|3173.24|2.45|4|3|昇兴股份,213|-2.34|3099.02|2.45|1|6|嘉美包装,154|-1.69|3046.71|2.06|0|7|奥瑞金,397|-5.96|2865.24|2.67|0|7|昇兴股份,88|4.26|2987.16|2.23|7|0|华源控股,426|0.91|3014.43|1.87|6|1|华源控股,123|-0.75|2991.72|2.15|4|3|华源控股,113|1.94|3049.86|1.82|6|1|嘉美包装,176|0.57|3067.14|1.55|5|2|英联股份,360|-1.96|3006.95|2.20|0|7|奥瑞金,411|0.35|3017.44|1.69|5|2|华源控股,401|-2.37|2945.91|1.63|0|7|宝钢包装,127|-1.64|2897.53|1.62|2|5|嘉美包装,75|2.57|2972.03|1.94|7|0|昇兴股份,286|3.07|3063.13|2.75|7|0|华源控股,61|-0.14|3058.73|2.53|2|5|嘉美包装,49|1.81|3114.22|4.24|5|2|华源控股,100|0.84|3140.49|3.51|2|4|嘉美包装,208|0.81|3165.84|2.78|4|3|华源控股,98|0.28|3174.8|2.25|2|5|华源控股,484|-0.45|3160.56|2.52|2|3|中锐股份,289|-0.25|3152.77|2.23|2|5|华源控股,362|0.24|3160.45|2.02|5|2|昇兴股份,1|3.35|3266.26|2.70|5|2|昇兴股份,106|0.98|3298.14|4.78|4|3|昇兴股份,50|0.87|3326.99|3.60|5|2|华源控股
BK1533|塑料包装,,,,,,,,,,,,,,,,,,,,,,,,,,,,,,,,,,,,,,,,,,,,,,,,,,,,,,,,,,,,,,,,,,,,,,,311|0.93|4922.9|2.37|5|2|喜悦智行,235|0.82|4963.31|3.32|5|3|金富科技,237|-0.21|4953.04|2.66|3|5|珠海中富,40|2.77|5090.22|2.99|4|3|金富科技,141|-0.86|5046.47|3.67|3|5|喜悦智行,142|-1.84|4953.68|3.65|2|6|沪江材料,326|-1.04|4902.38|2.67|1|7|金富科技,378|0.10|4907.13|2.35|4|4|沪江材料,434|-0.04|4904.99|2.30|4|4|宏裕包材,482|-2.92|4761.54|3.28|0|8|王子新材,235|1.50|4833.19|2.45|6|2|金富科技,133|0.48|4856.44|2.54|5|3|紫江企业,266|-0.82|4816.48|2.06|2|5|王子新材,131|-0.02|4815.46|2.25|4|4|金富科技,427|-1.38|4749.12|3.00|2|5|永新股份,389|-2.54|4628.4|2.19|0|7|喜悦智行,59|1.91|4716.91|2.02|5|3|金富科技,397|-3.26|4563.14|2.06|0|8|永新股份,129|-1.55|4492.48|2.96|1|7|珠海中富,344|-5.77|4233.29|3.13|0|8|珠海中富,193|3.50|4381.65|2.00|8|0|喜悦智行,282|1.78|4459.54|2.39|5|3|珠海中富,6|1.96|4546.82|4.09|4|3|金富科技,414|0.50|4569.53|2.66|7|1|喜悦智行,97|1.10|4619.9|2.56|6|2|金富科技,277|-1.38|4556.13|2.07|1|7|沪江材料,155|1.87|4641.2|2.02|8|0|金富科技,105|-0.47|4619.41|0.96|2|5|沪江材料,411|-3.31|4466.29|1.01|0|7|紫江企业,469|-0.33|4451.46|3.62|4|4|喜悦智行,233|3.51|4607.66|3.63|7|1|金富科技,331|-1.81|4524.47|2.40|1|7|金富科技,22|2.27|4627.27|2.60|8|0|珠海中富,82|0.99|4673.11|2.55|4|3|金富科技,207|0.81|4710.86|2.16|6|2|金富科技,303|-0.72|4676.77|1.99|2|5|永新股份,332|0.94|4720.96|1.85|8|0|喜悦智行,29|2.26|4827.43|1.85|4|4|金富科技,44|2.19|4933.1|2.27|7|1|金富科技,15|2.03|5033.44|1.96|4|3|金富科技,31|1.92|5130.18|2.09|3|5|金富科技,285|-1.13|5072.35|2.14|1|7|金富科技
BK1534|印刷,,,,,,,,,,,,,,,,,,,,,,,,,,,,,,,,,,,,,,,,,,,,,,,,,,,,,,,,,,,,,,,,,,,,,,,432|-0.15|5209.2|4.56|2|2|强邦新材,387|0.25|5222.04|3.52|3|2|东港股份,220|-0.12|5216.01|3.92|1|4|鸿博股份,128|1.30|5283.74|7.18|4|1|鸿博股份,390|-2.88|5131.81|6.02|0|5|江天科技,326|-3.52|4950.97|5.33|0|5|江天科技,343|-1.13|4895.2|3.46|1|4|东港股份,189|1.24|4956.08|3.26|5|0|盛通股份,408|0.50|4980.76|2.61|4|1|江天科技,29|1.71|5065.79|5.96|3|2|鸿博股份,251|1.45|5139.26|9.65|5|0|鸿博股份,288|-0.31|5123.16|7.43|1|4|江天科技,330|-1.11|5066.42|4.60|1|4|东港股份,421|-1.89|4970.59|4.48|0|5|强邦新材,78|1.15|5027.75|4.41|4|1|鸿博股份,89|-0.57|4998.95|3.53|1|4|江天科技,51|2.05|5101.53|5.10|5|0|鸿博股份,151|-2.00|4999.71|6.57|1|4|鸿博股份,439|-3.37|4831.16|4.89|0|5|东港股份,266|-5.42|4569.42|5.39|0|5|鸿博股份,162|3.72|4739.25|7.13|5|0|鸿博股份,143|2.38|4852.1|7.63|5|0|鸿博股份,402|-2.18|4746.21|5.60|0|5|盛通股份,426|0.41|4765.67|4.38|4|1|盛通股份,56|1.42|4833.47|5.29|5|0|江天科技,352|-1.88|4742.47|4.37|0|5|江天科技,271|1.29|4803.5|5.40|4|1|鸿博股份,416|-2.47|4684.63|4.53|1|4|江天科技,126|-1.64|4607.85|6.44|1|4|鸿博股份,369|0.63|4636.86|4.17|4|1|强邦新材,180|4.00|4822.1|6.71|5|0|鸿博股份,442|-2.43|4705.12|4.48|0|5|强邦新材,310|0.58|4732.31|6.21|4|1|东港股份,232|0.14|4738.99|5.16|3|2|鸿博股份,34|2.42|4853.66|3.94|4|1|鸿博股份,337|-0.89|4810.37|8.88|1|3|江天科技,197|1.51|4883.12|9.35|4|1|鸿博股份,248|-0.06|4880.08|7.06|1|4|江天科技,283|0.54|4906.5|5.95|4|1|盛通股份,468|-1.51|4832.45|5.37|1|4|强邦新材,88|1.10|4885.75|6.01|3|1|东港股份,356|-1.65|4805.05|4.83|0|5|东港股份
BK1535|纸包装,,,,,,,,,,,,,,,,,,,,,,,,,,,,,,,,,,,,,,,,,,,,,,,,,,,,,,,,,,,,,,,,,,,,,,,399|0.22|2343.86|2.30|13|7|众鑫股份,236|0.82|2362.99|2.94|15|6|顺灏股份,289|-0.49|2351.35|2.91|7|13|顺灏股份,366|0.11|2353.91|2.44|12|8|大胜达,437|-3.43|2273.28|3.28|1|20|裕同科技,348|-3.78|2187.34|3.41|0|21|裕同科技,248|-0.70|2171.96|2.34|2|18|翔港科技,66|1.92|2213.66|2.01|20|1|永吉股份,294|1.25|2241.42|1.95|16|5|环球印务,333|-1.36|2210.96|2.69|2|17|顺灏股份,143|2.07|2256.72|2.75|21|0|众鑫股份,173|0.18|2260.88|2.40|8|13|裕同科技,286|-0.91|2240.32|2.19|6|14|新宏泽,257|-0.69|2224.79|2.28|6|14|集友股份,208|0.34|2232.32|2.27|10|9|裕同科技,217|-1.40|2201.07|2.48|3|18|顺灏股份,38|2.29|2251.38|4.14|16|4|顺灏股份,121|-1.85|2209.66|4.50|3|18|大胜达,292|-2.45|2155.62|3.91|2|19|大胜达,182|-4.95|2048.98|6.13|2|18|顺灏股份,289|3.03|2111.1|5.54|19|2|陕西金叶,330|1.59|2144.61|5.26|18|3|新宏泽,68|-0.22|2139.84|4.39|6|15|衢州东峰,287|1.04|2162.07|4.52|14|6|上海艾录,247|0.28|2168.2|3.99|14|7|大胜达,128|-0.70|2153.03|3.19|5|16|顺灏股份,72|2.37|2203.96|4.87|18|2|大胜达,166|-1.05|2180.79|5.02|2|19|衢州东峰,423|-3.42|2106.26|4.83|1|20|裕同科技,77|2.56|2160.28|4.63|20|1|大胜达,258|3.34|2232.51|5.24|20|1|顺灏股份,213|-1.11|2207.63|5.16|7|14|大胜达,250|0.80|2225.24|4.09|16|5|众鑫股份,420|-0.83|2206.79|2.92|4|16|众鑫股份,340|0.23|2211.85|3.80|12|8|顺灏股份,189|-0.29|2205.49|3.99|6|14|大胜达,214|1.45|2237.42|4.46|18|2|大胜达,210|0.19|2241.73|5.19|6|14|顺灏股份,178|1.01|2264.26|4.70|14|5|顺灏股份,91|0.63|2278.58|4.08|8|12|顺灏股份,452|-1.08|2253.87|5.24|4|17|佳合科技,343|-1.56|2218.71|4.67|3|16|上海艾录
BK1536|综合包装,,,,,,,,,,,,,,,,,,,,,,,,,,,,,,,,,,,,,,,,,,,,,,,,,,,,,,,,,,,,,,,,,,,,,,,431|-0.14|1513.66|3.00|4|2|天元股份,251|0.77|1525.37|3.91|3|2|康欣新材,364|-0.79|1513.24|2.20|0|6|京华激光,354|0.15|1515.58|2.02|3|2|海顺新材,368|-2.71|1474.54|2.82|1|5|方大新材,160|-2.10|1443.58|3.46|1|5|方大新材,383|-1.29|1424.95|2.01|0|6|海顺新材,169|1.32|1443.7|1.91|5|1|新通联,120|2.26|1476.38|1.78|6|0|新通联,217|-0.81|1464.41|2.05|2|4|天元股份,132|2.13|1495.64|1.89|5|1|海顺新材,235|-0.13|1493.72|2.04|3|3|方大新材,376|-1.31|1474.11|1.64|0|5|方大新材,24|1.38|1494.45|2.28|4|2|京华激光,252|0.09|1495.85|2.52|4|1|京华激光,314|-2.06|1465.04|2.09|0|6|康欣新材,175|0.98|1479.46|2.24|4|2|海顺新材,448|-3.93|1421.26|1.97|0|6|京华激光,437|-3.37|1373.4|2.42|0|6|京华激光,299|-5.58|1296.77|3.29|1|5|海顺新材,7|6.48|1380.79|3.13|6|0|康欣新材,333|1.56|1402.29|3.40|5|1|天元股份,23|0.56|1410.15|4.46|2|4|海顺新材,337|0.82|1421.74|3.20|3|3|康欣新材,413|-0.55|1413.88|2.53|2|4|新通联,290|-1.44|1393.47|2.16|0|6|新通联,364|0.69|1403.14|2.02|5|1|京华激光,236|-1.49|1382.18|1.73|1|5|方大新材,390|-3.17|1338.33|2.20|1|5|海顺新材,55|3.04|1379.04|2.14|6|0|天元股份,194|3.86|1432.31|2.23|6|0|天元股份,390|-2.09|1402.34|2.08|0|6|康欣新材,212|0.93|1415.35|2.11|5|1|方大新材,90|0.94|1428.66|2.05|3|3|海顺新材,385|-0.01|1428.45|1.86|2|4|康欣新材,187|-0.27|1424.58|1.63|2|4|海顺新材,304|1.08|1439.97|1.42|5|1|新通联,175|0.36|1445.11|1.81|2|4|方大新材,169|1.04|1460.15|1.73|6|0|方大新材,401|-0.93|1446.51|1.59|2|4|新通联,372|-0.44|1440.11|1.75|2|4|京华激光,340|-1.53|1418.1|2.05|1|5|海顺新材
BK1537|成品家居,,,,,,,,,,,,,,,,,,,,,,,,,,,,,,,,,,,,,,,,,,,,,,,,,,,,,,,,,,,,,,,,,,,,,,,217|1.52|3051.91|1.80|13|4|恒林股份,258|0.74|3074.57|2.21|10|6|美克家居,371|-0.82|3049.36|2.65|4|13|麒盛科技,414|-0.16|3044.58|1.68|9|8|中源家居,374|-2.77|2960.28|2.17|1|16|麒盛科技,189|-2.46|2887.53|2.01|2|15|泰鹏智能,390|-1.32|2849.42|1.55|2|15|泰鹏智能,357|0.30|2857.98|1.35|14|3|美克家居,306|1.18|2891.84|1.24|15|2|曲美家居,378|-1.56|2846.74|1.62|1|15|慕思股份,118|2.25|2910.7|1.32|15|0|麒盛科技,166|0.20|2916.59|1.30|8|9|麒盛科技,233|-0.67|2897.1|2.07|3|14|美克家居,127|0.00|2897.16|1.91|8|8|匠心家居,149|0.64|2915.58|3.03|11|6|美克家居,162|-1.04|2885.15|2.40|4|13|喜临门,308|0.07|2887.28|1.78|12|5|喜临门,337|-2.86|2804.76|1.94|1|16|*ST亚振,222|-2.17|2743.96|1.79|1|16|顾家家居,454|-6.37|2569.25|2.13|0|17|匠心家居,241|3.26|2653.11|2.13|15|2|美克家居,378|1.28|2687.08|1.61|14|1|美克家居,294|-1.63|2643.4|1.41|2|15|*ST亚振,308|0.96|2668.83|1.68|11|4|美克家居,355|-0.18|2663.95|1.85|8|8|*ST亚振,266|-1.33|2628.62|1.51|2|14|慕思股份,270|1.29|2662.46|1.25|16|1|匠心家居,385|-2.27|2601.99|1.16|1|16|顾家家居,289|-2.60|2534.23|1.52|1|16|恒林股份,321|0.89|2556.89|1.81|14|3|曲美家居,330|2.73|2626.68|1.71|16|1|美克家居,199|-1.06|2598.78|2.86|2|14|美克家居,33|2.00|2650.79|3.91|16|1|喜临门,350|-0.43|2639.38|3.34|3|14|美克家居,283|0.49|2652.31|3.83|12|4|美克家居,241|-0.45|2640.39|2.58|3|13|永艺股份,154|1.74|2686.21|2.72|14|3|喜临门,268|-0.17|2681.64|2.39|4|13|*ST亚振,234|0.76|2702.14|2.24|12|5|喜临门,171|0.07|2704|1.98|8|8|永艺股份,398|-0.62|2687.11|1.60|4|13|趣睡科技,137|-0.34|2677.91|1.99|7|10|中源家居
BK1538|瓷砖地板,,,,,,,,,,,,,,,,,,,,,,,,,,,,,,,,,,,,,,,,,,,,,,,,,,,,,,,,,,,,,,,,,,,,,,,260|1.24|1526.69|2.01|10|2|天振股份,378|0.31|1531.36|3.28|8|3|海象新材,258|-0.28|1527|3.20|3|9|悦心健康,394|-0.03|1526.57|3.39|2|10|菲林格尔,391|-2.89|1482.43|2.86|1|11|美新科技,164|-2.16|1450.38|3.20|2|10|悦心健康,53|0.82|1462.31|3.41|6|6|悦心健康,281|0.80|1474.01|4.07|9|3|菲林格尔,123|2.23|1506.85|2.90|11|1|海象新材,265|-1.04|1491.15|3.05|1|10|菲林格尔,145|2.04|1521.57|2.76|10|2|菲林格尔,424|-0.88|1508.12|2.55|3|8|悦心健康,442|-1.73|1482.09|3.31|2|9|马可波罗,194|-0.35|1476.92|2.01|6|6|菲林格尔,328|-0.30|1472.5|1.69|5|7|菲林格尔,78|-0.44|1466.02|1.72|4|8|菲林格尔,172|1.00|1480.72|1.65|8|4|美新科技,370|-3.07|1435.33|1.64|0|12|东鹏控股,376|-2.89|1393.87|1.71|1|11|帝欧水华,483|-7.39|1290.92|2.62|0|12|菲林格尔,104|4.11|1343.92|2.23|12|0|天振股份,208|2.11|1372.25|2.03|12|0|悦心健康,129|-0.77|1361.69|1.85|2|10|美新科技,364|0.74|1371.74|1.61|9|2|天振股份,360|-0.21|1368.81|1.46|5|6|海象新材,320|-1.62|1346.7|1.55|1|11|海象新材,217|1.56|1367.71|1.32|11|1|天振股份,309|-1.82|1342.83|1.25|1|11|菲林格尔,416|-3.34|1297.95|1.32|0|12|美新科技,158|1.71|1320.13|1.35|11|1|帝欧水华,249|3.43|1365.39|1.41|12|0|天振股份,238|-1.23|1348.56|1.35|1|11|菲林格尔,147|1.19|1364.55|1.19|11|1|蒙娜丽莎,414|-0.76|1354.14|1.17|2|9|马可波罗,160|1.02|1367.94|1.59|8|4|天安新材,119|0.16|1370.16|1.86|3|9|帝欧水华,92|2.08|1398.72|2.56|11|1|帝欧水华,462|-1.47|1378.22|2.10|0|12|海象新材,299|0.47|1384.74|1.78|8|3|美新科技,277|-0.36|1379.72|1.61|3|9|天安新材,255|0.13|1381.48|1.93|4|7|美新科技,58|0.66|1390.56|2.05|5|7|美新科技
BK1539|定制家居,,,,,,,,,,,,,,,,,,,,,,,,,,,,,,,,,,,,,,,,,,,,,,,,,,,,,,,,,,,,,,,,,,,,,,,169|1.88|9061.39|1.99|12|4|顶固集创,275|0.70|9125.14|2.43|12|4|美之高,462|-1.70|8969.91|2.15|4|12|江山欧派,332|0.21|8988.78|2.14|9|7|德尔未来,270|-2.19|8791.55|2.41|1|15|顶固集创,176|-2.27|8592.11|2.32|0|16|美之高,316|-0.98|8508.06|1.92|3|13|王力安防,129|1.56|8640.46|1.71|13|3|王力安防,64|2.82|8883.83|2.17|15|1|王力安防,39|1.31|9000.09|2.53|8|8|王力安防,149|2.02|9181.7|2.46|15|1|王力安防,360|-0.58|9128.6|3.49|3|13|德尔未来,310|-1.01|9036.09|3.11|3|13|德尔未来,286|-0.90|8954.8|3.02|6|9|索菲亚,267|-0.01|8954.18|3.23|9|7|欧派家居,100|-0.66|8894.82|2.43|5|11|欧派家居,256|0.38|8928.9|1.90|9|7|森鹰窗业,311|-2.74|8684.24|2.09|2|14|王力安防,307|-2.52|8465.54|1.98|2|14|森鹰窗业,418|-6.13|7946.9|2.80|1|15|好莱客,91|4.23|8283.24|2.21|16|0|德尔未来,367|1.36|8396.08|2.03|15|1|龙竹科技,138|-0.86|8324.29|1.99|4|12|顶固集创,365|0.74|8385.6|1.76|10|6|好莱客,422|-0.62|8333.87|1.65|8|8|皮阿诺,358|-1.93|8173.27|1.60|2|13|美之高,307|1.10|8263.25|1.42|12|3|我乐家居,191|-1.26|8159.21|1.41|3|13|欧派家居,342|-2.88|7924.47|1.47|1|15|森鹰窗业,282|1.09|8010.56|1.59|11|5|德尔未来,322|2.78|8233.21|2.01|15|1|龙竹科技,72|-0.27|8211.11|2.00|4|12|梦天家居,382|0.20|8227.35|1.93|13|3|王力安防,474|-1.50|8104.26|1.62|1|15|顶固集创,331|0.29|8127.4|1.63|9|6|皮阿诺,139|0.04|8130.47|1.80|7|8|梦天家居,433|0.32|8156.58|1.94|10|4|索菲亚,156|0.49|8196.74|1.66|6|10|森鹰窗业,172|1.02|8280.13|1.61|13|2|顶固集创,76|0.82|8347.86|1.68|6|8|皮阿诺,287|-0.02|8346.13|2.37|5|11|尚品宅配,342|-1.55|8216.8|2.41|3|13|尚品宅配
BK1540|其他家居用品,,,,,,,,,,,,,,,,,,,,,,,,,,,,,,,,,,,,,,,,,,,,,,,,,,,,,,,,,,,,,,,,,,,,,,,210|1.59|7557.38|2.06|20|4|联翔股份,198|1.01|7633.52|2.12|18|6|ST华鹏,381|-0.89|7565.82|1.91|5|19|共创草坪,205|0.74|7621.76|1.76|11|12|华瓷股份,219|-1.82|7483.31|2.98|4|20|哈尔斯,218|-2.65|7285.35|2.61|4|20|青岛金王,259|-0.76|7229.77|2.10|4|19|家联科技,221|1.09|7308.63|1.97|18|5|家联科技,111|2.34|7479.34|1.94|20|3|华瓷股份,285|-1.13|7394.8|2.15|5|19|*ST四通,84|2.55|7583.55|1.98|22|2|太力科技,404|-0.77|7525.21|1.95|4|20|*ST四通,357|-1.23|7432.55|1.90|5|18|*ST四通,285|-0.89|7366.1|1.76|5|19|双枪科技,383|-0.73|7312.34|1.85|8|15|青岛金王,306|-1.96|7168.84|1.79|2|22|悍高集团,107|1.52|7278.07|1.78|18|5|茶花股份,175|-2.16|7121.03|1.74|2|22|茶花股份,262|-2.36|6953.29|1.91|2|22|共创草坪,307|-5.60|6563.56|2.59|1|23|联翔股份,80|4.35|6848.94|2.39|24|0|德艺文创,207|2.11|6993.37|1.91|20|3|共创草坪,159|-0.97|6925.44|1.71|4|20|联翔股份,220|1.27|7013.15|1.56|19|5|联翔股份,191|0.52|7049.49|1.81|10|14|联翔股份,110|-0.58|7008.6|2.12|9|15|共创草坪,219|1.55|7117.38|2.09|18|6|张小泉,240|-1.50|7010.39|1.86|3|21|华瓷股份,320|-2.77|6815.91|2.22|2|22|双枪科技,157|1.71|6932.42|2.12|17|7|共创草坪,232|3.52|7176.3|2.21|22|2|联翔股份,243|-1.25|7086.41|2.15|6|18|茶花股份,31|2.03|7230.03|1.98|20|4|联翔股份,275|-0.05|7226.13|2.07|8|16|张小泉,260|0.59|7268.91|2.08|14|8|哈尔斯,160|-0.14|7258.47|1.83|5|18|张小泉,307|1.07|7336.1|1.98|19|5|嘉益股份,393|-0.86|7273|2.16|7|17|家联科技,415|-0.05|7269.18|2.09|17|7|茶花股份,196|-0.06|7264.56|2.56|9|14|张小泉,462|-1.17|7179.21|2.69|6|18|双枪科技,376|-1.77|7052.25|2.46|5|18|家联科技
BK1541|卫浴制品,,,,,,,,,,,,,,,,,,,,,,,,,,,,,,,,,,,,,,,,,,,,,,,,,,,,,,,,,,,,,,,,,,,,,,,255|1.26|826.91|1.14|7|0|海鸥住工,394|0.22|828.75|1.22|4|1|海鸥住工,440|-1.46|816.63|1.35|1|6|建霖家居,267|0.46|820.4|1.13|5|2|松霖科技,477|-4.08|786.95|2.16|0|7|箭牌家居,324|-3.51|759.35|1.81|0|7|惠达卫浴,384|-1.30|749.48|1.39|2|5|艾芬达,256|0.90|756.19|1.15|7|0|惠达卫浴,172|1.89|770.5|1.21|6|1|惠达卫浴,314|-1.29|760.57|1.32|0|7|海鸥住工,258|1.40|771.21|1.14|6|1|惠达卫浴,402|-0.76|765.35|1.06|1|6|箭牌家居,70|0.57|769.68|1.31|2|5|松霖科技,26|1.19|778.82|2.86|4|3|海鸥住工,396|-0.89|771.91|3.27|3|3|建霖家居,17|1.32|782.13|2.63|3|4|松霖科技,329|-0.11|781.28|2.01|3|4|惠达卫浴,356|-2.99|757.93|1.97|0|7|建霖家居,174|-1.85|743.93|1.99|1|6|松霖科技,328|-5.69|701.63|2.57|1|6|松霖科技,26|4.98|736.59|2.26|7|0|松霖科技,321|1.62|748.51|1.46|7|0|惠达卫浴,94|-0.52|744.61|1.24|1|6|松霖科技,432|0.29|746.74|1.41|6|1|海鸥住工,401|-0.45|743.39|1.26|4|3|惠达卫浴,393|-2.34|725.98|1.41|0|7|建霖家居,169|1.79|738.96|1.44|6|1|松霖科技,98|-0.39|736.11|1.41|2|5|松霖科技,332|-2.82|715.34|2.23|1|6|松霖科技,436|0.15|716.44|1.76|5|2|海鸥住工,260|3.34|740.36|1.56|7|0|箭牌家居,439|-2.41|722.54|1.33|0|7|艾芬达,201|0.99|729.68|1.11|6|1|惠达卫浴,349|-0.42|726.6|1.10|3|4|海鸥住工,346|0.19|727.97|1.22|3|3|松霖科技,210|-0.34|725.49|1.09|2|5|松霖科技,148|1.75|738.19|1.17|7|0|松霖科技,430|-1.21|729.24|1.19|0|7|艾芬达,417|-0.12|728.37|1.19|2|5|惠达卫浴,119|0.36|730.99|1.45|5|2|海鸥住工,413|-0.70|725.86|1.19|1|6|松霖科技,194|-0.67|720.98|1.35|3|4|瑞尔特
BK1542|文化用品,,,,,,,,,,,,,,,,,,,,,,,,,,,,,,,,,,,,,,,,,,,,,,,,,,,,,,,,,,,,,,,,,,,,,,,474|-1.65|3539.25|1.96|3|2|齐心集团,334|0.48|3556.11|1.52|5|0|创源股份,287|-0.48|3538.93|1.63|2|3|明月镜片,221|0.68|3562.99|1.31|3|2|明月镜片,465|-3.96|3421.88|2.28|0|5|晨光股份,221|-2.66|3330.75|1.73|0|5|晨光股份,322|-1.02|3296.92|1.48|1|4|创源股份,238|1.00|3329.95|1.19|4|0|广博股份,361|0.86|3358.7|1.33|5|0|齐心集团,398|-1.70|3301.51|1.51|0|5|广博股份,318|1.01|3334.74|1.28|4|1|齐心集团,378|-0.66|3312.58|1.08|0|5|晨光股份,264|-0.81|3285.85|1.04|1|4|创源股份,387|-1.50|3236.43|1.03|0|4|晨光股份,254|0.08|3239.08|1.45|3|2|齐心集团,243|-1.54|3189.14|1.12|1|4|晨光股份,76|1.72|3243.91|1.23|4|1|齐心集团,322|-2.79|3153.29|1.38|0|5|晨光股份,252|-2.31|3080.36|1.31|0|5|晨光股份,353|-5.80|2901.6|2.01|0|5|晨光股份,256|3.20|2994.51|1.53|5|0|创源股份,222|2.03|3055.19|1.27|5|0|创源股份,406|-2.19|2988.2|1.17|0|5|广博股份,168|1.50|3032.92|0.88|5|0|创源股份,244|0.30|3042.14|0.87|3|2|晨光股份,73|-0.22|3035.58|1.05|1|4|晨光股份,124|2.04|3097.45|1.07|5|0|齐心集团,142|-0.82|3072.03|0.99|1|4|晨光股份,219|-2.25|3002.75|0.86|0|5|晨光股份,182|1.54|3048.96|0.82|3|1|创源股份,251|3.38|3152.13|1.24|5|0|明月镜片,275|-1.48|3105.44|1.02|0|5|晨光股份,288|0.66|3126.07|0.89|5|0|明月镜片,479|-1.69|3073.11|1.20|0|5|明月镜片,291|0.46|3087.12|1.08|3|2|明月镜片,284|-0.64|3067.35|0.95|1|4|晨光股份,219|1.43|3111.16|1.04|5|0|广博股份,97|1.11|3145.56|1.90|1|4|创源股份,491|-1.24|3106.52|1.75|2|3|广博股份,296|-0.44|3092.98|1.54|1|4|晨光股份,394|-0.58|3075.19|1.33|2|3|齐心集团,41|1.14|3110.2|2.05|2|3|齐心集团
BK1543|娱乐用品,,,,,,,,,,,,,,,,,,,,,,,,,,,,,,,,,,,,,,,,,,,,,,,,,,,,,,,,,,,,,,,,,,,,,,,160|1.97|3142.69|3.04|13|3|金陵体育,113|1.76|3197.92|4.71|11|6|高乐股份,345|-0.71|3175.11|5.57|5|11|高乐股份,287|0.38|3187.11|4.45|11|7|高乐股份,417|-3.18|3085.66|4.89|1|17|高乐股份,334|-3.61|2974.26|4.32|0|18|天元宠物,146|-0.19|2968.56|3.25|5|12|高乐股份,191|1.24|3005.25|3.13|14|4|实丰文化,266|1.39|3047.02|2.71|15|3|通达创智,129|-0.21|3040.68|4.27|7|11|群兴玩具,46|2.95|3130.5|5.19|17|1|群兴玩具,366|-0.61|3111.5|5.77|5|12|实丰文化,449|-1.81|3055.18|4.15|1|17|英派斯,276|-0.83|3029.69|3.43|6|11|高乐股份,43|1.69|3080.96|3.56|16|2|舒华体育,305|-1.95|3020.93|4.99|2|16|群兴玩具,69|1.76|3074.23|4.55|16|2|舒华体育,187|-2.21|3006.26|4.16|1|17|海伦钢琴,63|-0.85|2980.63|4.58|4|14|舒华体育,264|-5.41|2819.34|5.97|1|17|群兴玩具,38|4.79|2954.5|4.96|18|0|舒华体育,60|2.92|3040.7|4.10|17|1|舒华体育,438|-2.53|2963.91|5.23|1|17|浙江正特,103|1.99|3022.98|4.60|16|2|舒华体育,293|0.06|3024.84|4.11|9|8|康力源,67|-0.17|3019.63|3.92|5|13|舒华体育,347|0.84|3045.13|5.03|15|3|群兴玩具,140|-0.81|3020.53|4.50|5|13|舒华体育,426|-3.43|2916.87|4.57|1|17|珠江钢琴,19|4.41|3045.43|4.95|16|2|高乐股份,235|3.49|3151.69|5.72|16|2|高乐股份,244|-1.26|3112.03|5.26|5|13|高乐股份,479|-0.95|3082.43|4.98|12|6|实丰文化,322|-0.28|3073.79|3.81|6|11|珠江钢琴,153|1.06|3106.3|4.05|13|5|通达创智,193|-0.30|3097.1|4.59|8|10|浙江正特,121|1.87|3154.95|4.31|15|3|英派斯,331|-0.49|3139.57|3.83|6|12|三柏硕,84|1.70|3192.8|3.65|14|4|舒华体育,208|-0.10|3189.72|3.59|7|11|浙江自然,470|-1.24|3150.16|3.13|3|15|实丰文化,326|-1.41|3105.81|2.77|2|16|群兴玩具
BK1544|大宗用纸,,,,,,,,,,,,,,,,,,,,,,,,,,,,,,,,,,,,,,,,,,,,,,,,,,,,,,,,,,,,,,,,,,,,,,,280|1.14|2473.31|2.16|8|3|松炀资源,89|2.01|2522.94|3.93|11|1|山鹰国际,161|0.34|2531.58|3.45|5|5|林平发展,481|-1.01|2506|2.42|3|9|山鹰国际,93|0.16|2510.04|3.26|4|7|岳阳林纸,286|-3.23|2428.94|2.71|0|12|华泰股份,177|-0.40|2419.32|2.12|5|7|ST晨鸣,178|1.28|2450.29|1.86|9|2|岳阳林纸,175|1.87|2496.03|2.06|11|1|ST晨鸣B,75|0.54|2509.41|2.30|4|8|荣晟环保,110|2.31|2567.47|2.01|10|0|荣晟环保,201|0.07|2569.24|2.69|4|8|ST晨鸣,177|-0.38|2559.55|2.43|4|8|ST晨鸣,367|-1.26|2527.28|2.65|2|10|博汇纸业,284|-0.10|2524.82|1.94|4|6|松炀资源,52|0.10|2527.31|2.12|4|7|林平发展,274|0.27|2534.2|1.96|5|6|森林包装,468|-4.49|2420.31|2.29|0|12|森林包装,55|-0.73|2402.69|2.23|3|9|荣晟环保,195|-5.01|2282.27|2.96|1|11|景兴纸业,380|2.61|2341.73|1.98|10|1|荣晟环保,332|1.56|2378.23|1.78|10|2|山鹰国际,292|-1.60|2340.11|1.51|1|11|森林包装,146|1.71|2380.05|1.45|11|1|岳阳林纸,384|-0.34|2371.99|1.57|7|4|荣晟环保,363|-1.97|2325.19|1.39|1|11|林平发展,418|0.29|2331.97|1.27|9|2|岳阳林纸,56|0.24|2337.66|1.21|4|8|松炀资源,84|-1.36|2305.82|1.16|3|9|松炀资源,272|1.14|2332.21|0.92|8|4|松炀资源,352|2.50|2390.6|1.45|11|1|博汇纸业,71|-0.25|2384.59|1.02|2|10|松炀资源,106|1.30|2415.7|1.59|9|2|荣晟环保,382|-0.56|2402.27|1.17|4|6|ST晨鸣,359|0.14|2405.72|1.07|8|2|荣晟环保,305|-0.73|2388.09|0.90|3|7|森林包装,428|0.41|2397.88|0.94|8|4|博汇纸业,332|-0.49|2386.08|1.21|5|7|荣晟环保,387|0.15|2389.57|1.11|6|4|博汇纸业,46|1.18|2417.76|1.36|7|3|华泰股份,285|0.00|2417.72|1.62|5|6|岳阳林纸,74|0.38|2426.89|1.58|7|4|ST晨鸣B
BK1545|特种纸,,,,,,,,,,,,,,,,,,,,,,,,,,,,,,,,,,,,,,,,,,,,,,,,,,,,,,,,,,,,,,,,,,,,,,,289|1.11|2758.71|2.90|11|2|恒达新材,91|1.99|2813.66|3.49|12|0|五洲特纸,183|0.18|2818.73|4.07|8|5|华旺科技,492|-1.83|2767.27|2.90|2|10|凯恩股份,323|-2.54|2696.96|3.59|1|12|仙鹤股份,196|-2.50|2629.67|3.52|1|11|五洲特纸,388|-1.32|2595.04|2.65|2|11|民士达,32|2.45|2658.58|2.77|11|2|安妮股份,233|1.55|2699.68|2.82|11|2|民士达,175|-0.60|2683.49|3.31|4|9|华旺科技,262|1.38|2720.5|2.73|12|1|民士达,57|1.39|2758.44|4.10|7|4|冠豪高新,338|-1.14|2727.09|4.53|3|10|华旺科技,379|-1.35|2690.23|2.89|0|11|齐峰新材,222|0.26|2697.34|3.65|4|7|安妮股份,343|-2.23|2637.26|3.11|1|12|宜宾纸业,166|1.04|2664.7|3.24|11|2|青山纸业,242|-2.47|2598.87|3.59|1|12|齐峰新材,269|-2.39|2536.86|3.09|1|12|五洲特纸,314|-5.64|2393.82|3.78|1|12|仙鹤股份,202|3.47|2476.88|2.75|13|0|恒达新材,120|2.49|2538.57|3.06|12|0|冠豪高新,305|-1.65|2496.56|3.62|2|11|冠豪高新,288|1.04|2522.4|2.58|10|3|安妮股份,228|0.36|2531.55|2.26|9|3|华旺科技,293|-1.46|2494.7|2.03|1|11|齐峰新材,225|1.52|2532.68|2.40|12|1|安妮股份,206|-1.35|2498.47|1.88|1|11|华旺科技,210|-2.18|2444.12|1.91|2|11|齐峰新材,131|1.91|2490.75|1.76|11|2|民丰特纸,119|4.69|2607.52|3.28|13|0|恒丰纸业,389|-2.09|2553.02|2.76|0|13|凯恩股份,77|1.54|2592.46|2.87|11|2|青山纸业,335|-0.36|2583.16|7.22|5|8|民士达,135|1.15|2612.82|6.88|7|5|齐峰新材,394|-1.15|2582.76|4.76|3|10|恒丰纸业,176|1.62|2624.71|5.61|10|3|安妮股份,144|0.58|2639.91|8.29|5|8|民士达,28|2.67|2710.46|9.10|9|2|冠豪高新,96|0.60|2726.63|7.83|5|8|青山纸业,99|1.01|2754.06|10.89|8|5|青山纸业,265|-0.98|2727.19|10.22|4|9|五洲特纸
BK1546|电商服务,,,,,,,,,,,,,,,,,,,,,,,,,,,,,,,,,,,,,,,,,,,,,,,,,,,,,,,,,,,,,,,,,,,,,,,479|-1.97|2513.97|2.86|4|4|狮头股份,377|0.31|2521.66|2.61|4|2|新迅达,460|-1.69|2479.02|2.40|1|7|狮头股份,297|0.34|2487.56|1.75|5|2|壹网壹创,464|-3.96|2389.07|3.02|0|8|壹网壹创,357|-3.94|2294.9|2.94|0|8|狮头股份,231|-0.64|2280.1|1.69|4|4|狮头股份,234|1.01|2303.05|1.41|8|0|新迅达,70|2.67|2364.58|1.98|7|1|狮头股份,90|0.23|2370.09|2.22|3|4|狮头股份,330|0.92|2391.97|1.83|7|1|凯淳股份,361|-0.58|2378.06|1.79|3|5|狮头股份,267|-0.83|2358.43|1.85|1|7|新迅达,128|0.00|2358.44|2.07|2|5|新迅达,39|1.74|2399.36|1.97|7|1|壹网壹创,328|-2.14|2348.12|2.13|1|6|若羽臣,55|1.97|2394.43|1.96|7|1|若羽臣,312|-2.74|2328.78|1.86|0|8|壹网壹创,471|-4.05|2234.58|2.63|0|8|若羽臣,380|-5.89|2102.92|2.61|0|8|若羽臣,39|4.78|2203.53|2.39|8|0|狮头股份,65|2.88|2267.1|2.62|8|0|狮头股份,245|-1.34|2236.61|2.42|2|6|若羽臣,14|4.19|2330.29|2.80|8|0|狮头股份,47|1.50|2365.24|3.25|5|3|狮头股份,389|-2.31|2310.64|2.55|0|8|丽人丽妆,153|1.88|2354.06|2.62|6|2|若羽臣,410|-2.44|2296.67|2.39|0|8|若羽臣,280|-2.54|2238.23|1.97|0|8|狮头股份,50|3.18|2309.44|2.32|8|0|壹网壹创,192|3.87|2398.93|3.12|8|0|青木科技,205|-1.08|2372.92|2.70|1|7|狮头股份,458|-0.40|2363.53|2.60|4|3|青木科技,353|-0.44|2353.2|2.03|2|5|青木科技,60|2.03|2400.89|2.28|5|3|狮头股份,310|-0.77|2382.38|2.37|2|6|新迅达,164|1.69|2422.58|2.25|8|0|壹网壹创,93|1.17|2450.88|2.18|5|3|狮头股份,7|4.72|2566.51|3.07|7|1|青木科技,495|-2.12|2511.99|2.45|1|7|丽人丽妆,87|1.11|2539.78|2.44|3|5|新迅达,115|-0.10|2537.27|2.90|3|5|青木科技
BK1547|跨境电商,,,,,,,,,,,,,,,,,,,,,,,,,,,,,,,,,,,,,,,,,,,,,,,,,,,,,,,,,,,,,,,,,,,,,,,377|0.46|2705.75|3.12|5|2|星徽股份,330|0.49|2718.95|3.27|6|2|华鼎股份,116|0.71|2738.2|3.25|7|0|三态股份,237|0.61|2754.98|3.05|4|3|吉宏股份,416|-3.18|2667.3|4.35|1|6|华凯易佰,420|-4.65|2543.4|4.23|0|7|星徽股份,160|-0.27|2536.54|3.31|2|4|跨境通,150|1.44|2572.99|2.83|6|1|星徽股份,336|1.04|2599.71|3.23|6|1|三态股份,59|0.80|2620.54|3.29|5|2|吉宏股份,245|1.47|2659.08|3.98|6|1|赛维时代,460|-1.24|2626|2.65|0|6|星徽股份,312|-1.02|2599.11|2.26|2|5|吉宏股份,177|-0.22|2593.31|2.67|1|6|星徽股份,83|1.10|2621.74|3.77|4|3|华凯易佰,137|-0.90|2598.06|4.28|2|5|星徽股份,193|0.88|2620.8|3.85|6|1|吉宏股份,265|-2.57|2553.57|2.93|0|7|跨境通,289|-2.44|2491.31|3.28|1|6|焦点科技,366|-5.85|2345.48|3.89|0|7|星徽股份,81|4.33|2446.97|3.59|7|0|星徽股份,343|1.49|2483.53|2.98|7|0|吉宏股份,314|-1.71|2441.17|2.58|0|7|吉宏股份,159|1.60|2480.33|2.52|7|0|吉宏股份,207|0.43|2490.97|2.52|6|1|焦点科技,77|-0.27|2484.16|3.40|2|4|星徽股份,193|1.66|2525.43|3.56|6|1|华凯易佰,230|-1.46|2488.44|3.28|1|6|华凯易佰,398|-3.21|2408.49|2.76|0|7|焦点科技,78|2.54|2469.63|3.17|7|0|跨境通,126|4.59|2582.9|3.73|7|0|焦点科技,456|-2.54|2517.41|3.34|1|6|星徽股份,146|1.19|2547.28|3.23|5|2|赛维时代,309|-0.23|2541.37|3.22|3|3|华凯易佰,365|0.12|2544.3|2.50|4|3|三态股份,426|-1.44|2507.7|2.48|0|7|吉宏股份,31|3.05|2584.17|3.19|7|0|星徽股份,150|0.55|2598.45|2.77|3|4|星徽股份,12|4.11|2705.35|3.86|7|0|吉宏股份,494|-2.11|2648.16|3.84|0|7|赛维时代,90|1.08|2676.64|2.88|4|3|吉宏股份,166|-0.48|2663.7|3.36|3|4|吉宏股份
BK1548|综合电商,,,,,,,,,,,,,,,,,,,,,,,,,,,,,,,,,,,,,,,,,,,,,,,,,,,,,,,,,,,,,,,,,,,,,,,357|0.63|1253.77|0.39|1|2|ST通葡,126|1.67|1274.7|0.49|3|0|ST易购,428|-1.27|1258.53|0.35|0|3|ST通葡,113|1.46|1276.96|0.33|3|0|ST易购,274|-2.21|1248.72|0.41|0|3|ST易购,143|-1.85|1225.61|0.41|0|3|ST易购,416|-1.49|1207.28|0.37|0|3|ST通葡,106|1.72|1228.09|0.30|3|0|ST通葡,261|1.41|1245.44|0.30|3|0|ST通葡,110|-0.05|1244.87|0.34|1|2|ST通葡,172|1.85|1267.89|0.29|3|0|ST通葡,445|-0.99|1255.29|0.31|1|2|国联股份,29|1.95|1279.76|0.63|2|1|国联股份,249|-0.65|1271.43|0.37|0|3|ST通葡,89|1.04|1284.71|0.31|2|1|ST通葡,91|-0.60|1277.02|0.43|0|2|ST易购,469|-1.42|1258.92|0.91|1|2|国联股份,426|-3.55|1214.21|0.97|0|3|国联股份,248|-2.29|1186.38|0.63|0|2|ST易购,282|-5.52|1120.85|0.78|0|3|ST易购,443|1.81|1141.15|0.51|3|0|ST通葡,137|2.40|1168.56|0.53|3|0|ST通葡,67|-0.21|1166.08|0.45|0|2|ST易购,161|1.58|1184.52|0.49|1|2|国联股份,50|1.45|1201.73|0.80|1|1|ST通葡,275|-1.37|1185.24|0.95|1|2|国联股份,412|0.35|1189.35|0.57|2|1|国联股份,412|-2.44|1160.32|0.45|0|3|ST易购,181|-1.93|1137.97|0.39|0|3|ST通葡,239|1.30|1152.81|0.58|3|0|ST易购,365|2.35|1179.91|0.64|3|0|国联股份,330|-1.79|1158.8|0.38|0|3|ST通葡,101|1.34|1174.27|0.48|3|0|ST易购,313|-0.26|1171.19|0.39|1|2|ST通葡,240|0.67|1178.98|0.35|2|0|国联股份,23|1.46|1196.22|0.56|1|2|国联股份,285|1.15|1209.97|0.52|3|0|国联股份,386|-0.84|1199.84|0.43|1|2|国联股份,128|1.27|1215.11|0.51|2|1|国联股份,358|-0.71|1206.45|0.44|0|3|国联股份,288|-0.02|1206.17|0.41|1|2|国联股份,85|0.21|1208.68|0.93|1|2|ST通葡
BK1549|旅游零售Ⅲ,,,,,,,,,,,,,,,,,,,,,,,,,,,,,,,,,,,,,,,,,,,,,,,,,,,,,,,,,,,,,,,,,,,,,,,492|-6.48|9353.41|2.60|0|2|珠免集团,495|-1.95|9171.28|2.83|0|2|珠免集团,479|-2.27|8963.5|2.41|0|2|珠免集团,228|0.66|9022.33|1.47|2|0|珠免集团,462|-3.95|8666.24|2.58|0|2|中国中免,216|-2.63|8438.02|2.35|0|2|珠免集团,123|0.00|8437.61|2.13|1|1|中国中免,260|0.88|8511.72|1.36|1|1|珠免集团,348|0.94|8591.9|1.09|2|0|珠免集团,454|-2.48|8379.01|1.58|0|2|中国中免,336|0.89|8453.49|1.13|2|0|珠免集团,434|-0.94|8374.35|1.04|0|2|珠免集团,291|-0.93|8296.64|1.06|0|2|中国中免,268|-0.77|8233.15|1.00|0|2|中国中免,32|1.98|8396.1|1.35|2|0|中国中免,54|0.04|8399.74|1.41|1|1|中国中免,378|-0.49|8358.74|0.81|0|2|珠免集团,388|-3.21|8090.11|1.22|0|2|中国中免,66|-0.96|8012.25|0.96|0|2|中国中免,110|-4.13|7681.31|1.64|0|2|中国中免,484|-0.05|7677.43|1.38|1|1|中国中免,292|1.74|7810.92|1.15|2|0|珠免集团,296|-1.63|7683.61|0.96|0|2|中国中免,144|1.71|7814.86|1.02|2|0|珠免集团,469|-1.64|7686.41|1.10|0|2|中国中免,308|-1.54|7567.92|1.26|0|2|中国中免,258|1.34|7669.4|1.03|2|0|中国中免,316|-1.85|7527.52|0.91|0|2|珠免集团,115|-1.57|7409.49|0.74|0|2|中国中免,450|0.04|7412.27|0.76|1|1|珠免集团,295|2.99|7633.56|1.38|2|0|珠免集团,461|-2.62|7433.64|1.08|0|2|珠免集团,70|1.64|7555.49|1.05|2|0|中国中免,438|-0.97|7482.36|1.08|0|2|中国中免,180|0.92|7551.52|1.40|2|0|珠免集团,329|-0.85|7487.04|0.99|0|2|珠免集团,232|1.39|7591.23|1.24|2|0|珠免集团,305|-0.30|7568.14|1.68|1|1|珠免集团,380|0.17|7581.17|1.38|1|1|中国中免,240|-0.23|7564.05|1.41|1|1|珠免集团,443|-0.98|7489.8|1.10|0|2|中国中免,138|-0.35|7463.75|1.06|0|2|珠免集团
BK1550|贸易Ⅲ,,,,,,,,,,,,,,,,,,,,,,,,,,,,,,,,,,,,,,,,,,,,,,,,,,,,,,,,,,,,,,,,,,,,,,,119|2.37|12348.17|1.78|14|0|苏美达,131|1.56|12541.36|2.30|11|3|五矿发展,324|-0.64|12461.27|1.98|3|11|苏美达,222|0.67|12545.08|1.74|9|4|中信金属,303|-2.41|12242.15|2.87|3|11|苏美达,313|-3.45|11819.84|2.50|0|14|苏豪时尚,404|-1.41|11653.04|1.81|1|13|苏美达,141|1.48|11825.46|1.83|11|2|苏美达,38|3.18|12201.23|2.13|13|1|苏美达,390|-1.66|11999.24|2.00|2|12|五矿发展,211|1.60|12191.25|1.68|14|0|凯瑞德,231|-0.11|12177.76|1.79|5|9|江苏国泰,296|-0.96|12061.39|1.71|3|11|江苏国泰,304|-0.96|11945.05|1.82|3|11|苏豪时尚,224|0.25|11975.17|2.20|8|5|怡 亚 通,225|-1.46|11800.53|2.13|0|13|苏豪汇鸿,241|0.49|11858.05|1.88|10|3|苏美达,363|-3.03|11498.57|1.82|0|14|南京商旅,78|-1.11|11371.36|2.60|4|10|怡 亚 通,237|-5.23|10776.22|2.90|1|13|怡 亚 通,27|4.95|11309.62|3.07|14|0|苏美达,199|2.15|11552.87|2.48|15|1|五矿发展,139|-0.87|11452.68|3.06|3|11|南京商旅,281|1.05|11573.25|2.29|12|4|南京商旅,331|-0.07|11564.79|2.16|6|9|厦门信达,92|-0.44|11513.99|2.94|3|12|南京商旅,375|0.64|11588.1|2.61|10|4|凯瑞德,157|-0.97|11476.23|2.14|4|12|凯瑞德,436|-3.55|11068.61|2.23|0|16|江苏国泰,94|2.33|11326.09|2.81|14|2|南京商旅,362|2.36|11593.1|2.95|14|2|苏美达,427|-2.32|11324.27|2.07|1|15|苏豪弘业,387|0.16|11342.1|2.21|10|4|东方创业,384|-0.56|11278.91|2.07|5|11|中信金属,361|0.14|11294.47|2.01|10|5|怡 亚 通,202|-0.32|11257.95|1.84|5|10|苏美达,339|0.91|11360.89|1.61|13|2|物产环能,364|-0.65|11287.25|2.59|3|12|怡 亚 通,289|0.51|11344.4|2.05|11|5|苏美达,378|-0.81|11252.45|1.69|4|11|物产环能,178|0.50|11309.23|1.73|7|6|中信金属,222|-0.79|11219.35|1.95|3|12|*ST沪科
BK1551|百货,,,,,,,,,,,,,,,,,,,,,,,,,,,,,,,,,,,,,,,,,,,,,,,,,,,,,,,,,,,,,,,,,,,,,,,317|0.87|2322.51|1.53|17|2|大连友谊,168|1.21|2350.64|2.03|19|1|茂业商业,430|-1.31|2319.93|1.69|2|20|友阿股份,201|0.75|2337.37|1.43|18|2|翠微股份,445|-3.53|2254.85|2.41|0|22|百大集团,115|-1.44|2222.3|2.44|3|18|翠微股份,286|-0.88|2202.84|1.70|4|13|翠微股份,96|1.76|2241.61|1.64|22|0|茂业商业,305|1.19|2268.23|1.62|18|3|大连友谊,249|-0.96|2246.53|1.69|2|20|新世界,323|0.99|2268.8|1.65|19|2|新世界,316|-0.43|2259.04|1.68|4|15|新世界,170|-0.33|2251.59|1.70|6|16|新世界,245|-0.62|2237.67|1.78|7|14|友阿股份,146|0.66|2252.48|1.83|17|5|翠微股份,209|-1.35|2222.06|1.83|1|21|华联股份,416|-0.75|2205.42|1.69|5|16|广百股份,197|-2.25|2155.7|1.58|0|21|天虹股份,333|-2.66|2098.39|1.66|0|21|天虹股份,304|-5.59|1981.06|2.34|0|21|茂业商业,114|4.03|2060.93|1.93|21|0|大东方,271|1.81|2098.27|1.76|20|0|天虹股份,161|-0.98|2077.67|1.57|3|17|天虹股份,298|0.99|2098.34|1.35|18|2|大连友谊,194|0.49|2108.72|1.65|15|5|武商集团,269|-1.36|2080.1|1.98|1|20|中兴商业,402|0.39|2088.3|1.61|14|5|友阿股份,181|-1.19|2063.55|1.25|1|19|东百集团,348|-2.91|2003.54|1.49|0|21|徐家汇,93|2.37|2051|1.44|21|0|大连友谊,368|2.30|2098.26|1.89|21|0|供销大集,404|-2.15|2053.13|1.44|1|20|大连友谊,234|0.83|2070.27|1.09|18|3|宁波中百,306|-0.20|2066.2|1.17|8|10|华联股份,269|0.54|2077.35|1.32|16|3|华联股份,296|-0.68|2063.14|1.67|4|16|东百集团,269|1.22|2088.3|1.26|20|0|大连友谊,281|-0.23|2083.58|1.75|7|14|东百集团,429|-0.19|2079.71|1.44|8|11|宁波中百,175|0.05|2080.7|1.82|5|15|中兴商业,479|-1.44|2050.75|1.50|0|21|友阿股份,126|-0.17|2047.27|1.76|4|16|中兴商业
BK1552|超市,,,,,,,,,,,,,,,,,,,,,,,,,,,,,,,,,,,,,,,,,,,,,,,,,,,,,,,,,,,,,,,,,,,,,,,385|0.38|2127.63|1.45|6|0|家家悦,363|0.37|2135.4|1.51|6|1|三江购物,481|-2.27|2086.95|2.25|0|7|红旗连锁,292|0.37|2094.75|1.46|6|1|红旗连锁,428|-3.32|2025.11|2.40|0|7|红旗连锁,84|-0.93|2006.2|3.08|2|5|中百集团,440|-1.88|1968.4|2.07|1|6|三江购物,99|1.75|2002.9|2.01|7|0|三江购物,390|0.66|2016.02|1.53|6|1|中百集团,312|-1.28|1990.24|1.56|0|7|家家悦,326|0.97|2009.59|1.14|7|0|三江购物,437|-0.96|1990.38|1.33|1|6|步步高,321|-1.07|1968.99|1.39|0|7|永辉超市,278|-0.84|1952.46|1.58|2|5|红旗连锁,138|0.70|1966.07|1.15|6|0|三江购物,76|-0.42|1957.84|1.74|2|5|步步高,405|-0.69|1944.4|1.68|1|6|三江购物,114|-1.79|1909.69|2.12|1|6|永辉超市,330|-2.61|1859.83|1.78|0|7|家家悦,207|-5.07|1765.45|2.16|0|7|国光连锁,108|4.09|1837.64|1.82|7|0|国光连锁,155|2.32|1880.32|2.36|7|0|永辉超市,214|-1.19|1857.96|1.57|0|6|红旗连锁,355|0.79|1872.56|1.06|7|0|三江购物,149|0.73|1886.15|1.12|6|1|红旗连锁,131|-0.70|1872.88|1.41|2|5|家家悦,314|1.02|1892.07|1.03|6|1|家家悦,197|-1.29|1867.64|1.05|2|5|家家悦,283|-2.57|1819.67|0.91|0|7|家家悦,267|1.16|1840.76|0.90|6|1|中百集团,316|2.83|1892.89|1.34|7|0|三江购物,467|-2.77|1840.4|1.22|0|7|家家悦,282|0.69|1853.02|0.96|6|1|国光连锁,224|0.18|1856.41|1.38|3|3|永辉超市,178|0.93|1873.65|1.57|6|1|永辉超市,134|0.07|1874.99|1.45|3|3|家家悦,349|0.86|1891.08|1.51|7|0|永辉超市,132|0.68|1904|3.94|4|3|永辉超市,489|-1.07|1883.69|2.58|1|6|三江购物,211|-0.11|1881.54|2.15|2|5|国光连锁,492|-2.68|1831.11|1.82|0|7|红旗连锁,167|-0.49|1822.13|2.45|3|4|永辉超市
BK1553|多业态零售,,,,,,,,,,,,,,,,,,,,,,,,,,,,,,,,,,,,,,,,,,,,,,,,,,,,,,,,,,,,,,,,,,,,,,,341|0.78|1770.35|2.06|13|3|新华百货,376|0.31|1775.77|1.94|7|8|新华百货,463|-1.70|1745.51|2.10|0|16|百联Ｂ股,194|0.83|1759.95|2.40|13|3|赫美集团,245|-2.06|1723.74|3.41|1|15|赫美集团,162|-2.12|1687.15|4.18|0|16|通程控股,382|-1.28|1665.52|2.65|1|15|上海九百,242|0.95|1681.36|2.23|15|0|上海九百,230|1.56|1707.52|2.02|14|1|欧亚集团,234|-0.90|1692.18|2.21|0|15|百联股份,322|1.00|1709.11|1.71|15|1|欧亚集团,313|-0.41|1702.08|1.68|4|9|百联Ｂ股,194|-0.49|1693.72|1.93|6|10|合百集团,110|0.13|1695.96|3.08|7|9|赫美集团,163|0.56|1705.44|2.39|10|4|上海九百,222|-1.43|1681|2.67|2|13|重庆百货,368|-0.41|1674.07|2.41|7|9|合百集团,206|-2.28|1635.91|1.91|0|16|百联Ｂ股,334|-2.66|1592.32|2.11|0|16|百联Ｂ股,206|-5.06|1511.71|2.30|0|16|百联Ｂ股,196|3.50|1564.56|2.03|16|0|合百集团,339|1.53|1588.51|1.54|16|0|汇嘉时代,210|-1.18|1569.8|1.29|1|15|百联股份,292|1.03|1585.97|1.27|15|1|上海九百,241|0.32|1591|1.23|10|5|欧亚集团,200|-1.07|1573.95|1.26|2|14|百联股份,400|0.42|1580.59|1.27|12|3|新华百货,213|-1.38|1558.71|1.23|1|14|大商股份,321|-2.78|1515.44|1.19|0|15|百联Ｂ股,124|1.98|1545.37|1.22|14|1|友好集团,345|2.57|1585.16|1.40|16|0|新华百货,377|-2.02|1553.16|1.28|0|16|赫美集团,28|2.10|1585.73|2.13|14|1|文峰股份,283|-0.09|1584.32|2.13|5|10|通程控股,322|0.31|1589.21|1.87|7|3|汇嘉时代,218|-0.36|1583.42|1.71|5|11|汇嘉时代,272|1.22|1602.66|1.80|14|2|汇嘉时代,344|-0.53|1594.12|2.22|3|13|文峰股份,436|-0.23|1590.53|2.46|9|6|文峰股份,319|-0.54|1581.91|1.80|4|12|通程控股,441|-0.93|1567.21|1.69|3|13|汇嘉时代,145|-0.39|1561.13|1.79|4|9|大商股份
BK1554|商业物业经营,,,,,,,,,,,,,,,,,,,,,,,,,,,,,,,,,,,,,,,,,,,,,,,,,,,,,,,,,,,,,,,,,,,,,,,349|0.70|1974.76|0.78|11|3|全新好,164|1.26|1999.64|0.98|12|3|锦和商管,337|-0.69|1985.82|1.04|3|12|锦和商管,308|0.29|1991.65|0.68|11|4|全新好,214|-1.76|1956.58|1.27|1|14|农 产 品,219|-2.65|1904.67|1.17|1|15|浙江东日,212|-0.58|1893.66|0.89|3|11|全新好,313|0.62|1905.49|0.78|12|3|富森美,286|1.29|1930.13|0.69|14|1|农 产 品,227|-0.88|1913.13|0.72|1|15|浙江东日,256|1.41|1940.2|0.64|14|2|全新好,275|-0.27|1934.89|0.65|6|8|农 产 品,203|-0.57|1923.82|0.67|4|10|富森美,154|-0.14|1921.17|0.76|5|9|汇通能源,79|1.15|1943.24|0.79|11|4|汇通能源,75|-0.42|1935.14|1.05|5|10|全新好,334|-0.15|1932.22|0.84|5|10|汇通能源,234|-2.44|1885.1|0.73|0|16|深赛格B,68|-0.97|1866.87|0.78|3|11|浙江东日,388|-5.92|1756.35|1.21|0|16|深赛格B,328|2.90|1807.28|0.99|15|0|德必集团,387|1.24|1829.61|0.87|12|4|华远控股,268|-1.49|1802.35|0.72|0|16|汇通能源,428|0.36|1808.8|0.74|12|3|德必集团,312|-0.01|1808.54|0.74|7|8|锦和商管,283|-1.42|1782.83|0.76|4|12|深赛格B,380|0.62|1793.84|0.75|10|5|小商品城,326|-1.87|1760.22|0.62|0|16|农 产 品,254|-2.44|1717.3|0.57|0|16|深赛格B,173|1.58|1744.39|0.67|13|3|华远控股,248|3.43|1804.24|1.33|16|0|华远控股,157|-0.80|1789.75|1.50|2|14|华远控股,65|1.68|1819.82|1.41|15|1|华远控股,94|0.90|1836.25|1.33|6|9|华远控股,91|1.57|1864.98|1.35|11|3|华远控股,105|0.22|1869.17|2.78|5|10|居然智家,459|0.03|1869.66|2.58|10|5|锦和商管,226|0.03|1870.15|2.10|6|8|豫园股份,454|-0.40|1862.61|2.00|5|11|全新好,221|-0.15|1859.83|1.55|7|9|农 产 品,329|-0.20|1856.1|1.42|8|7|深 赛 格,64|0.55|1866.3|2.23|7|8|小商品城
BK1555|专业连锁Ⅲ,,,,,,,,,,,,,,,,,,,,,,,,,,,,,,,,,,,,,,,,,,,,,,,,,,,,,,,,,,,,,,,,,,,,,,,321|0.86|1663.73|2.61|5|2|爱施德,180|1.13|1682.53|2.69|6|1|吉峰科技,154|0.37|1688.83|3.44|5|1|爱施德,164|0.97|1705.29|3.55|5|2|博士眼镜,182|-1.42|1681.13|3.97|1|6|天音控股,212|-2.61|1637.24|4.22|0|7|爱婴室,479|-3.02|1587.78|4.60|0|7|天音控股,403|-0.13|1585.67|3.31|4|3|博士眼镜,392|0.65|1595.95|2.68|5|2|爱婴室,460|-2.55|1555.26|4.01|0|7|华致酒行,87|2.50|1594.16|2.71|7|0|爱施德,219|-0.06|1593.15|2.49|3|4|天音控股,425|-1.57|1568.21|2.07|0|7|华致酒行,88|0.28|1572.58|2.84|3|4|天音控股,220|0.26|1576.74|2.13|4|2|吉峰科技,291|-1.79|1548.46|2.41|1|6|吉峰科技,302|0.11|1550.13|1.83|4|3|吉峰科技,127|-1.89|1520.76|1.95|0|7|天音控股,339|-2.69|1479.8|2.36|0|7|吉峰科技,430|-6.18|1388.39|3.81|0|7|吉峰科技,109|4.09|1445.14|2.86|7|0|吉峰科技,166|2.27|1477.93|2.71|7|0|天音控股,224|-1.24|1459.65|2.22|0|6|吉峰科技,129|1.76|1485.31|1.75|7|0|爱施德,150|0.72|1496.04|2.61|5|1|爱施德,95|-0.45|1489.33|2.30|1|6|吉峰科技,319|0.98|1503.93|1.94|5|2|吉峰科技,82|-0.20|1500.97|2.03|1|6|吉峰科技,149|-1.78|1474.21|2.58|2|5|爱施德,276|1.12|1490.79|1.95|7|0|孩子王,245|3.44|1542.09|2.94|7|0|华致酒行,144|-0.72|1530.93|2.94|2|5|博士眼镜,349|0.39|1536.84|2.53|5|2|爱婴室,259|0.01|1537.05|2.65|4|3|爱施德,450|-0.55|1528.66|2.17|4|3|博士眼镜,62|0.74|1539.98|3.17|4|3|孩子王,293|1.12|1557.25|2.51|6|0|华致酒行,188|0.30|1561.95|2.50|4|3|天音控股,324|0.37|1567.7|4.85|6|1|吉峰科技,435|-1.19|1549.06|2.86|0|7|天音控股,42|1.72|1575.72|3.41|7|0|天音控股,117|-0.11|1574.05|4.94|3|3|天音控股
BK1556|教育运营及其他,,,,,,,,,,,,,,,,,,,,,,,,,,,,,,,,,,,,,,,,,,,,,,,,,,,,,,,,,,,,,,,,,,,,,,,439|-0.33|1994|3.39|2|1|*ST国化,417|0.11|1996.15|3.19|2|1|豆神教育,454|-1.63|1963.67|3.13|0|3|*ST国化,85|1.83|1999.68|4.26|3|0|豆神教育,491|-4.75|1904.67|5.07|0|3|*ST国化,372|-4.11|1826.44|3.84|0|3|*ST国化,52|0.87|1842.32|2.37|2|0|豆神教育,132|1.55|1870.79|2.94|3|0|豆神教育,381|0.73|1884.42|1.85|2|1|*ST国化,121|-0.16|1881.37|2.22|2|1|豆神教育,387|0.62|1893.04|2.38|3|0|*ST国化,427|-0.90|1875.98|1.83|1|2|*ST国化,413|-1.51|1847.7|1.75|0|3|博瑞传播,336|-1.12|1827.09|1.98|1|2|*ST国化,97|0.99|1845.2|1.65|3|0|博瑞传播,254|-1.58|1815.98|1.93|0|3|*ST国化,146|1.14|1836.61|1.58|3|0|博瑞传播,286|-2.65|1787.88|1.69|0|3|博瑞传播,453|-3.56|1724.31|2.09|0|3|豆神教育,425|-6.16|1618.04|3.07|0|3|豆神教育,311|2.96|1665.86|2.03|3|0|博瑞传播,45|3.14|1718.23|2.34|3|0|豆神教育,338|-1.80|1687.31|1.73|0|3|*ST国化,353|0.79|1700.7|1.25|3|0|博瑞传播,321|-0.04|1699.94|1.50|1|2|博瑞传播,186|-0.98|1683.22|1.98|1|2|豆神教育,397|0.45|1690.84|1.56|2|0|博瑞传播,271|-1.64|1663.15|1.37|1|2|*ST国化,300|-2.67|1618.75|1.22|0|3|豆神教育,223|1.34|1640.5|1.20|3|0|博瑞传播,109|4.82|1719.57|2.77|3|0|豆神教育,472|-2.89|1669.81|1.92|0|3|*ST国化,53|1.76|1699.21|1.96|3|0|*ST国化,491|-2.09|1663.7|1.42|0|3|豆神教育,454|-0.67|1652.6|2.25|2|1|博瑞传播,268|-0.54|1643.6|4.06|1|2|博瑞传播,495|-1.58|1617.56|3.91|1|2|豆神教育,483|-2.24|1581.35|2.52|0|3|博瑞传播,210|0.85|1594.87|4.28|2|1|博瑞传播,29|1.56|1619.79|3.83|2|1|博瑞传播,496|-3.85|1557.41|3.44|0|3|豆神教育,462|-2.80|1513.76|2.59|0|3|博瑞传播
BK1557|培训教育,,,,,,,,,,,,,,,,,,,,,,,,,,,,,,,,,,,,,,,,,,,,,,,,,,,,,,,,,,,,,,,,,,,,,,,446|-0.48|5061.02|2.10|6|4|*ST传智,313|0.56|5089.53|3.08|7|4|中公教育,396|-0.97|5039.98|2.57|1|10|*ST传智,62|2.24|5152.83|6.68|9|2|中公教育,451|-3.66|4964.18|5.16|1|10|行动教育,330|-3.59|4785.85|4.45|0|11|行动教育,186|-0.42|4765.69|2.76|5|6|ST东时,14|3.29|4922.56|5.08|11|0|行动教育,285|1.30|4986.33|2.68|11|0|ST开元,113|-0.08|4982.5|2.85|4|7|创业黑马,298|1.16|5040.51|2.06|8|2|中国高科,315|-0.43|5019.02|1.92|4|7|行动教育,93|0.23|5030.57|3.16|4|7|创业黑马,252|-0.67|4996.93|3.31|5|6|行动教育,82|1.11|5052.4|2.31|9|2|ST开元,375|-2.41|4930.47|2.09|1|10|学大教育,202|0.81|4970.41|1.76|7|3|全通教育,284|-2.65|4838.92|2.01|0|11|科德教育,344|-2.73|4706.97|2.18|1|10|中国高科,259|-5.39|4453.25|3.16|1|10|行动教育,201|3.48|4608.18|2.39|10|1|中国高科,54|2.99|4746.09|3.13|10|1|科德教育,416|-2.28|4637.71|2.32|1|10|中国高科,221|1.27|4696.39|1.69|10|1|中国高科,343|-0.14|4689.9|1.75|5|4|行动教育,238|-1.22|4632.73|1.73|1|10|ST开元,207|1.61|4707.43|1.57|10|1|中国高科,376|-2.20|4603.95|1.57|1|10|行动教育,133|-1.68|4526.71|1.40|2|9|行动教育,220|1.36|4588.13|1.15|10|1|科德教育,223|3.65|4755.61|2.46|11|0|学大教育,349|-1.87|4666.8|1.74|1|10|ST东时,57|1.71|4746.63|2.40|10|1|学大教育,358|-0.46|4724.73|1.67|3|6|*ST传智,351|0.17|4732.65|1.80|7|3|创业黑马,133|0.08|4736.41|1.28|3|7|行动教育,79|2.23|4841.96|1.81|11|0|行动教育,397|-0.95|4795.87|2.24|3|8|科德教育,490|-1.24|4736.47|1.74|3|7|*ST传智,44|1.19|4792.61|1.76|5|6|行动教育,183|0.47|4815.06|1.91|5|5|学大教育,176|-0.55|4788.78|1.85|3|8|行动教育
BK1558|学历教育,,,,,,,,,,,,,,,,,,,,,,,,,,,,,,,,,,,,,,,,,,,,,,,,,,,,,,,,,,,,,,,,,,,,,,,201|1.64|2878.16|2.32|2|0|凯文教育,484|-0.66|2859.06|2.49|1|1|国脉科技,409|-1.09|2828.03|1.89|0|2|国脉科技,209|0.72|2848.39|2.34|2|0|国脉科技,485|-4.53|2719.46|3.20|0|2|国脉科技,396|-4.45|2598.5|3.07|0|2|凯文教育,267|-0.81|2577.43|1.89|0|2|国脉科技,40|2.35|2638.01|2.01|2|0|凯文教育,307|1.18|2669.22|1.40|2|0|凯文教育,172|-0.59|2653.47|1.89|1|1|国脉科技,253|1.44|2691.7|1.56|2|0|国脉科技,412|-0.82|2669.58|1.45|0|2|国脉科技,394|-1.38|2632.74|1.28|0|2|国脉科技,374|-1.32|2597.92|1.23|0|2|凯文教育,141|0.69|2615.8|0.98|2|0|凯文教育,373|-2.41|2552.76|1.31|0|2|国脉科技,98|1.60|2593.59|1.34|2|0|国脉科技,269|-2.57|2526.83|1.65|0|2|国脉科技,438|-3.37|2441.69|1.77|0|2|凯文教育,462|-6.51|2282.76|2.62|0|2|凯文教育,338|2.86|2348.1|1.93|2|0|凯文教育,156|2.32|2402.6|1.59|2|0|凯文教育,417|-2.28|2347.73|1.27|0|2|国脉科技,280|1.05|2372.47|0.92|2|0|凯文教育,243|0.31|2379.75|1.10|2|0|国脉科技,149|-0.83|2360.02|1.15|0|2|国脉科技,268|1.30|2390.81|1.08|2|0|凯文教育,451|-2.88|2321.99|1.38|0|2|国脉科技,336|-2.84|2255.98|1.32|0|2|国脉科技,87|2.45|2311.14|1.46|2|0|凯文教育,140|4.46|2414.25|1.70|2|0|国脉科技,343|-1.84|2369.8|1.33|0|2|凯文教育,138|1.20|2398.29|1.23|2|0|凯文教育,377|-0.52|2385.8|0.91|1|1|国脉科技,264|0.56|2399.08|1.14|2|0|国脉科技,315|-0.78|2380.29|0.95|0|2|国脉科技,170|1.65|2419.47|1.45|2|0|凯文教育,471|-1.60|2380.64|1.41|0|2|国脉科技,242|0.75|2398.4|1.30|2|0|凯文教育,422|-1.11|2371.76|1.33|0|2|凯文教育,119|0.86|2392.21|1.68|1|1|国脉科技,143|-0.36|2383.61|2.39|1|1|凯文教育
BK1559|餐饮,,,,,,,,,,,,,,,,,,,,,,,,,,,,,,,,,,,,,,,,,,,,,,,,,,,,,,,,,,,,,,,,,,,,,,,426|-0.10|1792.89|2.14|1|3|*ST云网,133|1.55|1820.68|2.12|4|0|*ST云网,165|0.31|1826.37|1.85|1|3|同庆楼,210|0.72|1839.45|2.82|4|0|*ST云网,200|-1.58|1810.37|3.81|1|3|*ST云网,168|-2.20|1770.46|3.47|0|4|西安饮食,418|-1.50|1743.82|1.99|0|4|西安饮食,187|1.25|1765.66|2.55|3|1|*ST云网,431|0.07|1766.95|3.84|3|1|全 聚 德,463|-2.58|1721.45|1.76|0|4|西安饮食,334|0.89|1736.79|2.79|4|0|西安饮食,287|-0.31|1731.4|1.81|1|3|*ST云网,131|-0.11|1729.57|1.60|2|2|*ST云网,76|0.35|1735.64|1.75|1|1|*ST云网,175|0.45|1743.49|1.56|3|0|全 聚 德,241|-1.53|1716.9|2.25|0|4|全 聚 德,399|-0.62|1706.24|1.74|0|3|*ST云网,144|-1.96|1672.76|1.38|0|4|同庆楼,184|-1.95|1640.22|1.56|0|4|西安饮食,268|-5.43|1551.08|2.24|0|4|*ST云网,237|3.29|1602.1|1.55|4|0|西安饮食,66|2.85|1647.67|1.63|4|0|*ST云网,144|-0.90|1632.76|1.33|0|4|全 聚 德,207|1.33|1654.54|1.25|4|0|*ST云网,155|0.69|1665.94|2.51|2|2|*ST云网,98|-0.46|1658.23|2.05|2|2|同庆楼,102|2.14|1693.75|1.87|4|0|同庆楼,153|-0.93|1677.99|2.77|1|3|*ST云网,205|-2.13|1642.18|2.23|0|4|*ST云网,213|1.38|1664.9|2.08|4|0|全 聚 德,373|2.22|1701.88|3.00|3|0|西安饮食,129|-0.66|1690.58|3.21|1|3|*ST云网,348|0.39|1697.19|3.31|3|1|西安饮食,432|-0.92|1681.52|2.30|1|3|西安饮食,402|-0.13|1679.32|1.57|1|3|同庆楼,46|1.10|1697.79|2.61|3|1|西安饮食,185|1.60|1724.95|2.88|4|0|西安饮食,449|-1.38|1701.1|1.87|0|3|*ST云网,435|-0.21|1697.49|2.03|2|2|同庆楼,328|-0.59|1687.39|1.73|1|3|*ST云网,472|-1.28|1665.77|1.37|0|4|同庆楼,71|0.40|1672.39|1.58|2|2|同庆楼
BK1560|酒店,,,,,,,,,,,,,,,,,,,,,,,,,,,,,,,,,,,,,,,,,,,,,,,,,,,,,,,,,,,,,,,,,,,,,,,463|-1.19|2685.04|2.14|2|4|锦江酒店,318|0.53|2699.32|1.51|4|2|华天酒店,309|-0.59|2683.41|1.54|2|4|首旅酒店,22|3.43|2775.32|2.02|6|0|锦江酒店,333|-2.56|2704.18|1.71|0|6|锦江Ｂ股,85|-0.96|2678.14|1.67|1|5|首旅酒店,230|-0.64|2660.87|1.40|1|4|君亭酒店,419|-0.26|2653.93|1.32|4|2|华天酒店,265|1.39|2690.89|1.26|5|1|华天酒店,397|-1.70|2645.21|1.37|0|6|锦江Ｂ股,141|2.08|2700.2|1.18|6|0|君亭酒店,410|-0.81|2678.35|1.05|1|5|锦江酒店,48|1.01|2705.31|1.22|4|2|首旅酒店,41|0.71|2724.65|1.31|4|2|首旅酒店,371|-0.61|2707.96|1.32|2|4|金陵饭店,14|1.46|2747.55|1.85|5|1|首旅酒店,396|-0.60|2731.05|1.16|1|4|华天酒店,59|-0.97|2704.44|1.27|1|5|首旅酒店,42|-0.36|2694.79|1.49|2|4|锦江酒店,487|-7.47|2493.47|2.33|0|6|锦江Ｂ股,297|3.01|2568.47|1.61|6|0|金陵饭店,22|3.78|2665.43|1.73|6|0|华天酒店,99|-0.59|2649.78|1.77|2|4|金陵饭店,303|0.98|2675.8|1.37|6|0|君亭酒店,417|-0.59|2660.05|1.75|4|2|华天酒店,52|0.07|2661.93|2.31|4|2|金陵饭店,17|4.16|2772.64|2.59|6|0|锦江酒店,414|-2.46|2704.31|2.26|0|6|锦江Ｂ股,278|-2.53|2635.89|1.58|0|5|锦江Ｂ股,377|0.61|2651.84|1.93|3|3|金陵饭店,230|3.56|2746.29|2.36|6|0|君亭酒店,424|-2.29|2683.37|1.87|1|5|锦江Ｂ股,420|-0.02|2682.88|1.57|2|4|君亭酒店,375|-0.51|2669.12|1.48|1|5|首旅酒店,472|-1.10|2639.67|1.98|1|5|君亭酒店,28|1.34|2675.08|2.08|6|0|首旅酒店,180|1.61|2718.12|2.28|6|0|金陵饭店,496|-3.01|2636.22|2.52|0|6|锦江Ｂ股,358|0.26|2643.06|2.07|3|3|金陵饭店,239|-0.21|2637.4|1.94|3|2|首旅酒店,242|0.18|2642.27|2.35|3|3|金陵饭店,149|-0.41|2631.33|2.21|3|3|锦江酒店
BK1561|旅游综合,,,,,,,,,,,,,,,,,,,,,,,,,,,,,,,,,,,,,,,,,,,,,,,,,,,,,,,,,,,,,,,,,,,,,,,489|-3.70|2303.21|4.68|0|6|锦旅Ｂ股,230|0.85|2322.83|2.58|7|1|西安旅游,459|-1.67|2284.1|3.19|0|8|岭南控股,98|1.67|2322.31|2.40|7|1|三峡旅游,455|-3.72|2235.81|4.42|1|7|岭南控股,129|-1.69|2198.02|3.36|1|7|陕西旅游,243|-0.68|2183.16|2.65|4|4|锦旅Ｂ股,343|0.38|2191.47|2.25|3|4|天府文旅,151|2.02|2235.77|2.56|8|0|西安旅游,309|-1.27|2207.4|2.39|1|7|岭南控股,96|2.46|2261.74|2.45|8|0|三峡旅游,413|-0.83|2242.96|1.99|0|8|岭南控股,105|0.15|2246.36|1.87|4|4|陕西旅游,120|0.05|2247.48|2.74|1|7|三峡旅游,57|1.42|2279.49|2.50|7|1|岭南控股,119|-0.81|2261.02|2.43|2|6|陕西旅游,455|-1.13|2235.5|2.33|2|6|岭南控股,270|-2.58|2177.91|2.19|0|8|三峡旅游,48|-0.53|2166.29|2.35|2|6|三峡旅游,417|-6.12|2033.62|3.45|0|8|锦旅Ｂ股,399|2.46|2083.74|3.38|6|1|西安旅游,44|3.19|2150.19|2.67|8|0|岭南控股,117|-0.72|2134.68|2.02|1|7|陕西旅游,322|0.90|2153.94|1.83|7|1|凯撒旅业,468|-1.64|2118.66|2.01|0|7|众信旅游,297|-1.48|2087.2|2.49|1|7|天府文旅,111|2.09|2130.78|2.80|7|1|岭南控股,381|-2.25|2082.75|2.20|0|8|三峡旅游,356|-2.92|2021.83|1.99|0|8|锦旅Ｂ股,330|0.83|2038.54|1.99|6|2|天府文旅,148|4.36|2127.36|2.85|8|0|岭南控股,488|-3.34|2056.41|2.77|0|8|锦旅Ｂ股,302|0.61|2069.01|3.01|5|3|凯撒旅业,163|0.46|2078.53|2.28|5|2|锦旅Ｂ股,300|0.42|2087.3|2.25|4|2|陕西旅游,65|0.71|2102.07|3.34|4|4|西安旅游,56|2.53|2155.33|4.17|8|0|西安旅游,493|-2.67|2097.82|3.49|0|8|锦旅Ｂ股,460|-0.49|2087.54|3.40|2|6|天府文旅,455|-1.34|2059.51|2.91|1|7|锦旅Ｂ股,482|-1.50|2028.64|2.55|1|7|锦旅Ｂ股,297|-1.22|2003.8|2.74|3|5|陕西旅游
BK1562|人工景区,,,,,,,,,,,,,,,,,,,,,,,,,,,,,,,,,,,,,,,,,,,,,,,,,,,,,,,,,,,,,,,,,,,,,,,478|-1.96|3273.73|3.02|0|5|曲江文旅,304|0.60|3293.32|1.96|4|1|大连圣亚,382|-0.89|3264.1|1.85|0|5|大连圣亚,147|1.09|3299.67|1.47|5|0|大连圣亚,280|-2.25|3225.44|2.51|1|4|大连圣亚,121|-1.50|3176.91|2.51|1|4|宋城演艺,300|-0.92|3147.57|2.04|1|4|大连圣亚,262|0.86|3174.71|1.56|5|0|大连圣亚,62|2.85|3265.13|2.31|5|0|宋城演艺,144|-0.40|3252.16|1.72|1|4|大连圣亚,367|0.74|3276.12|1.53|4|1|曲江文旅,267|-0.25|3267.93|1.21|1|4|大连圣亚,188|-0.46|3252.8|1.06|1|3|中青旅,308|-0.98|3220.78|1.35|0|5|宋城演艺,152|0.63|3241.04|1.26|4|1|云南旅游,327|-2.13|3171.93|1.44|0|5|中青旅,272|0.28|3180.93|1.20|2|3|大连圣亚,68|-1.22|3142.24|1.15|0|5|大连圣亚,82|-1.12|3106.91|1.39|0|5|中青旅,190|-4.99|2951.78|2.28|0|5|大连圣亚,132|3.92|3067.63|1.46|5|0|曲江文旅,73|2.79|3153.3|1.43|5|0|大连圣亚,74|-0.27|3144.76|1.20|2|3|大连圣亚,390|0.64|3164.92|1.07|4|1|曲江文旅,451|-1.20|3127.09|1.00|0|4|中青旅,66|-0.15|3122.43|1.40|2|3|云南旅游,289|1.22|3160.43|1.40|3|2|大连圣亚,402|-2.37|3085.41|1.11|0|5|中青旅,204|-2.12|3020.06|0.96|0|5|中青旅,168|1.60|3068.47|0.82|5|0|曲江文旅,247|3.44|3173.99|1.71|5|0|大连圣亚,441|-2.41|3097.39|1.22|0|5|中青旅,242|0.81|3122.63|1.18|5|0|曲江文旅,368|-0.48|3107.61|0.88|1|4|曲江文旅,409|-0.20|3101.46|1.05|2|3|中青旅,72|0.60|3120.03|1.63|4|1|大连圣亚,141|1.78|3175.53|2.55|5|0|云南旅游,478|-1.85|3116.85|1.76|0|5|中青旅,420|-0.13|3112.8|1.32|2|3|宋城演艺,337|-0.63|3093.33|1.35|1|4|曲江文旅,467|-1.20|3056.12|1.28|0|5|中青旅,366|-1.71|3003.91|1.26|0|5|中青旅
BK1563|自然景区,,,,,,,,,,,,,,,,,,,,,,,,,,,,,,,,,,,,,,,,,,,,,,,,,,,,,,,,,,,,,,,,,,,,,,,476|-1.86|3303.09|2.45|1|10|ST张家界,220|0.90|3332.76|1.91|10|1|西域旅游,259|-0.29|3323.09|2.01|3|10|三特索道,110|1.53|3373.85|2.00|13|0|三特索道,283|-2.26|3297.58|2.51|0|13|黄山Ｂ股,57|-0.23|3289.93|2.47|5|8|三特索道,155|-0.24|3281.96|1.88|6|7|西域旅游,384|0.05|3283.63|1.85|7|5|ST张家界,155|1.98|3348.72|1.85|13|0|西藏旅游,202|-0.74|3324.1|1.86|2|11|西藏旅游,147|2.02|3391.35|1.97|13|0|三特索道,312|-0.41|3377.56|1.68|2|9|ST张家界,84|0.32|3388.36|1.60|7|5|黄山旅游,69|0.43|3402.81|2.41|10|3|黄山旅游,56|1.43|3451.35|2.87|12|0|桂林旅游,141|-0.93|3419.3|2.11|1|11|九华旅游,414|-0.74|3393.98|1.80|2|11|西藏旅游,122|-1.86|3330.92|1.54|0|13|祥源文旅,30|0.08|3333.67|1.98|6|6|九华旅游,488|-7.50|3083.76|3.75|0|13|黄山Ｂ股,178|3.61|3195.01|2.78|13|0|三特索道,47|3.12|3294.57|2.80|13|0|桂林旅游,157|-0.96|3262.87|3.03|2|11|桂林旅游,339|0.82|3289.55|2.75|12|1|祥源文旅,430|-0.78|3263.76|1.98|2|11|ST张家界,130|-0.70|3240.81|2.63|2|11|桂林旅游,81|2.31|3315.72|2.61|12|1|九华旅游,321|-1.85|3254.3|2.20|1|12|三特索道,396|-3.21|3149.76|2.29|0|13|黄山Ｂ股,224|1.34|3192.02|2.14|10|3|桂林旅游,242|3.46|3302.61|2.95|12|0|桂林旅游,479|-2.99|3203.95|3.71|0|13|黄山Ｂ股,120|1.25|3244.07|4.04|11|2|西藏旅游,256|0.03|3244.91|3.32|4|9|西藏旅游,373|0.08|3247.41|4.16|8|5|桂林旅游,11|2.15|3317.23|6.25|10|1|丽江股份,34|3.02|3417.46|7.68|12|0|西藏旅游,484|-2.25|3340.49|6.67|1|12|西藏旅游,318|0.41|3354.09|6.01|6|6|丽江股份,407|-0.99|3320.86|5.48|2|11|西藏旅游,445|-0.99|3287.86|4.64|1|12|黄山Ｂ股,119|-0.13|3283.5|4.98|4|9|丽江股份
BK1564|体育Ⅲ,,,,,,,,,,,,,,,,,,,,,,,,,,,,,,,,,,,,,,,,,,,,,,,,,,,,,,,,,,,,,,,,,,,,,,,106|2.52|1230.25|2.49|2|0|中体产业,248|0.78|1239.79|2.44|1|2|中体产业,335|-0.69|1231.23|3.69|0|2|中体产业,92|1.73|1252.49|6.34|2|0|中体产业,208|-1.70|1231.15|6.00|0|1|中体产业,280|-3.19|1191.85|5.59|0|2|中体产业,464|-2.23|1165.28|3.67|0|2|中体产业,398|-0.03|1164.97|5.29|1|1|力盛体育,24|3.59|1206.75|4.20|2|0|力盛体育,71|0.60|1213.96|5.58|1|1|中体产业,77|2.59|1245.46|4.56|2|0|力盛体育,96|0.88|1256.44|7.21|1|1|中体产业,361|-1.26|1240.65|5.17|0|1|中体产业,411|-1.72|1219.31|4.12|0|2|力盛体育,10|3.08|1256.84|6.05|2|0|力盛体育,488|-4.61|1198.9|4.42|0|2|中体产业,66|1.78|1220.27|3.31|2|0|中体产业,244|-2.49|1189.94|3.51|0|2|中体产业,56|-0.77|1180.83|5.35|0|1|中体产业,481|-7.30|1094.61|5.88|0|2|中体产业,73|4.41|1142.92|5.47|2|0|力盛体育,1|7.95|1233.83|10.38|2|0|中体产业,493|-4.23|1181.65|11.98|0|2|中体产业,340|0.82|1191.29|8.25|2|0|力盛体育,6|4.15|1240.73|8.22|2|0|力盛体育,2|5.85|1313.35|13.08|2|0|中体产业,494|-5.99|1234.69|12.75|0|2|中体产业,76|-0.15|1232.85|10.12|1|1|中体产业,491|-5.53|1164.67|9.23|0|2|力盛体育,1|8.70|1266.03|13.12|2|0|中体产业,441|1.29|1282.3|13.50|2|0|力盛体育,304|-1.62|1261.55|8.79|0|1|中体产业,489|-1.92|1237.28|8.55|0|2|力盛体育,363|-0.47|1231.44|7.10|1|1|力盛体育,43|2.28|1259.55|7.50|2|0|力盛体育,212|-0.35|1255.19|6.26|1|1|力盛体育,117|1.89|1278.86|5.66|2|0|力盛体育,469|-1.59|1258.51|7.78|0|1|力盛体育,45|2.18|1286|7.51|2|0|中体产业,484|-1.82|1262.56|5.76|0|2|力盛体育,414|-0.73|1253.32|4.51|1|1|力盛体育,459|-2.76|1218.69|5.14|0|2|中体产业
BK1565|会展服务,,,,,,,,,,,,,,,,,,,,,,,,,,,,,,,,,,,,,,,,,,,,,,,,,,,,,,,,,,,,,,,,,,,,,,,475|-1.68|1321.6|1.41|0|3|米奥会展,292|0.63|1329.95|1.13|2|1|锋尚文化,432|-1.34|1312.11|1.06|0|3|锋尚文化,252|0.54|1319.18|0.90|3|0|兰生股份,481|-4.32|1262.25|1.65|0|3|兰生股份,233|-2.75|1227.51|1.38|0|3|米奥会展,214|-0.58|1220.4|1.07|1|2|锋尚文化,410|-0.18|1218.24|1.16|2|1|兰生股份,264|1.39|1235.22|0.89|3|0|米奥会展,317|-1.29|1219.25|1.22|0|3|锋尚文化,206|1.61|1238.91|0.80|3|0|米奥会展,276|-0.27|1235.51|0.85|1|2|锋尚文化,373|-1.31|1219.35|1.08|1|2|兰生股份,337|-1.12|1205.68|0.88|0|3|锋尚文化,103|0.88|1216.24|1.47|2|1|锋尚文化,232|-1.49|1198.09|1.41|0|3|米奥会展,160|1.08|1211.01|1.13|3|0|锋尚文化,125|-1.87|1188.33|0.99|0|3|米奥会展,255|-2.32|1160.76|0.93|0|3|锋尚文化,185|-4.97|1103.03|1.69|0|3|锋尚文化,422|2.08|1126.01|1.50|2|1|米奥会展,244|1.92|1147.66|1.10|3|0|米奥会展,270|-1.51|1130.36|1.63|0|3|米奥会展,237|1.22|1144.13|1.50|3|0|米奥会展,476|-2.09|1120.25|1.17|1|2|兰生股份,211|-1.12|1107.74|1.25|1|2|锋尚文化,191|1.68|1126.35|1.01|3|0|兰生股份,286|-1.71|1107.1|0.88|0|3|米奥会展,354|-2.92|1074.77|0.87|0|3|兰生股份,278|1.11|1086.71|0.61|3|0|米奥会展,176|4.02|1130.43|0.97|3|0|米奥会展,492|-3.44|1091.49|1.13|0|3|锋尚文化,66|1.66|1109.59|0.94|3|0|米奥会展,437|-0.96|1098.92|0.71|0|3|锋尚文化,273|0.52|1104.64|0.95|2|1|兰生股份,360|-0.97|1093.92|1.01|0|3|锋尚文化,244|1.35|1108.68|0.86|3|0|米奥会展,326|-0.43|1103.94|0.89|1|2|锋尚文化,220|0.82|1112.94|0.79|3|0|米奥会展,162|0.10|1114.1|0.87|1|2|锋尚文化,483|-1.64|1095.79|1.05|0|3|兰生股份,159|-0.47|1090.6|1.11|1|2|锋尚文化
BK1566|检测服务,,,,,,,,,,,,,,,,,,,,,,,,,,,,,,,,,,,,,,,,,,,,,,,,,,,,,,,,,,,,,,,,,,,,,,,197|1.66|9002.21|3.29|18|5|电科院,311|0.58|9054.42|3.47|16|7|中钢天源,132|0.60|9108.99|3.09|16|6|实朴检测,212|0.71|9173.63|3.15|14|9|信测标准,302|-2.41|8952.62|3.88|1|22|华测检测,376|-4.20|8576.65|3.84|0|23|中纺标,98|0.21|8594.45|3.07|11|12|电科院,87|1.81|8749.59|3.32|21|0|电科院,197|1.73|8900.81|3.23|22|1|谱尼测试,225|-0.86|8824.37|3.59|6|17|电科院,155|1.96|8997|2.79|21|2|信测标准,390|-0.71|8932.94|2.69|5|18|联检科技,276|-0.87|8855.63|2.54|6|17|天溯计量,385|-1.47|8725.34|2.55|3|20|天溯计量,226|0.25|8747.18|3.03|11|11|谱尼测试,266|-1.63|8604.93|2.79|3|20|天溯计量,58|1.95|8772.42|3.16|17|6|胜科纳米,412|-3.35|8478.17|2.70|0|23|广电计量,436|-3.36|8193.4|2.74|0|23|北矿检测,312|-5.62|7733.21|3.62|0|23|安车检测,89|4.25|8062.1|2.77|23|0|信测标准,443|0.71|8119.64|2.41|18|5|安车检测,375|-2.00|7957.05|2.15|2|21|信测标准,328|0.85|8025.05|1.83|19|3|实朴检测,215|0.40|8057.42|1.95|11|12|实朴检测,150|-0.83|7990.29|2.33|5|17|北矿检测,188|1.69|8125.4|2.00|22|1|胜科纳米,178|-1.17|8030.64|1.87|6|17|中纺标,238|-2.38|7839.51|1.72|1|22|华测检测,322|0.89|7909.31|1.51|15|8|建研院,164|4.17|8239.47|2.23|23|0|实朴检测,222|-1.16|8143.61|1.82|3|20|信测标准,239|0.82|8210.78|1.83|19|4|开普检测,134|0.64|8263.6|1.96|13|10|实朴检测,56|2.07|8434.86|2.40|20|2|信测标准,146|-0.01|8433.79|2.72|11|12|电科院,273|1.21|8535.65|2.57|15|8|信测标准,117|0.83|8606.53|2.55|14|9|实朴检测,177|1.01|8693.19|4.01|19|4|华测检测,380|-0.81|8622.45|3.06|7|16|信测标准,250|0.13|8633.93|2.30|11|12|实朴检测,269|-1.01|8546.48|3.46|5|19|国检集团
BK1567|其他专业服务,,,,,,,,,,,,,,,,,,,,,,,,,,,,,,,,,,,,,,,,,,,,,,,,,,,,,,,,,,,,,,,,,,,,,,,253|1.26|1171.22|2.33|3|1|安邦护卫,271|0.71|1179.56|1.62|3|0|安邦护卫,137|0.55|1186.09|2.11|2|2|安邦护卫,415|-0.16|1184.17|1.50|2|2|零点有数,337|-2.59|1153.5|3.62|1|3|中金辐照,144|-1.87|1131.9|4.72|2|2|中金辐照,444|-1.92|1110.22|3.27|1|3|安邦护卫,34|2.39|1136.77|3.84|4|0|零点有数,22|3.65|1178.28|3.19|3|1|安邦护卫,201|-0.73|1169.62|3.31|2|2|零点有数,68|2.69|1201.11|3.63|4|0|零点有数,438|-0.96|1189.54|2.73|0|4|中金辐照,492|-3.08|1152.89|2.25|0|4|安邦护卫,185|-0.27|1149.77|2.76|1|3|中金辐照,348|-0.43|1144.78|2.29|1|3|安邦护卫,457|-3.44|1105.41|2.04|0|4|国义招标,105|1.56|1122.69|1.41|3|1|零点有数,39|-0.51|1116.94|2.56|2|2|安邦护卫,479|-4.14|1070.75|2.05|0|4|国义招标,433|-6.20|1004.4|1.95|0|4|安邦护卫,13|5.56|1060.24|2.01|4|0|零点有数,418|1.01|1070.92|1.60|3|1|安邦护卫,97|-0.56|1064.89|1.63|1|3|安邦护卫,297|1.00|1075.57|1.10|4|0|零点有数,457|-1.36|1060.94|2.13|1|3|中金辐照,203|-1.08|1049.52|1.40|1|3|安邦护卫,255|1.36|1063.79|1.30|3|0|零点有数,74|-0.10|1062.75|1.25|2|2|安邦护卫,195|-2.03|1041.14|1.37|0|3|中金辐照,406|0.39|1045.23|1.16|3|1|中金辐照,122|4.64|1093.73|1.60|4|0|零点有数,356|-1.90|1072.93|1.08|0|4|安邦护卫,306|0.59|1079.27|1.17|3|1|零点有数,446|-1.05|1067.92|0.89|0|4|安邦护卫,172|0.95|1078.06|0.91|3|1|零点有数,398|-1.18|1065.31|0.84|0|4|国义招标,115|1.89|1085.47|0.93|4|0|零点有数,128|0.73|1093.41|1.35|3|1|国义招标,194|0.91|1103.38|1.45|3|1|零点有数,222|-0.15|1101.73|1.19|2|2|零点有数,59|1.42|1117.36|1.06|2|2|零点有数,263|-0.97|1106.56|1.13|1|3|零点有数
BK1568|人力资源服务,,,,,,,,,,,,,,,,,,,,,,,,,,,,,,,,,,,,,,,,,,,,,,,,,,,,,,,,,,,,,,,,,,,,,,,445|-0.46|2439.22|0.82|1|2|外服控股,471|-0.39|2429.76|1.03|1|2|外服控股,449|-1.54|2392.27|1.18|0|3|科锐国际,200|0.76|2410.47|0.80|3|0|北京人力,210|-1.72|2368.94|1.07|0|3|外服控股,232|-2.74|2303.99|1.03|0|3|北京人力,427|-1.67|2265.6|0.84|0|3|科锐国际,316|0.58|2278.79|0.70|2|1|科锐国际,251|1.45|2311.76|0.74|3|0|科锐国际,377|-1.55|2275.92|0.82|0|3|科锐国际,287|1.24|2304.07|0.82|3|0|科锐国际,259|-0.23|2298.76|0.54|0|3|科锐国际,308|-0.98|2276.2|0.69|0|3|北京人力,211|-0.45|2265.89|0.74|0|2|北京人力,117|0.80|2284.12|0.59|3|0|科锐国际,148|-0.96|2262.11|0.65|0|2|北京人力,327|-0.10|2259.75|0.70|1|2|科锐国际,211|-2.33|2207.12|0.71|0|3|外服控股,73|-1.05|2183.93|0.65|0|3|北京人力,208|-5.09|2072.74|1.15|0|3|北京人力,412|2.29|2120.13|0.74|3|0|外服控股,444|0.70|2134.94|0.74|2|0|科锐国际,271|-1.53|2102.36|0.65|0|3|北京人力,333|0.84|2119.98|0.55|3|0|科锐国际,239|0.33|2126.87|0.76|2|1|外服控股,81|-0.29|2120.63|0.55|1|2|科锐国际,123|2.04|2163.94|0.81|3|0|科锐国际,207|-1.36|2134.61|0.56|0|3|北京人力,86|-1.37|2105.26|0.54|0|3|科锐国际,433|0.17|2108.9|0.44|2|1|外服控股,216|3.72|2187.27|0.96|3|0|科锐国际,416|-2.22|2138.61|0.68|0|3|北京人力,225|0.88|2157.46|0.55|3|0|北京人力,455|-1.25|2130.52|0.55|0|3|北京人力,281|0.49|2141.04|0.52|3|0|科锐国际,186|-0.27|2135.26|0.48|0|2|北京人力,101|2.00|2177.99|0.67|3|0|科锐国际,378|-0.79|2160.82|0.54|0|3|北京人力,321|0.38|2169.09|0.58|2|1|科锐国际,216|-0.14|2166.08|0.53|1|1|外服控股,312|-0.09|2164.16|0.59|1|1|北京人力,168|-0.49|2153.47|0.71|1|1|北京人力
BK1569|炼油化工,,,,,,,,,,,,,,,,,,,,,,,,,,,,,,,,,,,,,,,,,,,,,,,,,,,,,,,,,,,,,,,,,,,,,,,63|3.29|3871.16|0.29|9|1|中国石油,423|0.08|3874.26|0.28|5|5|东方盛虹,372|-0.82|3842.45|0.18|2|8|荣盛石化,170|0.95|3879.05|0.19|8|2|恒逸石化,21|5.23|4082.09|0.90|10|0|上海石化,18|3.32|4217.79|1.19|6|4|中国石油,490|-5.31|3993.86|1.10|1|8|中国石油,320|0.54|4015.61|0.73|4|5|恒逸石化,469|-0.94|3977.74|0.56|2|8|ST沈化,472|-2.68|3871.25|0.92|4|6|中国石油,490|-3.38|3740.22|0.57|0|9|ST沈化,113|0.76|3768.6|0.48|5|5|恒逸石化,103|0.17|3774.94|0.48|4|6|华锦股份,236|-0.58|3753.23|0.44|3|7|恒逸石化,433|-1.49|3697.14|0.33|3|6|统一股份,274|-1.67|3635.32|0.32|1|9|中国石油,372|-0.45|3619.11|0.28|3|7|恒力石化,295|-2.68|3522.12|0.49|3|7|中国石油,288|-2.44|3436.34|0.32|1|9|恒逸石化,26|-1.27|3392.62|0.40|2|8|恒逸石化,465|1.02|3427.08|0.31|8|2|ST沈化,112|2.51|3513.13|0.30|7|3|恒力石化,125|-0.76|3486.45|0.25|3|7|中国石油,252|1.15|3526.41|0.22|9|1|华锦股份,127|0.87|3557.04|0.25|5|5|统一股份,313|-1.58|3500.84|0.20|0|10|荣盛石化,283|1.24|3544.18|0.22|8|2|恒逸石化,48|0.49|3561.61|0.23|7|3|中国石油,145|-1.77|3498.73|0.18|2|8|恒逸石化,28|4.06|3640.92|0.20|10|0|恒逸石化,462|0.74|3667.91|0.33|6|4|恒逸石化,80|-0.32|3656.34|0.22|3|7|恒逸石化,363|0.31|3667.54|0.18|3|5|东方盛虹,441|-0.99|3631.33|0.23|5|5|ST沈化,370|0.09|3634.74|0.19|3|7|恒力石化,258|-0.52|3615.91|0.23|3|7|恒力石化,378|0.70|3641.25|0.18|7|3|恒逸石化,472|-1.62|3582.16|0.22|1|9|东方盛虹,221|0.81|3611.33|0.21|7|2|荣盛石化,81|0.80|3640.27|0.19|4|5|恒力石化,424|-0.80|3611.1|0.20|1|9|东方盛虹,113|-0.09|3607.78|0.29|4|5|中国石油
BK1570|其他石化,,,,,,,,,,,,,,,,,,,,,,,,,,,,,,,,,,,,,,,,,,,,,,,,,,,,,,,,,,,,,,,,,,,,,,,25|4.50|3477.74|2.60|14|0|国创高新,442|-0.04|3476.33|2.33|5|9|宇新股份,458|-1.65|3418.82|2.00|2|12|宝莫股份,108|1.55|3471.83|1.94|12|2|康普顿,23|4.75|3636.64|5.82|13|1|茂化实华,17|4.25|3791.12|8.78|10|4|博汇股份,497|-6.55|3542.99|6.20|2|12|国创高新,303|0.69|3567.51|5.61|8|6|宇新股份,208|1.66|3626.65|5.42|10|4|齐翔腾达,152|-0.45|3610.39|6.50|5|9|宇新股份,469|-1.70|3549.02|5.16|5|9|桐昆股份,47|1.62|3606.57|5.02|8|6|宝利国际,158|-0.29|3596.05|5.10|3|10|东华能源,388|-1.51|3541.83|4.20|4|10|渤海化学,419|-1.22|3498.55|4.35|4|10|宝利国际,363|-2.35|3416.26|3.44|0|14|大庆华科,430|-0.83|3387.98|2.93|4|10|博汇股份,150|-2.00|3320.37|3.78|2|12|东华能源,450|-3.51|3203.75|3.45|0|13|齐翔腾达,66|-3.13|3103.58|3.96|3|11|齐翔腾达,236|3.29|3205.7|3.10|13|1|康普顿,40|3.35|3313.19|2.95|12|1|渤海化学,54|-0.04|3311.79|3.06|4|10|渤海化学,134|1.74|3369.29|3.64|12|1|茂化实华,282|0.12|3373.33|3.02|8|6|博汇股份,364|-1.99|3306.14|2.42|1|13|博汇股份,206|1.61|3359.48|2.80|12|2|齐翔腾达,17|2.04|3427.95|2.96|7|6|博汇股份,484|-4.69|3267.26|3.21|1|13|宇新股份,36|3.66|3386.84|3.23|13|1|齐翔腾达,456|1.03|3421.75|3.60|8|6|桐昆股份,49|-0.02|3421.09|2.89|6|8|齐翔腾达,135|1.22|3462.68|2.75|9|4|康普顿,42|1.47|3513.61|2.85|10|4|康普顿,473|-1.16|3472.69|2.65|4|10|博汇股份,402|-1.20|3430.85|2.35|2|11|桐昆股份,397|0.63|3452.31|1.81|11|3|国创高新,271|-0.18|3446.01|2.28|5|9|岳阳兴长,398|0.06|3448.09|2.71|9|4|渤海化学,53|1.08|3485.18|2.74|8|6|岳阳兴长,397|-0.62|3463.62|2.35|7|7|博汇股份,87|0.18|3469.81|2.12|6|8|万邦达
BK1571|油品石化贸易,,,,,,,,,,,,,,,,,,,,,,,,,,,,,,,,,,,,,,,,,,,,,,,,,,,,,,,,,,,,,,,,,,,,,,,30|4.24|3486.41|4.65|6|1|泰山石油,459|-0.23|3478.52|4.89|2|5|泰山石油,299|-0.54|3459.69|2.69|3|3|润贝航科,49|2.53|3547.17|3.14|5|2|和顺石油,11|7.92|3828.2|11.44|6|1|泰山石油,13|5.59|4042.29|14.88|6|1|泰山石油,481|-3.04|3919.31|13.80|2|5|润贝航科,485|-2.87|3806.78|9.32|1|6|国际实业,483|-1.56|3747.29|7.01|2|5|润贝航科,102|0.06|3749.66|11.15|3|4|广汇能源,487|-3.18|3630.41|7.27|1|6|润贝航科,58|1.38|3680.56|6.88|4|3|和顺石油,127|-0.07|3677.8|8.32|2|5|广汇能源,409|-1.72|3614.68|5.83|0|6|恒通股份,81|1.13|3655.47|4.86|5|2|和顺石油,286|-1.75|3591.41|5.37|1|6|和顺石油,451|-1.07|3553.06|4.21|2|5|润贝航科,22|0.42|3567.85|7.01|3|4|广汇能源,473|-4.05|3423.43|5.34|0|6|广汇能源,79|-3.48|3304.36|5.52|1|6|广聚能源,476|0.48|3320.23|3.84|5|2|润贝航科,425|0.91|3350.6|4.67|4|3|润贝航科,45|0.08|3353.28|3.63|3|4|润贝航科,305|0.98|3386.13|3.68|6|1|国际实业,447|-1.03|3351.23|3.97|1|6|广汇能源,371|-2.04|3282.95|3.57|1|6|润贝航科,416|0.32|3293.33|3.15|5|2|和顺石油,12|2.63|3380.08|3.46|5|2|和顺石油,307|-2.71|3288.57|2.86|1|6|和顺石油,27|4.07|3422.37|4.26|6|1|和顺石油,479|-0.30|3412.14|6.26|5|2|润贝航科,30|0.38|3425.02|4.42|4|3|广汇能源,468|-0.54|3406.42|2.40|2|4|国际实业,45|1.39|3453.87|4.08|5|2|泰山石油,491|-2.04|3383.35|2.80|0|7|恒通股份,440|-1.62|3328.41|2.67|1|6|恒通股份,422|0.46|3343.83|1.87|4|3|恒通股份,294|-0.28|3334.57|2.78|3|4|恒通股份,392|0.12|3338.59|2.02|4|3|润贝航科,124|0.29|3348.37|2.41|3|4|恒通股份,126|0.79|3374.89|2.25|4|3|国际实业,31|1.42|3422.74|5.24|5|2|广汇能源
BK1572|油气及炼化工程,,,,,,,,,,,,,,,,,,,,,,,,,,,,,,,,,,,,,,,,,,,,,,,,,,,,,,,,,,,,,,,,,,,,,,,1|13.17|2025.5|4.09|6|0|通源石油,34|3.58|2098.1|8.22|4|2|通源石油,301|-0.55|2086.56|4.82|3|3|通源石油,245|0.57|2098.5|3.66|4|2|通源石油,1|13.29|2377.46|7.39|6|0|通源石油,1|13.36|2695.08|8.27|6|0|中油工程,461|-2.21|2635.47|12.74|2|4|通源石油,492|-5.53|2489.69|8.95|1|5|博迈科,493|-2.79|2420.15|5.73|1|5|博迈科,51|1.10|2446.84|9.20|3|3|潜能恒信,493|-6.47|2288.55|6.47|0|6|惠博普,115|0.75|2305.75|4.94|2|3|通源石油,247|-0.75|2288.57|5.33|2|4|中油工程,272|-0.77|2270.85|4.40|2|4|海油工程,381|-0.71|2254.66|4.15|2|4|中油工程,230|-1.48|2221.29|4.33|1|5|通源石油,490|-2.93|2156.26|3.57|1|5|博迈科,9|2.53|2210.84|5.01|4|2|通源石油,467|-3.95|2123.51|3.85|1|5|博迈科,10|0.98|2144.41|4.23|3|3|博迈科,486|-0.58|2131.93|3.49|3|3|惠博普,488|-0.36|2124.31|3.30|4|2|博迈科,12|1.22|2150.14|3.89|4|2|潜能恒信,242|1.18|2175.56|2.88|3|1|潜能恒信,477|-2.14|2128.95|2.88|0|6|潜能恒信,477|-3.82|2047.63|2.71|0|6|惠博普,249|1.39|2076|2.85|4|2|博迈科,3|4.70|2173.48|5.27|6|0|中油工程,104|-1.50|2140.97|5.65|1|5|中油工程,37|3.63|2218.74|4.96|6|0|惠博普,492|-5.11|2105.3|5.85|0|6|中油工程,35|0.30|2111.54|4.40|2|4|潜能恒信,20|2.56|2165.6|3.95|5|1|潜能恒信,287|-0.12|2162.99|4.91|3|2|通源石油,484|-1.59|2128.68|3.41|2|4|海油工程,490|-3.04|2063.96|2.72|0|6|海油工程,485|-0.45|2054.63|2.34|1|4|海油工程,360|-0.63|2041.77|2.58|2|4|潜能恒信,467|-0.59|2029.8|2.50|3|3|通源石油,356|-0.71|2015.44|1.87|1|5|潜能恒信,417|-0.76|2000.15|2.02|1|5|潜能恒信,3|3.06|2061.27|3.55|6|0|潜能恒信
BK1573|油田服务,,,,,,,,,,,,,,,,,,,,,,,,,,,,,,,,,,,,,,,,,,,,,,,,,,,,,,,,,,,,,,,,,,,,,,,3|11.26|2180.17|2.13|8|0|准油股份,369|0.33|2187.27|4.15|3|5|准油股份,488|-2.42|2134.37|2.48|0|8|准油股份,156|1.03|2156.35|1.76|6|2|科力股份,3|12.50|2425.97|2.92|8|0|准油股份,3|12.49|2728.91|2.16|8|0|准油股份,21|2.38|2793.87|8.32|5|3|准油股份,496|-6.98|2598.81|6.51|0|8|中海油服,497|-5.36|2459.54|3.94|1|7|贝肯能源,15|2.23|2514.41|5.37|5|2|科力股份,497|-7.61|2323.1|3.62|0|8|仁智股份,95|0.89|2343.75|2.69|6|2|科力股份,259|-0.78|2325.46|2.63|2|6|海油发展,356|-1.21|2297.36|2.25|3|5|科力股份,73|1.22|2325.5|2.16|8|0|贝肯能源,62|-0.16|2321.81|2.31|2|6|仁智股份,493|-3.97|2229.59|1.94|1|7|仁智股份,7|2.55|2286.5|2.70|7|1|科力股份,495|-5.70|2156.09|1.98|0|8|海油发展,14|0.26|2161.77|1.94|4|4|中曼石油,494|-1.69|2125.13|1.76|3|5|海油发展,469|0.38|2133.11|1.64|6|2|仁智股份,73|-0.27|2127.34|1.49|3|4|中曼石油,285|1.04|2149.52|1.34|5|2|仁智股份,435|-0.86|2130.98|1.48|3|5|贝肯能源,433|-2.76|2072.12|1.15|1|7|仁智股份,491|-2.18|2027.05|1.12|1|7|石化油服,1|6.05|2149.66|2.16|8|0|贝肯能源,125|-1.61|2115.04|1.69|2|5|中曼石油,378|0.60|2127.81|1.36|7|1|中曼石油,496|-6.68|1985.66|2.19|0|8|仁智股份,10|1.31|2011.61|1.66|6|2|中曼石油,455|-0.37|2004.17|1.35|3|5|海油发展,14|3.02|2064.68|1.90|8|0|准油股份,495|-2.79|2007.14|1.54|0|8|海油发展,488|-2.88|1949.25|1.47|1|7|仁智股份,476|-0.30|1943.31|1.02|2|6|仁智股份,463|-1.48|1914.47|1.04|2|6|科力股份,243|0.74|1928.66|1.14|4|3|科力股份,218|-0.14|1925.88|1.09|3|5|仁智股份,485|-1.81|1890.93|0.87|0|8|海油发展,27|1.67|1922.42|1.51|6|2|科力股份
BK1574|油气开采Ⅲ,,,,,,,,,,,,,,,,,,,,,,,,,,,,,,,,,,,,,,,,,,,,,,,,,,,,,,,,,,,,,,,,,,,,,,,7|7.53|4164.57|2.46|4|0|洲际油气,116|1.73|4236.64|7.65|2|2|洲际油气,246|-0.24|4226.48|7.36|2|2|洲际油气,51|2.45|4330.05|5.02|4|0|洲际油气,7|8.73|4708.23|2.16|4|0|洲际油气,6|8.73|5119.42|2.61|4|0|洲际油气,10|3.47|5297.12|8.55|2|2|洲际油气,465|-1.77|5203.26|12.87|1|3|洲际油气,491|-2.67|5064.15|8.46|1|3|*ST新潮,3|3.76|5254.77|11.71|4|0|中国海油,494|-6.92|4891.17|7.25|0|4|*ST新潮,28|2.22|4999.61|7.40|4|0|*ST新潮,44|1.14|5056.56|6.78|3|1|蓝焰控股,471|-2.89|4910.36|5.74|1|3|*ST新潮,143|0.67|4943.36|5.57|2|2|洲际油气,81|-0.47|4920.13|5.71|1|3|*ST新潮,484|-2.22|4811.11|5.37|1|3|*ST新潮,1|7.21|5157.99|7.56|4|0|蓝焰控股,23|0.41|5179.2|5.64|2|2|蓝焰控股,1|3.49|5359.88|5.70|4|0|蓝焰控股,495|-3.92|5149.67|5.35|0|4|中国海油,495|-4.70|4907.5|5.76|0|4|中国海油,4|2.19|5014.91|5.36|4|1|蓝焰控股,223|1.26|5077.97|5.15|3|2|蓝焰控股,444|-0.98|5028.22|4.49|2|2|海南矿业,487|-4.40|4807.08|4.23|0|5|*ST新潮,487|-2.12|4705.12|3.77|0|5|海南矿业,5|4.19|4902.12|4.99|5|0|蓝焰控股,268|-2.52|4778.74|3.56|1|4|*ST新潮,203|1.41|4846.34|3.67|5|0|蓝焰控股,493|-5.63|4573.58|4.88|1|4|海南矿业,12|1.29|4632.48|4.43|4|1|洲际油气,399|0.10|4636.96|3.22|2|3|*ST新潮,4|4.48|4844.49|5.80|5|0|蓝焰控股,477|-1.37|4777.96|4.12|1|4|*ST新潮,481|-2.53|4656.93|3.47|1|4|*ST新潮,449|0.12|4662.65|2.55|3|2|海南矿业,300|-0.29|4649.12|2.55|3|2|海南矿业,411|-0.02|4648.27|2.36|2|3|洲际油气,315|-0.52|4624.07|2.04|1|4|中国海油,188|0.45|4644.67|2.16|2|3|*ST新潮,39|1.24|4702.45|4.89|3|2|蓝焰控股
BK1575|白酒Ⅲ,,,,,,,,,,,,,,,,,,,,,,,,,,,,,,,,,,,,,,,,,,,,,,,,,,,,,,,,,,,,,,,,,,,,,,,461|-0.99|5400.49|0.90|6|15|皇台酒业,252|0.76|5441.78|0.89|19|2|皇台酒业,419|-1.19|5377.01|0.95|1|20|口子窖,452|-0.40|5355.33|0.73|11|10|皇台酒业,341|-2.62|5215.12|1.09|1|20|古井贡Ｂ,62|-0.47|5190.67|1.32|8|13|山西汾酒,472|-2.81|5044.97|0.98|0|21|古井贡Ｂ,354|0.31|5060.45|0.59|14|7|*ST岩石,291|1.27|5124.68|0.64|19|2|山西汾酒,297|-1.22|5062.37|0.71|1|20|皇台酒业,393|0.55|5090.17|0.52|19|2|古井贡Ｂ,152|0.32|5106.45|0.57|8|13|古井贡Ｂ,147|-0.22|5095.15|0.76|12|8|金种子酒,77|0.35|5113.01|0.88|17|4|皇台酒业,37|1.75|5202.35|1.30|21|0|皇台酒业,104|-0.69|5166.56|0.96|3|17|贵州茅台,478|-1.68|5079.79|0.75|0|21|洋河股份,181|-2.19|4968.63|0.67|0|21|古井贡Ｂ,98|-1.28|4905.16|0.68|2|19|古井贡酒,92|-3.89|4714.3|0.97|1|20|五 粮 液,454|1.58|4788.9|0.65|19|2|*ST岩石,467|0.38|4807.03|0.58|17|4|皇台酒业,355|-1.86|4717.84|0.65|1|20|皇台酒业,229|1.24|4776.53|0.59|20|1|舍得酒业,300|0.04|4778.66|0.58|12|8|金徽酒,57|-0.04|4776.64|1.14|8|11|皇台酒业,311|1.06|4827.21|0.90|20|1|迎驾贡酒,60|0.21|4837.16|0.81|10|11|迎驾贡酒,316|-2.77|4703.06|0.68|2|19|古井贡Ｂ,462|-0.17|4694.91|0.54|5|13|皇台酒业,420|1.61|4770.47|0.66|18|3|舍得酒业,364|-1.97|4676.5|0.59|1|20|古井贡Ｂ,356|0.35|4692.69|0.59|15|6|酒鬼酒,343|-0.41|4673.66|0.49|7|13|皇台酒业,219|0.77|4709.87|0.69|19|2|舍得酒业,144|-0.01|4709.32|0.62|11|8|皇台酒业,460|0.02|4710.05|0.57|13|8|舍得酒业,440|-1.32|4647.89|0.79|1|20|金种子酒,303|0.46|4669.36|0.59|13|8|迎驾贡酒,229|-0.17|4661.24|0.50|5|15|古井贡Ｂ,309|-0.08|4657.5|0.54|6|15|迎驾贡酒,5|2.79|4787.48|1.47|21|0|迎驾贡酒
BK1576|调味发酵品Ⅲ,,,,,,,,,,,,,,,,,,,,,,,,,,,,,,,,,,,,,,,,,,,,,,,,,,,,,,,,,,,,,,,,,,,,,,,363|0.59|5022.03|1.37|11|4|佳隆股份,403|0.18|5030.96|1.33|11|4|ST加加,358|-0.76|4992.78|1.51|3|12|莲花控股,167|0.96|5040.58|1.59|11|2|安琪酵母,254|-2.12|4933.55|1.51|1|14|ST加加,131|-1.71|4849.25|1.79|3|12|朱老六,369|-1.22|4789.93|1.28|1|13|朱老六,371|0.15|4797.14|1.17|9|6|莲花控股,96|2.42|4913.39|1.96|14|1|莲花控股,186|-0.67|4880.65|2.33|3|11|莲花控股,343|0.85|4921.92|1.79|12|2|日辰股份,303|-0.36|4904.13|1.39|3|12|ST加加,381|-1.33|4838.87|1.19|1|14|涪陵榨菜,122|0.04|4840.62|1.66|8|7|海天味业,67|1.30|4903.54|1.62|14|1|ST加加,50|0.12|4909.45|2.21|8|7|千禾味业,386|-0.52|4883.81|1.60|5|10|莲花控股,78|-1.31|4819.99|2.52|1|14|莲花控股,213|-2.11|4718.4|2.81|1|14|ST加加,134|-4.51|4505.41|2.26|0|15|ST加加,272|3.12|4645.78|1.92|15|0|莲花控股,361|1.40|4710.99|2.42|14|1|莲花控股,126|-0.77|4674.93|2.19|2|12|天味食品,76|2.28|4781.47|2.40|14|1|海天味业,104|1.05|4831.85|2.72|11|4|莲花控股,170|-0.91|4788.07|2.39|4|11|海天味业,286|1.23|4847.1|2.42|12|2|莲花控股,87|-0.28|4833.54|1.97|6|9|天味食品,163|-1.85|4744.16|1.74|2|13|ST加加,273|1.14|4798.03|1.48|11|4|佳隆股份,382|2.09|4898.23|1.63|13|2|莲花控股,74|-0.29|4884.17|2.43|5|9|天味食品,122|1.25|4945.14|1.88|13|2|千禾味业,393|-0.62|4914.44|1.69|4|11|ST加加,462|-0.76|4877.11|2.00|5|9|日辰股份,75|0.57|4905.14|2.54|8|7|朱老六,238|1.38|4972.68|2.71|10|4|朱老六,401|-0.97|4924.45|1.99|3|12|朱老六,126|1.29|4987.82|2.06|11|2|中炬高新,144|0.20|4997.63|2.49|8|6|莲花控股,381|-0.51|4972.23|2.77|2|12|莲花控股,65|0.54|4999.24|2.78|10|5|莲花控股
BK1577|啤酒,,,,,,,,,,,,,,,,,,,,,,,,,,,,,,,,,,,,,,,,,,,,,,,,,,,,,,,,,,,,,,,,,,,,,,,301|1.01|2705.68|0.66|7|0|*ST兰黄,354|0.40|2716.54|0.68|5|2|燕京啤酒,182|0.18|2721.56|0.67|4|2|*ST兰黄,203|0.74|2741.81|1.06|5|2|燕京啤酒,181|-1.36|2704.43|0.95|1|6|重庆啤酒,58|-0.24|2698.01|1.65|4|3|燕京啤酒,206|-0.55|2683.28|1.03|2|5|*ST兰黄,400|-0.05|2682.02|0.72|3|4|ST西发,130|2.19|2740.63|0.80|7|0|惠泉啤酒,221|-0.84|2717.61|0.83|0|7|ST西发,294|1.19|2750.05|0.78|6|1|惠泉啤酒,282|-0.30|2741.87|0.68|3|3|珠江啤酒,174|-0.36|2732.03|0.67|3|4|重庆啤酒,20|1.67|2777.7|0.94|7|0|重庆啤酒,260|0.05|2779.09|1.01|5|2|惠泉啤酒,47|0.17|2783.78|1.02|4|3|*ST兰黄,311|0.06|2785.54|0.74|4|2|*ST兰黄,103|-1.56|2742.14|0.69|0|7|青岛啤酒,64|-0.93|2716.66|0.75|1|6|重庆啤酒,215|-5.12|2577.51|1.39|0|7|青岛啤酒,365|2.68|2646.67|0.89|6|1|惠泉啤酒,186|2.19|2704.66|0.78|7|0|ST西发,222|-1.23|2671.44|0.76|0|7|惠泉啤酒,152|1.65|2715.46|0.84|6|1|燕京啤酒,248|0.28|2723.06|0.97|4|2|燕京啤酒,121|-0.66|2705.2|0.78|0|5|ST西发,449|-0.18|2700.39|0.95|5|2|青岛啤酒,148|-0.89|2676.44|0.79|3|4|重庆啤酒,25|-0.38|2666.14|1.88|2|5|燕京啤酒,423|0.26|2673.02|1.89|3|4|珠江啤酒,419|1.62|2716.28|1.91|7|0|ST西发,299|-1.58|2673.41|1.50|2|5|珠江啤酒,185|1.05|2701.54|1.39|4|3|*ST兰黄,217|0.21|2707.09|1.43|2|5|青岛啤酒,439|-0.44|2695.28|1.96|2|5|青岛啤酒,159|-0.14|2691.61|1.78|5|2|珠江啤酒,438|0.30|2699.6|1.44|4|3|惠泉啤酒,335|-0.51|2685.76|0.91|1|6|*ST兰黄,87|1.68|2730.75|0.96|4|3|*ST兰黄,179|0.02|2731.42|1.06|4|3|*ST兰黄,321|-0.14|2727.52|1.07|4|3|惠泉啤酒,57|0.72|2747.22|1.53|6|1|*ST兰黄
BK1578|其他酒类,,,,,,,,,,,,,,,,,,,,,,,,,,,,,,,,,,,,,,,,,,,,,,,,,,,,,,,,,,,,,,,,,,,,,,,324|0.85|1721.05|1.20|8|2|莫高股份,416|0.11|1723.01|1.19|6|4|百润股份,445|-1.50|1697.13|1.37|0|10|张  裕Ａ,443|-0.33|1691.57|1.03|2|6|中信尼雅,316|-2.52|1648.91|1.47|0|10|张  裕Ｂ,118|-1.47|1624.62|1.65|2|8|中信尼雅,201|-0.52|1616.24|1.18|3|7|百润股份,307|0.67|1626.99|1.00|9|1|*ST椰岛,147|2.04|1660.22|1.14|10|0|威龙股份,293|-1.19|1640.53|1.14|1|8|莫高股份,254|1.43|1663.98|0.95|7|3|威龙股份,198|0.09|1665.46|0.97|3|7|*ST椰岛,320|-1.07|1647.58|0.82|0|7|张  裕Ａ,170|-0.21|1644.18|0.81|5|4|会稽山,151|0.63|1654.53|0.86|7|1|*ST椰岛,136|-0.90|1639.68|0.87|0|9|古越龙山,344|-0.21|1636.24|0.93|4|5|威龙股份,167|-2.11|1601.77|0.98|0|10|中信尼雅,374|-2.88|1555.66|1.21|0|10|张  裕Ｂ,143|-4.67|1483.02|1.55|0|10|*ST椰岛,198|3.49|1534.82|1.21|10|0|中信尼雅,239|1.95|1564.76|1.00|10|0|威龙股份,260|-1.45|1542.01|0.99|1|9|中信尼雅,225|1.25|1561.32|0.87|9|1|莫高股份,204|0.45|1568.4|0.87|6|4|会稽山,227|-1.18|1549.97|1.19|1|9|张  裕Ｂ,106|2.11|1582.65|1.42|9|1|会稽山,302|-1.78|1554.52|1.15|0|10|张  裕Ａ,288|-2.60|1514.04|1.14|1|9|张  裕Ｂ,331|0.81|1526.32|0.87|7|3|威龙股份,461|0.85|1539.32|1.00|8|2|威龙股份,366|-1.97|1508.96|0.84|2|8|会稽山,130|1.23|1527.51|1.19|8|2|百润股份,148|0.55|1535.98|1.20|4|4|中信尼雅,155|1.06|1552.2|0.89|7|1|莫高股份,88|0.45|1559.11|1.03|5|5|会稽山,373|0.72|1570.35|1.26|8|2|威龙股份,368|-0.69|1559.52|1.13|1|7|*ST椰岛,315|0.42|1566.06|0.92|5|5|张  裕Ｂ,203|-0.08|1564.81|0.79|3|6|莫高股份,366|-0.40|1558.54|0.78|2|8|古越龙山,77|0.37|1564.23|1.17|8|2|会稽山
BK1579|保健品,,,,,,,,,,,,,,,,,,,,,,,,,,,,,,,,,,,,,,,,,,,,,,,,,,,,,,,,,,,,,,,,,,,,,,,261|1.23|4237.06|1.49|7|1|*ST春天,196|1.01|4279.89|1.73|8|1|交大昂立,379|-0.87|4242.61|1.72|2|7|金达威,462|-0.54|4219.85|1.20|2|7|西王食品,383|-2.82|4100.78|2.28|0|9|金达威,105|-1.32|4046.56|2.01|1|8|百合股份,442|-1.90|3969.68|1.73|1|8|康比特,268|0.83|4002.71|1.44|7|2|*ST春天,199|1.71|4071.13|1.35|7|2|金达威,325|-1.31|4017.62|2.16|2|6|西王食品,325|0.97|4056.72|1.35|7|1|金达威,234|-0.13|4051.52|1.16|3|4|*ST春天,365|-1.27|4000.19|1.45|2|7|技源集团,169|-0.20|3992.23|1.65|5|4|康比特,13|3.03|4113.33|3.60|8|1|西王食品,48|0.17|4120.12|5.14|4|4|技源集团,339|-0.19|4112.39|3.17|3|6|百合股份,90|-1.44|4053.21|2.25|1|8|汤臣倍健,186|-1.95|3974.09|2.30|1|8|仙乐健康,467|-6.61|3711.58|3.30|0|9|西王食品,385|2.58|3807.23|2.27|8|1|交大昂立,64|2.89|3917.19|2.35|9|0|西王食品,273|-1.53|3857.29|3.99|1|8|西王食品,83|2.19|3941.84|3.53|8|1|仙乐健康,443|-0.96|3903.81|2.01|3|6|汤臣倍健,199|-1.07|3862.02|4.60|1|8|*ST春天,366|0.69|3888.67|4.18|8|1|仙乐健康,107|-0.48|3869.97|2.96|2|7|百合股份,450|-3.78|3723.7|3.06|0|9|汤臣倍健,120|2.01|3798.67|2.66|8|1|康比特,452|1.17|3843.05|2.63|7|1|仙乐健康,471|-2.86|3733.16|2.36|0|9|百合股份,131|1.23|3778.97|2.26|8|1|技源集团,128|0.68|3804.63|2.29|4|5|技源集团,166|1.00|3842.58|2.18|6|3|汤臣倍健,233|-0.43|3826.06|2.19|3|6|仙乐健康,455|0.05|3828.04|2.08|5|4|西王食品,406|-1.00|3789.87|2.75|2|7|康比特,341|0.31|3801.73|2.42|6|3|百合股份,323|-0.55|3780.68|2.19|3|6|技源集团,342|-0.28|3769.97|2.03|1|8|*ST春天,54|0.82|3801|1.96|5|3|康比特
BK1580|肉制品,,,,,,,,,,,,,,,,,,,,,,,,,,,,,,,,,,,,,,,,,,,,,,,,,,,,,,,,,,,,,,,,,,,,,,,319|0.87|2942.72|1.02|5|2|金字火腿,322|0.52|2958.13|1.14|5|2|光明肉业,254|-0.25|2950.7|1.09|3|3|华统股份,293|0.37|2961.7|0.75|5|2|龙大美食,196|-1.54|2916.05|1.14|1|6|双汇发展,73|-0.78|2893.34|1.34|3|4|双汇发展,412|-1.48|2850.55|1.28|1|6|金字火腿,409|-0.16|2845.85|1.16|3|4|金字火腿,60|2.87|2927.39|1.44|7|0|得利斯,108|-0.02|2926.71|1.30|3|4|金字火腿,349|0.80|2950.1|1.26|4|1|金字火腿,87|0.93|2977.62|1.67|6|1|金字火腿,80|0.39|2989.37|1.33|5|2|华统股份,296|-0.95|2961|1.16|1|5|双汇发展,96|1.01|2990.95|1.34|5|1|龙大美食,156|-1.01|2960.73|1.34|1|6|华统股份,447|-0.98|2931.73|1.40|3|4|华统股份,48|-0.70|2911.31|1.48|2|5|华统股份,420|-3.26|2816.33|1.83|0|7|金字火腿,99|-3.99|2703.9|2.73|1|6|华统股份,414|2.25|2764.78|2.03|6|1|龙大美食,393|1.20|2797.82|1.60|6|1|广弘控股,75|-0.28|2789.94|1.44|2|5|华统股份,126|1.78|2839.61|1.53|7|0|华统股份,153|0.71|2859.66|1.52|5|2|得利斯,385|-2.27|2794.8|1.47|0|7|双汇发展,372|0.66|2813.25|1.30|4|1|华统股份,57|0.23|2819.73|1.82|4|2|华统股份,242|-2.39|2752.39|1.53|1|6|华统股份,30|3.89|2859.45|2.23|6|1|华统股份,454|1.09|2890.53|2.45|7|0|金字火腿,384|-2.08|2830.53|1.70|0|7|双汇发展,428|-0.09|2827.86|1.43|5|2|金字火腿,15|2.84|2908.09|2.52|7|0|金字火腿,372|0.08|2910.46|2.69|4|3|龙大美食,48|1.06|2941.27|2.42|3|4|华统股份,114|1.89|2996.98|2.13|6|1|龙大美食,355|-0.58|2979.65|3.80|1|6|金字火腿,439|-0.27|2971.7|2.92|1|6|光明肉业,300|-0.45|2958.43|2.04|1|5|双汇发展,286|-0.01|2958|2.93|2|5|龙大美食,404|-1.94|2900.54|2.74|2|4|双汇发展
BK1581|预加工食品,,,,,,,,,,,,,,,,,,,,,,,,,,,,,,,,,,,,,,,,,,,,,,,,,,,,,,,,,,,,,,,,,,,,,,,305|0.99|7360.74|3.08|10|1|海欣食品,241|0.80|7419.48|2.87|10|1|海欣食品,270|-0.36|7392.52|2.25|2|9|千味央厨,94|1.70|7518.56|2.61|8|3|三全食品,294|-2.33|7343.21|3.94|2|9|安井食品,104|-1.31|7246.91|3.66|2|9|三全食品,395|-1.35|7149.35|2.66|1|10|盖世食品,394|0.01|7150.31|2.22|4|5|千味央厨,218|1.62|7265.92|2.27|9|2|春雪食品,364|-1.47|7159.11|2.34|0|11|克明食品,299|1.16|7242.09|1.74|11|0|春雪食品,458|-1.20|7154.86|1.82|1|10|安井食品,430|-1.60|7040.03|1.93|0|11|春雪食品,179|-0.23|7023.92|1.76|3|7|春雪食品,98|0.98|7093.02|1.75|9|1|千味央厨,244|-1.54|6983.61|1.65|0|11|安井食品,269|0.31|7005.36|1.49|7|4|巴比食品,207|-2.28|6845.59|1.62|1|10|千味央厨,249|-2.30|6688.39|1.93|1|10|千味央厨,154|-4.79|6368.34|2.77|0|11|安井食品,239|3.28|6577.19|2.23|11|0|春雪食品,324|1.61|6683.41|1.73|10|1|惠发食品,76|-0.29|6663.96|2.00|5|6|三全食品,149|1.68|6776.18|1.67|11|0|千味央厨,34|2.03|6913.98|2.36|10|1|千味央厨,82|-0.30|6893.4|3.42|4|7|安井食品,308|1.09|6968.83|2.74|7|4|千味央厨,55|0.27|6987.88|2.00|7|4|安井食品,282|-2.56|6808.85|2.13|3|8|安井食品,149|1.76|6928.59|2.40|9|2|海欣食品,424|1.59|7038.54|1.92|9|2|盖世食品,225|-1.18|6955.38|1.58|2|9|味知香,229|0.87|7015.93|1.47|8|3|巴比食品,395|-0.64|6971.37|1.33|2|8|海欣食品,440|-0.44|6940.83|1.56|2|9|盖世食品,107|0.22|6956.05|1.39|7|4|盖世食品,316|1.02|7026.87|1.84|9|2|春雪食品,315|-0.37|7001.17|1.56|2|8|盖世食品,241|0.75|7053.65|1.52|9|2|味知香,334|-0.60|7011.01|1.78|7|4|安井食品,270|0.06|7015.43|1.45|3|8|巴比食品,55|0.75|7068.07|2.26|5|6|千味央厨
BK1582|烘焙食品,,,,,,,,,,,,,,,,,,,,,,,,,,,,,,,,,,,,,,,,,,,,,,,,,,,,,,,,,,,,,,,,,,,,,,,392|0.30|878.16|1.12|5|4|麦趣尔,353|0.41|881.73|1.07|5|4|桃李面包,260|-0.30|879.09|1.15|2|5|立高食品,397|-0.04|878.76|0.93|5|4|桃李面包,307|-2.46|857.12|1.45|0|9|广州酒家,147|-1.91|840.78|1.32|0|9|桃李面包,422|-1.59|827.39|1.35|0|9|南侨食品,342|0.39|830.62|1.20|4|5|麦趣尔,52|2.92|854.9|1.19|9|0|西麦食品,349|-1.42|842.73|1.23|0|9|南侨食品,239|1.49|855.3|0.97|8|1|麦趣尔,450|-1.10|845.92|1.00|2|6|桃李面包,360|-1.24|835.39|1.47|1|8|桃李面包,136|-0.05|834.94|1.63|5|4|麦趣尔,100|0.95|842.85|1.26|8|1|西麦食品,186|-1.19|832.82|1.03|2|7|麦趣尔,170|1.01|841.26|1.21|6|3|西麦食品,344|-2.92|816.71|1.28|0|9|广州酒家,309|-2.53|796.01|1.34|0|9|广州酒家,267|-5.42|752.88|1.93|0|9|桃李面包,111|4.06|783.41|1.27|9|0|麦趣尔,397|1.17|792.61|1.06|8|1|麦趣尔,131|-0.79|786.31|0.89|0|9|广州酒家,267|1.10|794.99|0.87|8|1|立高食品,64|1.36|805.76|1.09|8|1|元祖股份,182|-0.97|797.98|1.12|1|8|青岛食品,322|0.97|805.73|1.10|7|2|元祖股份,138|-0.78|799.46|1.11|2|7|西麦食品,220|-2.26|781.43|1.13|1|8|西麦食品,303|0.97|788.99|1.24|8|1|麦趣尔,341|2.62|809.69|1.24|9|0|麦趣尔,227|-1.19|800.04|1.06|2|7|西麦食品,353|0.37|803.01|0.97|7|2|南侨食品,404|-0.69|797.43|0.85|0|8|桃李面包,445|-0.49|793.5|0.99|4|5|元祖股份,112|0.19|795|0.85|5|3|西麦食品,267|1.22|804.7|0.99|8|1|桂发祥,404|-0.98|796.78|0.77|1|8|立高食品,204|0.87|803.73|0.89|9|0|元祖股份,138|0.23|805.54|0.93|6|3|元祖股份,408|-0.69|799.97|0.70|1|8|西麦食品,110|-0.08|799.32|0.91|6|3|桂发祥
BK1583|零食,,,,,,,,,,,,,,,,,,,,,,,,,,,,,,,,,,,,,,,,,,,,,,,,,,,,,,,,,,,,,,,,,,,,,,,425|-0.08|2102.18|1.79|7|4|有友食品,410|0.16|2105.44|1.81|6|5|好想你,323|-0.64|2092.05|1.96|2|9|万辰集团,376|0.06|2093.28|1.37|8|2|来伊份,427|-3.32|2023.77|2.63|0|11|洽洽食品,148|-1.91|1985.06|2.41|1|10|盐津铺子,302|-0.93|1966.59|2.07|2|9|来伊份,359|0.28|1972.17|1.62|8|3|万辰集团,204|1.69|2005.58|1.64|10|1|盐津铺子,307|-1.27|1980.17|1.65|1|10|来伊份,223|1.55|2010.92|1.49|11|0|来伊份,417|-0.85|1993.74|1.48|0|11|好想你,214|-0.60|1981.74|1.63|1|10|来伊份,184|-0.26|1976.56|1.37|3|8|万辰集团,71|1.26|2001.41|1.97|9|2|来伊份,145|-0.95|1982.47|1.67|1|10|有友食品,342|-0.20|1978.43|1.42|5|6|来伊份,251|-2.50|1928.98|1.53|0|11|三只松鼠,142|-1.63|1897.59|1.49|2|8|万辰集团,133|-4.51|1811.94|2.20|0|11|万辰集团,335|2.87|1863.96|1.79|10|1|好想你,190|2.17|1904.39|1.68|11|0|来伊份,202|-1.15|1882.49|1.46|1|10|有友食品,148|1.70|1914.4|1.52|10|1|好想你,341|-0.13|1911.88|1.61|9|2|黑芝麻,322|-1.62|1880.87|1.87|1|10|劲仔食品,160|1.84|1915.47|1.26|11|0|万辰集团,78|-0.15|1912.54|1.20|4|7|万辰集团,218|-2.25|1869.47|1.00|0|11|劲仔食品,314|0.91|1886.57|1.13|9|2|良品铺子,289|3.04|1943.9|1.99|11|0|来伊份,91|-0.41|1935.84|1.40|1|9|来伊份,41|1.89|1972.45|2.45|8|3|来伊份,451|-1.15|1949.78|2.96|0|11|好想你,279|0.50|1959.57|3.59|7|4|好想你,181|-0.26|1954.52|2.77|3|8|万辰集团,346|0.88|1971.63|2.55|9|2|万辰集团,333|-0.49|1961.9|2.54|2|9|来伊份,173|1.02|1981.84|2.31|9|2|甘源食品,36|1.27|2007.02|3.69|8|3|好想你,447|-1.00|1987.05|2.77|3|7|万辰集团,100|0.02|1987.45|3.23|5|6|劲仔食品
BK1584|熟食,,,,,,,,,,,,,,,,,,,,,,,,,,,,,,,,,,,,,,,,,,,,,,,,,,,,,,,,,,,,,,,,,,,,,,,238|1.38|2377.93|0.98|2|1|紫燕食品,37|3.49|2461.02|1.30|2|1|紫燕食品,107|0.76|2479.75|1.44|2|1|紫燕食品,374|0.07|2481.47|0.86|1|2|紫燕食品,408|-3.10|2404.58|1.30|0|3|ST绝味,74|-0.78|2385.79|1.53|1|2|紫燕食品,385|-1.31|2354.61|0.98|0|3|紫燕食品,172|1.30|2385.3|1.05|2|1|紫燕食品,399|0.59|2399.4|0.91|2|1|煌上煌,457|-2.52|2338.98|0.92|0|3|ST绝味,374|0.71|2355.5|0.84|2|1|ST绝味,244|-0.17|2351.55|0.75|1|2|ST绝味,179|-0.40|2342.06|0.64|1|2|紫燕食品,410|-1.72|2301.78|0.61|0|3|ST绝味,310|-0.23|2296.46|0.64|1|2|煌上煌,287|-1.75|2256.17|1.07|0|3|煌上煌,257|0.38|2264.76|0.71|2|1|ST绝味,291|-2.67|2204.25|0.66|0|3|ST绝味,175|-1.85|2163.52|0.70|0|3|ST绝味,291|-5.56|2043.16|1.58|0|3|煌上煌,349|2.80|2100.31|1.58|3|0|煌上煌,276|1.79|2138|1.22|3|0|紫燕食品,34|0.35|2145.38|1.21|2|1|紫燕食品,295|1.01|2167.09|0.92|2|1|ST绝味,71|1.27|2194.65|0.72|3|0|紫燕食品,108|-0.57|2182.18|0.95|1|2|煌上煌,171|1.78|2220.99|1.07|2|1|紫燕食品,11|2.72|2281.29|1.83|2|1|紫燕食品,252|-2.42|2226.03|1.11|0|2|ST绝味,384|0.55|2238.19|0.91|2|1|ST绝味,415|1.70|2276.29|1.15|2|1|紫燕食品,256|-1.33|2246.08|0.70|0|3|ST绝味,475|-0.80|2228.12|0.87|2|1|煌上煌,81|1.00|2250.35|0.87|2|1|ST绝味,231|0.70|2266.19|0.72|2|1|煌上煌,149|-0.08|2264.47|0.74|2|1|煌上煌,306|1.07|2288.76|0.62|2|1|紫燕食品,140|0.61|2302.78|1.13|2|1|煌上煌,5|4.80|2413.28|1.12|3|0|紫燕食品,364|-0.76|2394.91|1.56|1|2|ST绝味,431|-0.86|2374.28|0.93|1|2|煌上煌,140|-0.35|2365.96|1.09|1|2|ST绝味
BK1585|乳品,,,,,,,,,,,,,,,,,,,,,,,,,,,,,,,,,,,,,,,,,,,,,,,,,,,,,,,,,,,,,,,,,,,,,,,312|0.92|2509.01|1.11|14|3|皇氏集团,371|0.32|2517.04|1.12|12|6|品渥食品,350|-0.74|2498.48|1.09|1|17|骑士乳业,204|0.74|2517|1.14|16|3|新乳业,277|-2.23|2460.98|1.71|2|17|贝因美,101|-1.24|2430.48|2.02|2|16|三元股份,353|-1.17|2402.09|1.73|3|16|西部牧业,397|-0.01|2401.83|1.33|10|7|皇氏集团,44|3.05|2475|1.64|19|0|新乳业,340|-1.40|2440.4|1.41|1|18|伊利股份,306|1.10|2467.14|1.04|19|0|燕塘乳业,330|-0.49|2454.96|0.89|6|13|海融科技,405|-1.44|2419.58|1.22|3|15|伊利股份,130|-0.02|2419.13|1.22|8|9|三元股份,147|0.66|2435.11|0.97|16|2|品渥食品,203|-1.32|2402.97|1.17|3|16|三元股份,253|0.40|2412.47|1.19|12|7|三元股份,135|-1.92|2366.11|1.57|1|18|贝因美,177|-1.86|2321.99|1.36|1|18|新乳业,179|-4.93|2207.4|1.93|1|18|皇氏集团,244|3.25|2279.05|1.76|19|0|皇氏集团,376|1.28|2308.27|1.29|17|2|均瑶健康,177|-1.04|2284.33|1.34|4|15|妙可蓝多,120|1.86|2326.88|1.31|18|1|均瑶健康,304|0.04|2327.72|1.28|11|7|天润乳业,197|-1.06|2303.01|1.24|1|18|天润乳业,341|0.87|2322.98|1.63|14|5|三元股份,186|-1.23|2294.47|1.17|2|17|骑士乳业,380|-3.07|2223.97|1.10|0|19|伊利股份,91|2.39|2277.15|1.21|19|0|皇氏集团,369|2.28|2329.06|1.27|19|0|新乳业,316|-1.71|2289.13|0.97|1|18|三元股份,187|1.04|2312.96|1.34|15|4|骑士乳业,235|0.12|2315.77|1.82|8|9|皇氏集团,412|-0.22|2310.64|1.46|9|10|均瑶健康,91|0.43|2320.54|1.32|10|8|均瑶健康,221|1.42|2353.56|1.51|16|2|均瑶健康,155|0.49|2365.18|1.40|7|12|均瑶健康,396|0.06|2366.63|1.63|10|6|妙可蓝多,406|-0.99|2343.19|1.55|5|14|妙可蓝多,361|-0.36|2334.72|1.45|7|12|天润乳业,83|0.22|2339.89|1.79|9|9|西部牧业
BK1586|软饮料,,,,,,,,,,,,,,,,,,,,,,,,,,,,,,,,,,,,,,,,,,,,,,,,,,,,,,,,,,,,,,,,,,,,,,,430|-0.14|2013.37|1.43|5|2|泉阳泉,167|1.24|2038.42|1.81|7|1|泉阳泉,352|-0.74|2023.28|1.36|2|6|养元饮品,471|-0.79|2007.32|1.14|3|4|李子园,201|-1.60|1975.25|1.65|1|7|养元饮品,98|-1.23|1950.89|1.81|1|7|香飘飘,399|-1.37|1924.13|1.58|1|7|养元饮品,333|0.48|1933.31|1.32|4|3|欢乐家,185|1.81|1968.21|1.45|8|0|养元饮品,258|-1.00|1948.53|1.28|2|6|东鹏饮料,220|1.56|1979|1.12|8|0|养元饮品,367|-0.61|1966.97|1.03|1|7|维维股份,225|-0.65|1954.17|1.16|3|5|养元饮品,235|-0.57|1942.98|1.27|1|4|东鹏饮料,75|1.19|1966.09|1.26|6|2|东鹏饮料,165|-1.05|1945.35|1.44|1|6|养元饮品,324|-0.08|1943.76|1.07|2|5|养元饮品,69|-1.23|1919.84|1.13|1|7|养元饮品,297|-2.46|1872.62|1.54|0|8|东鹏饮料,221|-5.17|1775.79|1.97|0|8|东鹏饮料,336|2.87|1826.68|1.21|8|0|维维股份,326|1.60|1855.97|1.02|8|0|泉阳泉,192|-1.09|1835.68|0.88|0|8|欢乐家,188|1.38|1861.01|0.97|7|1|东鹏饮料,87|1.15|1882.47|1.14|7|0|维维股份,373|-2.08|1843.36|1.27|1|7|欢乐家,374|0.65|1855.36|1.28|5|2|东鹏饮料,125|-0.64|1843.56|0.98|1|6|承德露露,272|-2.52|1797.06|0.88|0|8|承德露露,388|0.51|1806.26|1.13|6|2|泉阳泉,288|3.06|1861.49|1.22|8|0|养元饮品,382|-2.06|1823.23|0.94|0|8|承德露露,295|0.64|1834.84|0.91|6|2|泉阳泉,144|0.58|1845.53|1.74|4|3|承德露露,304|0.40|1852.97|1.32|4|2|养元饮品,153|-0.11|1850.89|1.01|4|4|欢乐家,205|1.49|1878.38|1.93|7|0|维维股份,195|0.27|1883.38|1.51|3|5|东鹏饮料,239|0.76|1897.62|1.42|5|3|泉阳泉,127|0.27|1902.71|1.44|3|5|养元饮品,219|0.33|1909.05|1.27|5|3|泉阳泉,172|-0.52|1899.14|1.39|4|3|东鹏饮料
BK1587|电信运营商,,,,,,,,,,,,,,,,,,,,,,,,,,,,,,,,,,,,,,,,,,,,,,,,,,,,,,,,,,,,,,,,,,,,,,,228|1.44|998.41|0.26|3|0|中国移动,428|0.05|998.92|0.32|1|1|中国联通,273|-0.38|995.09|0.24|0|2|中国联通,152|1.04|1005.44|0.32|3|0|中国电信,61|0.98|1015.26|0.43|3|0|中国电信,54|-0.20|1013.27|0.49|2|1|中国电信,257|-0.75|1005.62|0.41|0|3|中国电信,134|1.51|1020.79|0.42|3|0|中国联通,423|0.30|1023.89|0.26|2|0|中国电信,100|0.08|1024.75|0.39|1|1|中国电信,443|-0.33|1021.33|0.30|1|2|中国移动,68|1.23|1033.93|0.39|3|0|中国联通,134|-0.12|1032.71|0.28|0|2|中国电信,18|1.77|1050.95|0.68|3|0|中国电信,379|-0.71|1043.54|0.40|0|3|中国移动,72|-0.37|1039.65|0.31|1|2|中国移动,333|-0.15|1038.09|0.28|1|1|中国移动,26|0.36|1041.85|0.34|2|1|中国移动,452|-3.53|1005.04|0.72|0|3|中国移动,77|-3.44|970.49|0.55|0|3|中国电信,464|1.09|981.02|0.30|3|0|中国联通,481|-0.05|980.52|0.26|1|2|中国联通,166|-1.00|970.67|0.25|1|2|中国移动,465|-0.33|967.43|0.21|0|2|中国联通,407|-0.46|962.94|0.30|0|3|中国移动,47|0.12|964.13|0.24|2|1|中国移动,407|0.36|967.64|0.19|3|0|中国联通,124|-0.63|961.51|0.20|0|3|中国电信,13|0.25|963.92|0.21|2|1|中国联通,391|0.50|968.7|0.16|3|0|中国电信,451|1.20|980.28|0.28|3|0|中国联通,152|-0.78|972.66|0.19|0|3|中国移动,275|0.71|979.6|0.25|3|0|中国联通,276|-0.06|978.99|0.17|1|1|中国电信,378|0.05|979.47|0.15|1|2|中国联通,108|0.21|981.57|0.21|2|1|中国电信,434|0.32|984.67|0.24|2|1|中国联通,180|0.34|987.98|0.32|2|1|中国联通,468|-0.59|982.15|0.24|0|3|中国移动,5|2.62|1007.9|0.32|3|0|中国移动,486|-1.82|989.52|0.41|0|3|中国移动,86|0.18|991.3|0.28|2|0|中国电信
BK1588|通信工程及服务,,,,,,,,,,,,,,,,,,,,,,,,,,,,,,,,,,,,,,,,,,,,,,,,,,,,,,,,,,,,,,,,,,,,,,,382|0.41|3433.51|3.49|11|7|恒实科技,468|-0.34|3421.74|3.71|5|14|ST通脉,77|1.26|3464.81|4.47|16|4|中贝通信,126|1.33|3510.75|4.63|17|3|ST信通,447|-3.58|3385.1|4.78|0|19|普天科技,371|-4.07|3247.46|5.75|1|19|润建股份,178|-0.40|3234.54|3.43|7|12|亚联发展,44|2.28|3308.25|3.68|19|1|立昂技术,171|1.90|3371.15|3.47|18|1|中贝通信,32|1.52|3422.48|4.93|14|5|中贝通信,150|2.00|3490.89|5.96|18|2|宜通世纪,341|-0.53|3472.5|4.76|4|16|ST信通,415|-1.52|3419.7|4.27|3|17|润建股份,446|-2.34|3339.84|3.76|3|17|超讯通信,114|0.82|3367.14|3.48|12|8|世纪鼎利,359|-2.33|3288.57|3.48|1|19|亚联发展,7|3.67|3409.14|4.96|18|2|中贝通信,134|-1.91|3343.86|4.39|1|19|润建股份,478|-4.11|3206.37|4.71|2|18|世纪鼎利,459|-6.42|3000.62|5.28|0|20|立昂技术,70|4.44|3133.91|5.31|19|1|亚联发展,32|3.52|3244.1|4.98|20|0|中嘉博创,468|-3.11|3143.37|5.02|0|20|亚联发展,374|0.71|3165.57|3.88|18|2|*ST亿通,53|1.44|3211.24|4.36|18|2|润建股份,237|-1.22|3172.17|4.09|5|15|普天科技,176|1.76|3227.95|4.12|18|2|世纪鼎利,457|-2.98|3131.68|3.44|0|20|世纪鼎利,48|-0.99|3100.53|4.01|4|16|中贝通信,338|0.79|3125|3.36|14|6|世纪鼎利,72|5.40|3293.87|5.17|19|1|中嘉博创,193|-1.04|3259.59|5.50|3|17|中嘉博创,165|1.12|3296.14|6.75|12|8|中嘉博创,182|0.39|3308.96|6.58|13|7|润建股份,42|2.31|3385.4|6.24|15|5|中嘉博创,184|-0.27|3376.31|8.30|5|15|中嘉博创,15|3.73|3502.24|9.50|18|1|超讯通信,254|-0.10|3498.77|8.46|8|11|中嘉博创,481|-0.88|3467.93|7.65|6|14|三维通信,496|-2.56|3379.07|6.60|2|18|*ST亿通,69|1.26|3421.67|7.17|12|7|中贝通信,403|-1.94|3355.45|7.79|3|17|中贝通信
BK1589|通信应用增值服务,,,,,,,,,,,,,,,,,,,,,,,,,,,,,,,,,,,,,,,,,,,,,,,,,,,,,,,,,,,,,,,,,,,,,,,483|-2.23|5425.01|9.91|5|12|润泽科技,458|-0.20|5414.05|6.60|4|12|国安股份,33|2.09|5527.02|9.51|10|7|润泽科技,72|2.06|5641.01|8.39|17|0|光环新网,495|-5.35|5339.27|6.94|0|17|吴通控股,468|-5.91|5023.83|7.13|0|17|润泽科技,273|-0.83|4982.08|4.21|3|14|数据港,54|2.08|5085.54|5.27|16|1|二六三,321|1.12|5142.49|3.65|12|5|平治信息,6|3.11|5302.57|6.19|13|3|平治信息,65|2.70|5445.8|8.06|14|3|国安股份,254|-0.21|5434.15|11.13|6|11|国安股份,447|-1.80|5336.43|9.19|1|16|奥飞数据,494|-4.24|5109.98|7.84|2|15|吴通控股,26|2.27|5226.05|6.51|16|1|二六三,427|-2.96|5071.41|6.03|0|17|梦网科技,1|7.59|5456.33|8.69|17|0|世纪恒通,72|-1.25|5388.22|7.65|4|13|润泽科技,493|-5.24|5106.12|6.45|0|17|线上线下,301|-5.58|4821.07|6.13|0|17|润泽科技,144|3.83|5005.89|5.71|16|1|平治信息,11|4.23|5217.87|7.81|17|0|二六三,482|-3.59|5030.64|6.74|0|17|北纬科技,389|0.65|5063.23|5.13|13|4|会畅科技,198|0.48|5087.38|5.69|9|7|数据港,329|-1.69|5001.34|4.72|2|15|挖金客,76|2.33|5117.9|5.77|17|0|润泽科技,492|-4.36|4894.79|5.39|1|16|挖金客,93|-1.41|4825.64|4.37|4|13|光环新网,435|0.15|4833.1|3.71|9|7|吴通控股,22|6.60|5151.93|7.32|16|1|平治信息,345|-1.86|5056.06|5.33|3|14|吴通控股,438|-0.21|5045.53|5.14|7|10|数据港,44|1.45|5118.72|6.36|12|3|二六三,90|1.57|5199.24|7.70|15|2|光环新网,407|-1.22|5135.65|5.10|2|15|线上线下,9|4.58|5371.08|7.76|17|0|蜂助手,460|-1.45|5293.06|5.87|2|15|线上线下,351|0.27|5307.58|5.54|8|7|梦网科技,457|-1.37|5235.13|5.55|3|14|ST恒信,20|2.39|5360.11|6.28|16|1|ST恒信,104|-0.01|5359.56|6.70|5|11|线上线下
BK1590|其他通信设备,,,,,,,,,,,,,,,,,,,,,,,,,,,,,,,,,,,,,,,,,,,,,,,,,,,,,,,,,,,,,,,,,,,,,,,302|1.01|6814.79|2.73|8|5|长江通信,380|0.29|6834.4|3.01|9|5|坤恒顺维,50|1.82|6958.72|4.42|12|1|中光防雷,254|0.53|6995.53|3.80|8|6|震有科技,118|-0.43|6965.79|4.79|4|10|长江通信,484|-6.71|6498.36|5.11|0|14|宁通信B,75|0.48|6529.4|3.01|8|6|广哈通信,83|1.82|6648.19|3.03|13|1|东软载波,432|0.06|6652.05|2.58|8|4|震有科技,233|-0.89|6592.6|3.35|5|9|映翰通,37|3.10|6796.99|3.02|13|0|长江通信,230|-0.11|6789.53|3.55|6|7|宁通信B,474|-2.31|6632.42|2.85|1|13|宁通信B,468|-2.84|6444.19|2.30|0|14|宁通信B,294|-0.16|6434.19|2.14|6|8|坤恒顺维,451|-3.37|6217.44|2.08|1|13|宁通信B,15|3.08|6409.16|1.85|14|0|朗威股份,305|-2.72|6234.55|1.75|0|14|东信Ｂ股,391|-3.04|6044.98|2.14|0|13|宁通信B,455|-6.38|5659.1|3.01|0|14|震有科技,221|3.37|5850.03|2.34|14|0|朗威股份,56|2.94|6022.25|2.31|14|0|长江通信,392|-2.11|5895.17|1.91|0|14|长江通信,345|0.81|5942.86|1.59|11|3|震有科技,167|0.66|5982.02|2.12|8|6|长江通信,107|-0.56|5948.7|2.26|3|11|云里物里,315|1.02|6009.25|1.77|12|2|朗威股份,331|-1.89|5895.87|1.81|2|12|长江通信,85|-1.37|5815.23|1.95|1|13|长江通信,427|0.23|5828.39|1.42|10|4|东软载波,49|5.80|6166.36|2.66|14|0|朗威股份,164|-0.84|6114.38|2.12|1|13|长江通信,149|1.18|6186.23|2.25|11|3|长江通信,193|0.34|6207.03|2.82|4|10|东软载波,64|1.96|6328.76|2.75|11|3|震有科技,384|-1.08|6260.37|2.59|4|10|坤恒顺维,103|1.99|6385.13|2.56|13|1|东软载波,70|1.41|6475.26|4.22|9|5|东方通信,162|1.09|6545.69|4.10|13|1|长江通信,340|-0.63|6504.51|2.89|4|10|坤恒顺维,170|0.55|6540.09|4.20|8|6|东方通信,451|-2.53|6374.61|3.65|3|11|坤恒顺维
BK1591|通信网络设备及器件,,,,,,,,,,,,,,,,,,,,,,,,,,,,,,,,,,,,,,,,,,,,,,,,,,,,,,,,,,,,,,,,,,,,,,,113|2.44|12531.31|3.84|30|5|天孚通信,481|-0.51|12467.87|3.82|15|18|通宇通讯,17|2.46|12774.56|4.90|30|6|烽火通信,447|-0.36|12728.09|4.75|16|19|烽火通信,81|0.33|12769.83|4.97|18|18|烽火通信,290|-3.27|12352.06|6.09|7|29|美信科技,135|-0.11|12338.79|4.14|17|19|意华股份,115|1.66|12543.43|4.72|24|12|世嘉科技,400|0.58|12616.24|3.99|20|15|联特科技,442|-2.25|12332.85|4.76|4|31|联特科技,3|5.85|13054.63|4.65|36|0|鼎信通讯,126|0.52|13122.27|5.57|17|19|鼎信通讯,370|-1.28|12953.95|4.70|10|25|光迅科技,443|-2.31|12654.9|3.83|5|31|美利信,156|0.61|12732|3.81|22|14|鼎信通讯,495|-5.43|12041.02|3.99|0|36|海能达,3|4.21|12547.78|4.16|36|0|信科移动-U,57|-0.94|12429.78|4.05|11|25|铭普光磁,53|-0.62|12352.57|5.28|12|24|光库科技,420|-6.14|11594.08|4.77|1|35|光库科技,248|3.23|11968.77|4.12|34|2|鼎信通讯,17|3.96|12442.3|4.46|33|3|铭普光磁,427|-2.41|12142.65|3.87|4|32|铭普光磁,311|0.95|12257.41|4.07|22|13|德科立,93|1.12|12394.25|4.07|23|12|世嘉科技,438|-2.87|12038.62|4.30|6|30|通宇通讯,36|3.28|12433.7|3.75|32|4|铭普光磁,180|-1.18|12286.66|3.72|7|29|三旺通信,5|2.06|12539.17|4.42|22|13|通宇通讯,205|1.41|12716.09|4.24|25|11|鼎信通讯,53|5.72|13442.9|5.63|34|2|铭普光磁,7|1.43|13635.69|5.82|18|18|光迅科技,445|-0.27|13598.26|5.27|15|20|新易盛,86|0.98|13731.44|4.40|15|19|铭普光磁,103|1.48|13934.52|4.95|24|11|信科移动-U,333|-0.86|13814.75|4.81|13|23|三旺通信,46|2.72|14190.09|4.33|32|4|鼎通科技,8|3.68|14712.38|4.71|29|6|光迅科技,317|0.41|14772.79|5.07|17|19|烽火通信,339|-0.63|14680.23|4.41|12|23|仕佳光子,3|3.95|15260.09|5.39|31|5|武汉凡谷,464|-2.84|14827.39|5.84|6|31|汇绿生态
BK1592|通信线缆及配套,,,,,,,,,,,,,,,,,,,,,,,,,,,,,,,,,,,,,,,,,,,,,,,,,,,,,,,,,,,,,,,,,,,,,,,21|5.28|21096.16|8.00|12|0|华脉科技,494|-1.67|20743.63|7.64|3|9|富士达,4|4.88|21755.47|7.59|11|1|通鼎互联,301|0.33|21826.49|10.10|4|7|亨通光电,43|2.01|22265.48|9.52|8|4|特发信息,341|-3.69|21443.58|10.43|2|10|通鼎互联,70|0.52|21554.37|8.36|7|5|特发信息,367|0.20|21597.16|8.80|7|5|亨通光电,490|-2.50|21057.93|6.80|2|10|长盈通,492|-3.40|20341.5|6.80|0|12|长飞光纤,2|6.62|21687.77|8.30|12|0|长飞光纤,136|0.47|21789.15|9.39|6|5|长飞光纤,342|-1.15|21538.82|7.08|5|7|华脉科技,334|-1.11|21299.57|6.21|2|9|长盈通,446|-1.76|20923.75|5.67|4|8|永鼎股份,494|-5.30|19814.5|6.31|1|11|神宇股份,49|2.09|20228.51|4.96|11|1|通鼎互联,277|-2.63|19696.22|4.21|1|11|华脉科技,170|-1.80|19341.17|6.02|2|10|永鼎股份,446|-6.27|18128.32|5.36|0|12|长飞光纤,19|5.21|19073.56|6.09|11|1|通鼎互联,3|7.52|20507.84|5.82|12|0|通鼎互联,217|-1.21|20260.35|7.41|3|9|长盈通,310|0.95|20452.8|6.31|10|2|通鼎互联,4|4.48|21368.43|7.82|12|0|亨通光电,36|0.36|21445.2|9.55|5|7|特发信息,348|0.83|21623.33|9.00|6|6|永鼎股份,7|3.56|22392.49|9.32|9|3|汇源通信,3|2.34|22915.86|9.07|8|4|汇源通信,153|1.73|23311.99|7.54|6|6|汇源通信,91|5.17|24517.52|7.99|10|2|汇源通信,1|4.37|25589.1|12.27|11|1|汇源通信,496|-3.42|24715.2|12.07|1|10|永鼎股份,347|-0.41|24613.75|11.32|6|6|特发信息,344|0.20|24662.51|10.16|5|7|汇源通信,478|-2.35|24083.96|9.16|2|10|永鼎股份,21|3.42|24906.55|9.74|11|1|通鼎互联,102|1.04|25164.35|9.50|7|5|长盈通,8|4.38|26267.09|8.97|10|2|通鼎互联,446|-1.25|25938.08|10.99|2|10|中天科技,1|5.78|27436.43|10.09|12|0|永鼎股份,457|-2.69|26698.15|11.20|2|10|永鼎股份
BK1593|通信终端及配件,,,,,,,,,,,,,,,,,,,,,,,,,,,,,,,,,,,,,,,,,,,,,,,,,,,,,,,,,,,,,,,,,,,,,,,407|0.11|4337.38|2.37|18|10|澄天伟业,348|0.43|4355.92|3.32|16|12|中瓷电子,61|1.52|4422.32|3.87|22|6|中瓷电子,371|0.08|4425.77|3.84|12|15|美格智能,291|-2.32|4322.92|3.85|5|23|剑桥科技,430|-4.76|4117.32|3.95|2|26|天邑股份,157|-0.26|4106.78|2.97|9|17|美格智能,29|2.61|4213.95|4.03|24|4|国盾量子,356|0.88|4251.11|3.42|21|7|威胜信息,239|-0.93|4211.7|3.84|6|22|美格智能,85|2.53|4318.4|3.56|26|2|瑞斯康达,42|1.74|4393.49|5.32|13|14|瑞斯康达,328|-1.09|4345.39|5.39|7|21|*ST天喻,382|-1.40|4284.65|4.54|4|24|瑞斯康达,411|-1.12|4236.55|4.58|16|12|中瓷电子,473|-3.91|4070.69|3.84|0|28|移远通信,40|2.25|4162.21|3.36|22|6|瑞斯康达,73|-1.25|4110.21|3.89|6|22|有方科技,171|-1.81|4035.93|4.87|6|22|*ST天喻,248|-5.34|3820.51|5.11|2|26|瑞斯康达,129|3.94|3971.06|4.33|27|1|菲菱科思,197|2.15|4056.56|4.80|24|4|共进股份,434|-2.49|3955.35|3.68|3|25|*ST天喻,423|0.44|3972.66|3.42|19|9|菲菱科思,270|0.18|3979.79|2.51|15|13|澄天伟业,404|-2.46|3881.78|2.97|6|20|移远通信,141|1.94|3956.93|3.20|26|1|瑞斯康达,422|-2.51|3857.5|3.08|2|26|ST路通,34|-0.70|3830.62|3.09|9|19|中瓷电子,346|0.75|3859.29|3.14|16|11|菲菱科思,102|5.00|4052.1|4.02|27|0|剑桥科技,140|-0.72|4023.07|3.75|6|21|剑桥科技,184|1.05|4065.48|4.21|18|8|恒宝股份,215|0.22|4074.3|3.36|7|20|瑞斯康达,202|0.82|4107.79|3.80|17|10|有方科技,221|-0.39|4091.83|3.72|6|20|菲菱科思,29|3.14|4220.23|3.54|23|4|利尔达,68|1.44|4280.89|3.67|14|12|剑桥科技,179|1.00|4323.78|4.11|19|8|中瓷电子,393|-0.88|4285.74|3.51|5|22|剑桥科技,26|2.18|4379.27|4.35|24|2|菲菱科思,280|-1.09|4331.36|4.58|5|21|移为通信
BK1594|化学制剂,,,,,,,,,,,,,,,,,,,,,,,,,,,,,,,,,,,,,,,,,,,,,,,,,,,,,,,,,,,,,,,,,,,,,,,379|0.44|4156.34|1.24|71|39|前沿生物-U,264|0.73|4186.61|1.46|88|23|常山药业,415|-1.11|4139.97|1.62|16|97|亿帆医药,260|0.49|4160.43|1.26|75|36|多瑞医药,350|-2.64|4050.69|1.97|9|103|亿帆医药,209|-2.58|3945.99|1.93|8|105|联环药业,223|-0.62|3921.69|1.51|23|90|亚虹医药-U,192|1.23|3969.9|1.42|95|14|联环药业,42|3.09|4092.48|1.79|109|5|亚虹医药-U,151|-0.45|4074.22|1.97|23|89|海欣股份,124|2.20|4163.79|1.66|101|9|信立泰,419|-0.86|4128.09|1.37|19|90|兴齐眼药,319|-1.07|4083.87|1.39|21|91|亿帆医药,162|-0.18|4076.32|1.41|38|70|广生堂,135|0.70|4104.99|1.28|80|31|信立泰,84|-0.48|4085.32|1.49|35|76|信立泰,208|0.79|4117.54|1.33|74|35|莎普爱思,169|-2.12|4030.06|1.43|7|107|万邦德,218|-2.15|3943.48|1.45|7|107|*ST赛隆,292|-5.57|3723.96|2.18|2|112|华纳药厂,130|3.94|3870.6|1.86|113|1|万邦德,368|1.35|3922.9|1.45|92|19|双鹭药业,111|-0.70|3895.44|1.51|30|83|万邦德,7|4.76|4080.86|2.38|113|1|联环药业,114|1.00|4121.62|2.49|75|37|东诚药业,127|-0.70|4092.86|2.53|26|86|万邦德,7|5.24|4307.33|3.61|114|0|润都股份,29|1.17|4357.55|4.52|58|53|北大医药,267|-2.51|4248.13|3.90|11|103|莱美药业,441|0.12|4253.3|3.57|56|55|金陵药业,460|0.93|4293.02|3.67|86|26|金陵药业,419|-2.24|4196.74|3.64|10|103|金城医药,411|0.04|4198.41|3.09|67|42|仟源医药,431|-0.92|4159.83|2.52|26|87|常山药业,200|0.83|4194.15|2.50|81|28|哈药股份,9|2.42|4295.77|4.38|100|11|金陵药业,467|-0.13|4290.24|3.87|47|64|昂利康,468|-1.54|4224.32|3.13|18|96|昂利康,459|-0.46|4204.9|2.66|40|72|多瑞医药,432|-1.17|4155.5|2.26|14|98|*ST双成,182|0.48|4175.27|2.11|68|44|益方生物-U,321|-1.39|4117.03|2.23|13|101|罗欣药业
BK1595|原料药,,,,,,,,,,,,,,,,,,,,,,,,,,,,,,,,,,,,,,,,,,,,,,,,,,,,,,,,,,,,,,,,,,,,,,,351|0.67|3916.95|1.95|31|15|科源制药,161|1.28|3966.96|2.26|39|7|科源制药,214|-0.07|3964.07|3.20|13|31|海翔药业,282|0.40|3979.91|3.25|26|19|科源制药,326|-2.55|3878.51|3.08|4|42|浙江医药,266|-3.09|3758.56|2.89|3|43|ST诺泰,294|-0.90|3724.74|2.09|12|34|科源制药,279|0.81|3754.84|1.92|36|10|科源制药,67|2.77|3858.78|2.11|45|1|美诺华,244|-0.95|3822.1|2.09|10|33|键凯科技,218|1.58|3882.37|1.89|40|5|科源制药,179|0.15|3888.34|2.04|13|30|科源制药,125|-0.07|3885.66|3.01|14|30|能特科技,86|0.29|3896.89|3.48|26|19|美诺华,181|0.45|3914.29|2.51|29|17|新诺威,270|-1.65|3849.6|2.53|6|39|美诺华,174|1.00|3887.95|2.11|29|14|博瑞医药,358|-3.00|3771.48|2.04|1|45|科源制药,280|-2.41|3680.5|2.20|1|45|美诺华,398|-5.96|3460.96|2.77|0|46|博瑞医药,56|4.56|3618.62|2.54|45|1|美诺华,390|1.21|3662.58|2.38|39|6|美诺华,37|0.22|3670.65|2.79|16|28|海森药业,19|3.92|3814.49|3.78|44|2|美诺华,117|0.99|3852.28|3.51|32|14|美诺华,100|-0.49|3833.26|3.50|13|32|津药药业,35|3.28|3959.15|3.78|44|2|津药药业,36|0.74|3988.62|3.89|17|29|津药药业,401|-3.24|3859.47|4.02|2|44|津药药业,221|1.36|3911.8|3.98|31|15|津药药业,434|1.45|3968.66|4.02|39|7|美诺华,391|-2.09|3885.58|4.00|4|42|美诺华,78|1.54|3945.34|4.20|36|10|纳微科技,426|-0.88|3910.6|3.63|11|35|科源制药,316|0.34|3923.84|3.78|22|20|美诺华,15|1.96|4000.9|4.52|31|13|博瑞医药,462|-0.04|3999.21|3.63|22|21|海森药业,423|-1.17|3952.55|3.39|9|37|峆一药业,427|-0.18|3945.5|3.14|17|25|津药药业,350|-0.67|3918.89|3.16|8|37|普洛药业,207|0.38|3933.75|2.81|28|17|纳微科技,305|-1.27|3883.85|3.74|7|39|美诺华
BK1596|其他生物制品,,,,,,,,,,,,,,,,,,,,,,,,,,,,,,,,,,,,,,,,,,,,,,,,,,,,,,,,,,,,,,,,,,,,,,,342|0.77|8198.73|1.23|26|11|万泽股份,175|1.16|8293.45|1.31|29|9|长春高新,326|-0.64|8240.22|1.61|7|31|万泽股份,398|-0.05|8235.75|1.34|18|20|万泽股份,377|-2.78|8006.4|2.00|4|34|ST未名,277|-3.15|7753.95|1.98|2|36|通化东宝,261|-0.78|7693.3|1.46|7|31|中源协和,235|1.01|7770.73|1.25|29|7|诺思兰德,18|3.85|8069.62|1.83|37|0|万泽股份,254|-0.98|7990.62|1.75|3|35|万泽股份,33|3.22|8247.56|1.81|37|1|荣昌生物,432|-0.91|8172.45|1.46|11|27|无锡晶海,364|-1.26|8069.47|1.62|5|33|*ST四环,260|-0.71|8011.84|1.62|9|28|西藏药业,132|0.72|8069.9|1.49|25|13|*ST四环,74|-0.41|8036.73|1.59|13|25|三生国健,61|1.85|8185.64|1.65|29|9|万泽股份,236|-2.44|7985.64|1.49|1|37|三生国健,216|-2.11|7816.86|1.49|3|35|三生国健,374|-5.88|7357.36|1.99|0|38|中源协和,157|3.76|7633.86|1.63|38|0|智翔金泰-U,461|0.44|7667.22|1.29|24|13|万泽股份,158|-0.97|7593.03|1.33|9|29|赛伦生物,13|4.33|7921.43|2.06|37|1|康弘药业,133|0.80|7985.15|2.55|23|15|三生国健,102|-0.51|7944.03|2.20|12|26|百普赛斯,4|5.65|8392.97|3.16|37|0|万泽股份,31|1.05|8480.87|3.34|21|16|三生国健,312|-2.74|8248.54|3.00|4|34|诺思兰德,458|-0.05|8244.73|2.58|18|20|赛伦生物,408|1.86|8398.34|2.45|32|6|万泽股份,186|-1.00|8314.31|2.75|9|29|万泽股份,54|1.75|8459.98|2.71|31|7|万泽股份,129|0.68|8517.29|2.38|17|20|君实生物-U,211|0.80|8585.09|2.39|22|14|近岸蛋白,17|1.91|8749.17|3.44|32|5|赛伦生物,398|0.62|8803.74|2.77|22|15|万泽股份,448|-1.38|8682.21|2.47|7|31|无锡晶海,475|-0.67|8623.63|2.22|12|26|赛伦生物,456|-1.36|8506.57|1.96|7|31|赛伦生物,74|1.21|8609.24|1.83|28|9|昊帆生物,440|-2.35|8407.21|2.17|4|34|诺唯赞
BK1597|血液制品,,,,,,,,,,,,,,,,,,,,,,,,,,,,,,,,,,,,,,,,,,,,,,,,,,,,,,,,,,,,,,,,,,,,,,,293|1.07|5641.89|0.49|6|0|博晖创新,291|0.64|5678.08|0.53|5|0|天坛生物,219|-0.11|5672.04|0.67|2|3|派林生物,422|-0.22|5659.82|0.55|2|4|卫光生物,113|-0.38|5638.42|0.96|4|2|卫光生物,154|-2.01|5524.86|0.92|0|6|派林生物,450|-2.00|5414.53|0.91|0|6|博晖创新,369|0.17|5423.86|0.50|4|1|博晖创新,209|1.66|5513.73|0.53|6|0|博雅生物,114|-0.09|5508.69|0.66|2|3|派林生物,331|0.91|5559.04|0.52|5|0|博晖创新,382|-0.69|5520.43|0.50|3|3|派林生物,104|0.16|5529.42|0.48|2|4|卫光生物,55|0.57|5560.94|0.56|2|3|卫光生物,272|-0.05|5558.16|0.48|2|4|博晖创新,124|-0.84|5511.57|0.56|0|5|上海莱士,371|-0.44|5487.33|0.58|1|5|博晖创新,91|-1.44|5408.19|0.52|0|6|天坛生物,192|-1.99|5300.8|0.62|0|6|派林生物,320|-5.65|5001.19|0.98|0|6|上海莱士,415|2.24|5113.27|0.50|6|0|博晖创新,453|0.53|5140.56|0.43|6|0|卫光生物,196|-1.11|5083.69|0.48|0|6|上海莱士,183|1.40|5154.96|0.50|6|0|博晖创新,356|-0.20|5144.52|0.46|2|4|天坛生物,177|-0.96|5095.27|0.45|0|6|上海莱士,80|2.32|5213.35|0.61|6|0|博晖创新,102|-0.46|5189.22|0.58|1|5|博晖创新,290|-2.61|5054.03|0.51|0|6|卫光生物,416|0.33|5070.53|0.42|3|3|博晖创新,370|2.27|5185.83|0.57|6|0|派林生物,407|-2.16|5074.01|0.58|0|6|卫光生物,337|0.46|5097.54|0.44|4|1|博雅生物,461|-1.31|5030.8|0.63|0|6|天坛生物,334|0.25|5043.31|0.52|4|2|博雅生物,53|0.88|5087.93|0.65|6|0|博晖创新,303|1.08|5142.93|0.76|5|1|天坛生物,415|-1.11|5085.72|0.50|1|5|卫光生物,476|-0.70|5050.26|0.39|0|6|上海莱士,324|-0.56|5021.93|0.38|1|5|天坛生物,334|-0.24|5009.87|0.37|2|4|博晖创新,276|-1.05|4957.21|0.46|0|6|天坛生物
BK1598|疫苗,,,,,,,,,,,,,,,,,,,,,,,,,,,,,,,,,,,,,,,,,,,,,,,,,,,,,,,,,,,,,,,,,,,,,,,405|0.13|4653.76|0.87|11|3|辽宁成大,136|1.51|4723.97|1.09|14|0|欧林生物,407|-1.07|4673.55|0.99|1|12|康希诺,169|0.96|4718.29|0.77|11|3|康希诺,376|-2.78|4587.07|1.48|0|13|辽宁成大,235|-2.76|4460.37|1.50|1|13|辽宁成大,175|-0.39|4443.09|1.09|3|11|欧林生物,338|0.42|4461.86|0.90|11|2|欧林生物,153|1.99|4550.68|0.97|13|1|金迪克,107|-0.01|4550.04|1.10|6|7|欧林生物,301|1.12|4601.19|0.85|13|1|康华生物,336|-0.52|4577.29|0.77|4|10|万泰生物,92|0.23|4588.02|1.27|6|8|欧林生物,157|-0.16|4580.76|0.95|5|9|康乐卫士,313|-0.24|4569.55|1.02|10|4|万泰生物,191|-1.24|4512.84|0.80|4|9|辽宁成大,65|1.80|4593.98|0.80|9|3|欧林生物,115|-1.79|4511.84|1.76|1|13|沃森生物,95|-1.26|4455.1|1.44|2|12|沃森生物,438|-6.22|4177.82|1.67|0|14|万泰生物,332|2.89|4298.53|1.09|14|0|康希诺,473|0.23|4308.3|0.99|8|5|辽宁成大,249|-1.37|4249.37|0.87|1|13|欧林生物,51|2.75|4366.44|1.15|14|0|欧林生物,171|0.62|4393.68|1.30|11|3|沃森生物,247|-1.24|4339.32|1.15|3|11|辽宁成大,25|3.67|4498.75|1.78|14|0|智飞生物,91|-0.31|4484.64|1.35|3|11|康乐卫士,293|-2.64|4366.18|1.20|0|14|辽宁成大,360|0.67|4395.45|1.07|10|4|金迪克,361|2.36|4499.21|1.43|14|0|万泰生物,455|-2.53|4385.42|1.17|0|14|辽宁成大,163|1.13|4434.87|1.13|13|1|辽宁成大,386|-0.57|4409.78|0.92|2|12|康希诺,66|1.90|4493.65|1.32|13|1|欧林生物,177|-0.22|4483.7|1.20|8|6|康希诺,458|0.03|4485.1|0.90|6|8|康乐卫士,350|-0.55|4460.33|0.94|4|10|康乐卫士,437|-0.23|4450.13|0.94|5|9|欧林生物,419|-1.09|4401.68|0.97|3|11|百克生物,152|0.63|4429.38|1.19|9|5|康泰生物,444|-2.39|4323.47|1.16|0|14|辽宁成大
BK1599|其他医疗服务,,,,,,,,,,,,,,,,,,,,,,,,,,,,,,,,,,,,,,,,,,,,,,,,,,,,,,,,,,,,,,,,,,,,,,,422|-0.05|5276.85|2.54|2|3|*ST生物,58|2.70|5419.41|3.63|5|0|数字人,452|-1.60|5332.44|3.23|0|5|数字人,90|1.76|5426.47|3.12|5|0|*ST生物,480|-4.16|5200.94|3.27|0|5|合富中国,291|-3.27|5030.71|3.26|0|5|数字人,74|0.48|5055.05|2.50|3|2|数字人,306|0.67|5088.73|2.14|3|2|润达医疗,180|1.85|5182.63|2.24|5|0|合富中国,43|1.24|5247.11|2.24|2|3|数字人,174|1.83|5343.34|1.92|4|1|诺禾致源,324|-0.46|5318.85|1.96|1|4|*ST生物,418|-1.53|5237.23|1.84|0|5|诺禾致源,146|-0.10|5231.77|1.83|1|4|*ST生物,265|0.01|5232.42|2.15|3|2|合富中国,255|-1.58|5149.49|3.93|1|4|*ST生物,224|0.68|5184.55|2.28|4|1|诺禾致源,306|-2.73|5043.27|2.08|1|4|*ST生物,373|-2.87|4898.36|2.23|0|5|合富中国,96|-3.94|4705.5|2.85|1|4|*ST生物,220|3.38|4864.64|2.25|5|0|诺禾致源,404|1.15|4920.57|2.15|4|1|合富中国,458|-2.81|4782.28|1.85|0|5|*ST生物,140|1.72|4864.71|1.55|5|0|诺禾致源,26|2.36|4979.32|3.68|4|1|合富中国,84|-0.31|4963.91|5.31|1|4|合富中国,181|1.74|5050.37|4.46|4|1|诺禾致源,22|1.66|5134.36|4.98|3|2|合富中国,57|-1.06|5080.17|6.99|1|4|合富中国,339|0.79|5120.2|6.40|4|1|合富中国,336|2.68|5257.5|6.54|4|1|数字人,482|-3.11|5093.99|5.14|1|4|*ST生物,454|-0.36|5075.86|4.34|3|2|数字人,308|-0.22|5064.48|3.14|1|3|*ST生物,341|0.22|5075.87|3.50|3|2|诺禾致源,47|1.09|5131.11|5.17|1|4|合富中国,494|-1.45|5056.51|3.51|2|3|润达医疗,322|-0.39|5036.6|3.14|2|3|数字人,56|2.09|5141.95|4.35|3|2|润达医疗,298|-0.44|5119.47|3.85|2|3|数字人,225|0.29|5134.44|2.87|3|2|诺禾致源,461|-2.77|4992.44|2.29|0|5|诺禾致源
BK1600|医疗研发外包,,,,,,,,,,,,,,,,,,,,,,,,,,,,,,,,,,,,,,,,,,,,,,,,,,,,,,,,,,,,,,,,,,,,,,,452|-0.58|7116.25|1.66|10|19|诚达药业,250|0.78|7171.42|1.66|22|7|美迪西,263|-0.33|7147.48|1.51|6|22|百奥赛图,294|0.36|7173.21|1.30|18|10|美迪西,454|-3.69|6908.16|2.26|0|29|普蕊斯,438|-4.96|6565.77|2.36|0|29|诚达药业,269|-0.82|6511.99|1.67|6|21|凯莱英,71|1.90|6635.53|1.56|26|3|益诺思,59|2.87|6825.69|1.80|28|1|百奥赛图,169|-0.58|6785.76|1.81|6|23|海特生物,31|3.41|7017.12|1.79|29|0|海特生物,448|-1.06|6942.5|1.59|2|24|海特生物,339|-1.14|6863.49|1.92|7|21|康龙化成,237|-0.58|6823.71|1.70|8|21|皓元医药,124|0.76|6875.57|1.73|19|10|百奥赛图,391|-2.55|6700.32|2.01|2|27|皓元医药,135|1.22|6782.21|1.56|24|5|益诺思,406|-3.30|6558.21|1.65|1|28|金凯生科,232|-2.21|6413.43|1.72|1|28|百奥赛图,296|-5.57|6055.99|2.45|1|28|海特生物,17|5.30|6377.04|2.64|29|0|百奥赛图,225|2.00|6504.75|2.10|28|1|百花医药,103|-0.60|6465.41|1.95|12|17|百诚医药,3|5.72|6835.36|2.96|29|0|昭衍新药,45|1.58|6943.36|3.41|21|8|海特生物,17|1.78|7066.92|3.82|19|8|凯莱英,1|7.49|7596.02|5.64|27|1|睿智医药,81|-0.19|7581.74|5.37|10|18|百奥赛图,297|-2.65|7381.11|3.96|5|23|百奥赛图,437|0.15|7391.93|3.39|14|11|药康生物,418|1.64|7512.91|3.66|25|4|百花医药,328|-1.78|7379.28|4.41|8|21|益诺思,238|0.83|7440.65|4.00|21|8|药康生物,482|-1.75|7310.11|2.65|2|27|和元生物,26|2.72|7508.81|3.16|29|0|金凯生科,69|0.65|7557.46|4.23|17|11|万邦医药,487|-0.65|7508.7|2.88|7|22|百诚医药,491|-2.52|7319.48|3.18|1|28|药康生物,314|0.42|7350.32|2.30|19|10|泓博医药,451|-1.28|7256.38|2.24|5|24|益诺思,70|1.25|7346.99|2.11|24|4|泓博医药,436|-2.31|7177.05|2.40|3|26|百奥赛图
BK1601|医院,,,,,,,,,,,,,,,,,,,,,,,,,,,,,,,,,,,,,,,,,,,,,,,,,,,,,,,,,,,,,,,,,,,,,,,265|1.21|7672.72|2.71|11|3|通策医疗,93|1.96|7822.84|3.12|14|1|新里程,400|-1.02|7743.22|2.37|0|14|新里程,214|0.70|7797.58|2.00|10|4|创新医疗,343|-2.62|7593.03|2.61|3|12|美年健康,383|-4.26|7269.75|3.15|0|15|爱尔眼科,139|-0.12|7260.79|1.83|7|8|澳洋健康,147|1.45|7365.88|1.98|12|3|创新医疗,30|3.46|7620.48|2.69|14|1|国际医学,74|0.57|7664.07|2.94|6|7|普瑞眼科,290|1.23|7758.29|2.04|11|4|普瑞眼科,100|0.83|7822.5|3.01|7|7|三博脑科,397|-1.40|7712.73|2.33|1|14|三博脑科,31|1.06|7794.22|2.67|7|8|盈康生命,390|-0.80|7731.74|2.40|8|7|ST中珠,229|-1.47|7617.87|2.11|3|11|盈康生命,259|0.38|7646.74|1.85|8|6|何氏眼科,334|-2.84|7429.27|1.84|0|15|盈康生命,415|-3.20|7191.56|1.86|0|15|爱尔眼科,343|-5.76|6777|2.32|0|15|爱尔眼科,85|4.26|7065.74|2.45|15|0|国际医学,413|1.05|7139.96|2.21|12|3|新里程,141|-0.87|7077.78|3.40|3|11|新里程,88|2.14|7229.45|3.25|13|2|光正眼科,72|1.27|7321.02|2.29|10|5|普瑞眼科,317|-1.60|7204.06|1.92|2|13|通策医疗,120|2.05|7351.9|2.11|15|0|盈康生命,200|-1.31|7255.83|1.97|2|13|三博脑科,446|-3.68|6988.6|1.87|2|13|普瑞眼科,196|1.45|7090.26|1.44|12|3|光正眼科,305|2.93|7298.22|2.25|14|1|三博脑科,417|-2.23|7135.65|2.38|2|13|普瑞眼科,322|0.52|7172.63|2.16|9|5|ST中珠,415|-0.77|7117.28|1.99|4|10|三博脑科,350|0.17|7129.26|1.95|8|6|盈康生命,262|-0.53|7091.8|2.26|4|10|美年健康,400|0.61|7135.35|2.45|12|3|新里程,459|-1.45|7032.09|1.98|1|14|ST中珠,125|1.29|7122.6|2.03|12|3|普瑞眼科,423|-1.12|7043.08|1.52|1|14|爱尔眼科,149|0.65|7088.62|2.22|10|4|新里程,132|-0.29|7068.3|2.51|4|11|爱尔眼科
BK1602|诊断服务,,,,,,,,,,,,,,,,,,,,,,,,,,,,,,,,,,,,,,,,,,,,,,,,,,,,,,,,,,,,,,,,,,,,,,,471|-1.60|6600.49|3.15|1|4|兰卫医学,179|1.13|6675.3|2.57|4|1|贝瑞基因,448|-1.53|6572.91|2.76|1|4|金域医学,140|1.14|6647.93|2.16|5|0|迪安诊断,452|-3.69|6402.73|2.96|0|5|金域医学,431|-4.77|6097.63|3.25|0|5|贝瑞基因,421|-1.57|6001.71|2.45|1|4|兰卫医学,163|1.37|6083.68|1.92|5|0|贝瑞基因,194|1.76|6190.74|2.23|5|0|兰卫医学,215|-0.81|6140.86|2.23|0|5|贝瑞基因,257|1.41|6227.21|1.97|5|0|兰卫医学,407|-0.79|6177.88|2.04|0|5|迪安诊断,410|-1.49|6085.79|1.58|0|5|华大基因,325|-1.08|6020.33|1.58|0|5|兰卫医学,215|0.30|6038.59|1.53|4|1|华大基因,240|-1.52|5946.83|1.61|0|5|华大基因,110|1.47|6034.05|1.50|5|0|贝瑞基因,349|-2.95|5856.28|1.80|0|5|金域医学,372|-2.87|5688.09|2.01|0|5|金域医学,486|-7.44|5264.85|3.34|0|5|贝瑞基因,99|4.13|5482.05|2.56|5|0|兰卫医学,432|0.81|5526.52|2.78|3|2|迪安诊断,404|-2.19|5405.49|2.00|0|5|兰卫医学,48|2.88|5561.06|2.09|5|0|兰卫医学,161|0.67|5598.2|1.95|4|1|迪安诊断,136|-0.75|5556.41|1.86|1|4|金域医学,29|3.49|5750.06|2.60|5|0|兰卫医学,134|-0.73|5707.89|2.86|1|4|贝瑞基因,445|-3.67|5498.53|2.27|0|5|金域医学,311|0.92|5549.15|1.68|4|1|贝瑞基因,177|4.02|5771.97|2.71|5|0|迪安诊断,493|-3.58|5565.45|2.51|0|5|兰卫医学,247|0.81|5610.39|1.78|4|0|金域医学,462|-1.34|5535.06|1.57|0|5|金域医学,75|1.81|5635.04|1.92|5|0|金域医学,142|0.00|5635.16|1.82|3|1|金域医学,394|0.64|5671.05|1.93|5|0|迪安诊断,451|-1.40|5591.72|1.90|0|5|迪安诊断,95|1.53|5677.41|2.17|5|0|迪安诊断,461|-1.44|5595.84|2.07|1|4|金域医学,65|1.33|5670.35|2.13|5|0|金域医学,361|-1.68|5575.02|2.12|0|5|金域医学
BK1603|体外诊断,,,,,,,,,,,,,,,,,,,,,,,,,,,,,,,,,,,,,,,,,,,,,,,,,,,,,,,,,,,,,,,,,,,,,,,323|0.85|3899.64|1.72|34|6|九安医疗,402|0.18|3906.7|1.76|29|10|济高发展,408|-1.08|3864.7|1.99|5|34|东方海洋,218|0.69|3891.43|1.41|33|6|浩欧博,308|-2.48|3794.99|2.55|3|37|九安医疗,195|-2.49|3700.45|2.47|2|38|九安医疗,368|-1.22|3655.25|1.86|6|33|博拓生物,166|1.33|3703.91|1.65|33|7|赛科希德,118|2.28|3788.33|1.81|38|2|睿昂基因,200|-0.73|3760.52|1.67|5|34|九安医疗,104|2.39|3850.23|1.52|39|0|英诺特,338|-0.52|3830.07|1.48|7|33|九安医疗,200|-0.53|3809.74|1.44|7|31|硕世生物,174|-0.22|3801.53|1.59|17|19|艾德生物,120|0.79|3831.62|1.93|27|12|东方海洋,132|-0.87|3798.21|4.06|10|29|基蛋生物,103|1.57|3857.74|2.86|32|7|基蛋生物,136|-1.93|3783.37|3.49|3|37|九安医疗,359|-2.83|3676.33|3.13|1|39|亚辉龙,411|-6.09|3452.57|3.20|0|40|东方生物,138|3.90|3587.1|2.69|40|0|国发股份,441|0.73|3613.3|2.24|29|9|九安医疗,368|-1.95|3542.88|1.91|0|40|爱威科技,29|3.42|3663.92|2.20|40|0|基蛋生物,203|0.46|3680.93|2.40|26|14|九安医疗,248|-1.24|3635.38|2.08|4|35|安旭生物,31|3.44|3760.33|2.29|39|1|九安医疗,143|-0.82|3729.45|2.80|8|32|凯普生物,395|-3.21|3609.78|2.35|1|39|浩欧博,133|1.88|3677.81|2.12|34|6|爱威科技,354|2.48|3768.88|2.44|36|4|之江生物,434|-2.36|3680.05|2.12|2|38|丹娜生物,199|0.99|3716.49|2.22|34|5|九安医疗,449|-1.08|3676.24|2.03|8|32|易瑞生物,354|0.16|3682.12|2.08|26|12|美康生物,74|0.58|3703.34|2.28|24|15|英诺特,418|0.48|3721.17|1.96|25|15|硕世生物,370|-0.71|3694.78|1.83|7|33|硕世生物,236|0.76|3722.95|1.71|27|11|仁度生物,390|-0.87|3690.72|1.50|7|32|博拓生物,125|0.80|3720.1|1.66|25|14|九安医疗,282|-1.11|3678.76|1.99|6|33|万孚生物
BK1604|医疗耗材,,,,,,,,,,,,,,,,,,,,,,,,,,,,,,,,,,,,,,,,,,,,,,,,,,,,,,,,,,,,,,,,,,,,,,,330|0.82|4779.06|1.45|39|14|爱迪特,200|1.00|4826.79|1.46|41|12|爱迪特,264|-0.34|4810.52|1.41|19|34|爱博医疗,73|1.98|4905.97|1.87|39|14|爱迪特,199|-1.58|4828.51|2.34|12|41|心脉医疗,257|-2.97|4685.06|2.19|5|48|欧普康视,349|-1.15|4631.17|1.80|9|44|五洲医疗,300|0.71|4663.95|1.66|41|12|蓝帆医疗,142|2.08|4761.04|1.86|45|8|南卫股份,238|-0.92|4717.28|2.10|11|42|英科医疗,91|2.48|4834.25|1.66|51|2|爱迪特,181|0.15|4841.58|1.77|21|31|振德医疗,236|-0.68|4808.48|1.56|16|37|可孚医疗,27|1.18|4865.17|2.53|26|23|蓝帆医疗,271|-0.04|4863.18|2.89|33|20|乐普医疗,134|-0.88|4820.37|2.64|13|40|中红医疗,136|1.19|4877.53|2.33|39|12|华兰股份,342|-2.89|4736.74|2.49|1|52|奥美医疗,346|-2.74|4606.98|2.48|3|50|康拓医疗,279|-5.48|4354.61|2.67|2|51|康拓医疗,100|4.12|4534.06|2.21|53|0|华强科技,392|1.20|4588.58|1.74|42|11|康拓医疗,321|-1.73|4509.38|1.51|8|45|康拓医疗,54|2.70|4631.24|1.70|53|1|海圣医疗,311|0.01|4631.86|1.95|30|24|英科医疗,141|-0.79|4595.34|2.03|19|34|天臣医疗,38|3.18|4741.28|2.77|51|3|力诺药包,89|-0.28|4727.9|2.82|19|35|济民健康,298|-2.65|4602.43|2.74|4|50|康拓医疗,264|1.18|4656.59|2.98|39|14|英科医疗,376|2.17|4757.46|3.26|49|5|力诺药包,353|-1.89|4667.49|2.56|8|46|华兰股份,158|1.14|4720.85|2.48|44|10|奥美医疗,444|-1.04|4671.84|2.35|9|44|奥美医疗,325|0.30|4685.91|2.06|33|21|大博医疗,103|0.23|4696.78|2.33|31|22|可孚医疗,431|0.36|4713.92|2.03|29|24|爱迪特,324|-0.43|4693.87|2.10|17|37|力诺药包,369|0.22|4704.11|2.19|33|20|华兰股份,207|-0.09|4699.71|2.12|18|35|奥美医疗,118|0.86|4740.25|2.22|33|20|力诺药包,294|-1.19|4683.87|2.62|13|40|威高骨科
BK1605|医疗设备,,,,,,,,,,,,,,,,,,,,,,,,,,,,,,,,,,,,,,,,,,,,,,,,,,,,,,,,,,,,,,,,,,,,,,,393|0.29|6792.45|1.59|30|13|瑞迈特,335|0.47|6824.54|1.62|31|13|东富龙,338|-0.69|6777.26|1.67|11|31|健信超导,116|1.44|6874.95|1.72|31|12|天智航-U,312|-2.50|6703.25|2.31|3|40|奕瑞科技,364|-4.04|6432.36|2.21|1|42|博迅生物,365|-1.21|6354.56|1.60|7|36|华康洁净,183|1.27|6435.44|1.50|33|10|康众医疗,137|2.14|6573.4|1.78|38|5|华康洁净,372|-1.51|6473.9|1.70|5|38|伟思医疗,151|1.99|6602.96|1.52|41|1|宝莱特,155|0.26|6620.24|1.73|12|31|宝莱特,245|-0.74|6571.41|1.80|8|35|翔宇医疗,223|-0.48|6540.18|1.93|16|25|海尔生物,308|-0.23|6525.23|1.95|19|21|华康洁净,228|-1.47|6429.29|1.87|8|34|北芯生命-U,147|1.13|6501.91|1.67|32|11|理邦仪器,377|-3.11|6299.75|1.73|1|42|天智航-U,358|-2.80|6123.07|1.70|2|41|华康洁净,436|-6.21|5742.59|2.43|0|43|联影医疗,137|3.90|5966.56|1.76|43|0|中科美菱,345|1.49|6055.36|1.71|38|5|宝莱特,344|-1.82|5945.03|1.47|3|39|中科美菱,71|2.35|6084.78|1.46|40|3|北芯生命-U,148|0.73|6129.06|1.58|21|22|海泰新光,155|-0.84|6077.7|1.74|10|32|海泰新光,32|3.42|6285.54|1.98|42|1|海泰新光,137|-0.77|6237.15|1.81|9|33|健信超导,270|-2.52|6080.11|1.55|2|41|海泰新光,394|0.47|6108.52|1.47|27|16|华康洁净,166|4.13|6360.66|1.83|43|0|华大智造,386|-2.08|6228.28|1.64|3|40|华康洁净,169|1.10|6296.57|1.55|36|7|麦澜德,354|-0.44|6268.78|1.60|11|31|麦澜德,161|1.02|6332.44|1.89|31|12|宝莱特,89|0.44|6360.12|1.85|22|20|健信超导,345|0.88|6416.04|1.69|30|12|海泰新光,199|0.24|6431.53|1.74|16|27|海泰新光,152|1.11|6503.01|1.76|33|10|海泰新光,264|-0.31|6482.55|1.74|12|30|海泰新光,68|1.27|6564.99|1.97|28|14|华康洁净,332|-1.46|6469.14|2.49|9|32|海泰新光
BK1606|线下药店,,,,,,,,,,,,,,,,,,,,,,,,,,,,,,,,,,,,,,,,,,,,,,,,,,,,,,,,,,,,,,,,,,,,,,,337|0.79|3996.19|0.98|7|1|第一医药,374|0.31|4008.49|1.22|5|3|漱玉平民,385|-0.90|3972.52|1.23|1|7|益丰药房,286|0.39|3988.12|0.97|6|2|漱玉平民,339|-2.61|3884.06|1.49|1|7|大参林,99|-1.23|3836.13|1.27|1|7|大参林,434|-1.76|3768.53|1.16|0|8|漱玉平民,133|1.52|3825.66|1.14|7|1|华人健康,211|1.65|3888.88|1.04|8|0|健之佳,197|-0.72|3861|1.06|2|6|益丰药房,404|0.42|3877.09|0.94|6|2|健之佳,301|-0.35|3863.41|0.86|2|6|益丰药房,196|-0.51|3843.59|0.83|1|7|益丰药房,117|0.10|3847.56|0.94|5|3|一心堂,278|-0.08|3844.64|0.97|3|3|老百姓,113|-0.73|3816.51|0.90|1|7|益丰药房,288|0.18|3823.26|0.76|4|4|漱玉平民,243|-2.47|3728.74|0.96|0|8|健之佳,103|-1.30|3680.12|0.90|1|7|益丰药房,352|-5.80|3466.73|1.39|0|8|益丰药房,276|3.11|3574.48|1.07|8|0|第一医药,405|1.13|3614.97|1.01|8|0|大参林,154|-0.96|3580.4|0.89|1|7|老百姓,172|1.48|3633.34|0.81|8|0|第一医药,51|1.45|3686.11|1.15|8|0|漱玉平民,70|-0.20|3678.73|1.08|3|5|大参林,232|1.49|3733.55|1.30|8|0|华人健康,20|1.70|3797.18|2.62|4|4|华人健康,113|-1.56|3737.9|2.59|1|7|华人健康,254|1.25|3784.65|2.25|6|2|华人健康,468|0.47|3802.44|2.30|6|2|一心堂,494|-3.61|3665.01|2.26|0|8|健之佳,412|0.03|3666.13|1.65|6|2|大参林,490|-2.08|3590.02|1.48|0|8|老百姓,384|0.00|3589.89|1.39|4|3|老百姓,2|6.01|3805.52|3.41|8|0|华人健康,489|-0.74|3777.42|2.56|2|6|第一医药,464|-1.49|3721.31|1.55|0|8|老百姓,233|0.78|3750.35|2.07|7|1|华人健康,226|-0.17|3744|1.84|3|4|益丰药房,292|-0.03|3742.99|1.38|4|4|一心堂,16|2.20|3825.22|3.05|6|2|益丰药房
BK1607|医药流通,,,,,,,,,,,,,,,,,,,,,,,,,,,,,,,,,,,,,,,,,,,,,,,,,,,,,,,,,,,,,,,,,,,,,,,227|1.44|2359.66|1.14|24|0|百洋医药,312|0.57|2373.13|1.44|16|7|海王生物,357|-0.76|2355.14|1.31|1|23|国药股份,322|0.25|2361|0.98|16|6|塞力医疗,327|-2.55|2300.83|1.88|4|20|国药股份,146|-1.89|2257.33|1.67|1|23|国药股份,336|-1.09|2232.71|1.39|3|21|药易购,257|0.89|2252.56|1.12|21|2|塞力医疗,131|2.18|2301.71|1.20|22|0|塞力医疗,181|-0.65|2286.84|1.32|6|18|塞力医疗,335|0.89|2307.2|1.04|20|2|达嘉维康,257|-0.22|2302.2|1.08|9|14|塞力医疗,189|-0.47|2291.43|1.03|10|13|建发致新,83|0.29|2298.14|1.22|13|7|塞力医疗,274|-0.07|2296.64|1.14|10|12|建发致新,99|-0.66|2281.44|1.35|3|18|建发致新,294|0.14|2284.72|1.11|14|10|药易购,161|-2.04|2238.15|1.13|1|23|开开Ｂ股,194|-1.99|2193.61|1.17|1|23|国药股份,181|-4.95|2085.12|1.82|0|24|开开Ｂ股,170|3.66|2161.47|1.52|24|0|塞力医疗,377|1.28|2189.15|1.10|22|2|百洋医药,251|-1.38|2158.9|0.99|1|22|国药一致,105|1.99|2201.76|1.24|23|0|海王生物,35|2.02|2246.33|1.68|22|1|塞力医疗,28|0.51|2257.88|1.91|9|12|鹭燕医药,129|2.02|2303.49|2.76|21|1|海王生物,14|2.39|2358.57|4.82|21|0|重药控股,17|0.02|2359.12|5.35|8|16|重药控股,240|1.30|2389.82|6.00|17|6|鹭燕医药,485|-0.89|2368.67|5.27|15|9|南京医药,414|-2.21|2316.44|5.03|2|22|海王生物,327|0.50|2328.09|4.92|18|6|南京医药,488|-2.07|2279.82|3.65|1|22|百洋医药,266|0.55|2292.3|3.13|16|6|百洋医药,6|3.80|2379.48|5.47|24|0|瑞康医药,492|-1.15|2352.14|5.27|4|19|瑞康医药,476|-1.74|2311.16|3.39|2|22|百洋医药,376|0.17|2315.19|2.81|13|9|海王生物,370|-0.79|2296.98|2.50|9|15|九州通,481|-1.47|2263.24|2.22|0|23|浙江震元,183|-0.59|2249.83|2.31|6|17|英特集团
BK1608|中药Ⅲ,,,,,,,,,,,,,,,,,,,,,,,,,,,,,,,,,,,,,,,,,,,,,,,,,,,,,,,,,,,,,,,,,,,,,,,266|1.20|1477.7|1.25|59|7|天目药业,296|0.63|1486.97|1.51|51|13|金花股份,291|-0.51|1479.45|1.38|14|49|上海凯宝,290|0.37|1484.97|1.18|45|17|维康药业,256|-2.13|1453.37|1.81|8|58|ST百灵,119|-1.48|1431.81|1.87|7|58|康惠股份,333|-1.08|1416.37|1.48|8|58|寿仙谷,318|0.55|1424.14|1.09|50|13|古汉医药,167|1.92|1451.44|1.29|64|2|金花股份,146|-0.42|1445.29|1.26|16|46|金花股份,264|1.37|1465.13|1.03|63|2|维康药业,290|-0.32|1460.47|1.11|19|44|ST百灵,211|-0.60|1451.75|1.28|15|50|金花股份,202|-0.40|1445.93|1.30|23|38|康缘药业,173|0.47|1452.7|1.11|48|16|片仔癀,96|-0.65|1443.19|1.29|20|42|达仁堂,260|0.37|1448.48|1.05|34|28|康惠股份,158|-2.03|1419.04|1.27|2|64|ST香雪,93|-1.24|1401.44|1.59|12|55|东阿阿胶,368|-5.87|1319.24|2.28|1|66|健民集团,228|3.33|1363.18|1.53|62|4|长药退,380|1.28|1380.57|1.30|58|5|康惠股份,155|-0.96|1367.32|1.16|9|57|嘉应制药,67|2.40|1400.12|1.48|60|7|天目药业,94|1.11|1415.68|1.54|50|12|佛慈制药,163|-0.86|1403.48|1.48|11|53|ST百灵,85|2.25|1435.08|1.96|65|2|益佰制药,40|0.56|1443.09|2.62|42|25|益佰制药,246|-2.40|1408.46|2.31|5|62|新天药业,341|0.77|1419.37|2.02|44|23|新天药业,463|0.70|1429.28|2.19|55|11|嘉应制药,269|-1.43|1408.77|2.14|8|59|益佰制药,392|0.12|1410.52|1.95|38|23|大唐药业,483|-1.79|1385.26|1.51|3|62|ST葫芦娃,313|0.35|1390.16|1.47|38|25|沃华医药,13|2.06|1418.82|2.79|62|3|康恩贝,469|-0.15|1416.67|2.38|20|41|康惠股份,465|-1.53|1394.94|1.94|5|61|ST香雪,377|0.17|1397.37|1.51|26|35|康惠股份,317|-0.54|1389.87|1.50|17|48|益佰制药,251|0.13|1391.69|1.38|26|38|ST香雪,241|-0.88|1379.43|1.39|14|50|佐力药业
BK1609|城商行Ⅲ,,,,,,,,,,,,,,,,,,,,,,,,,,,,,,,,,,,,,,,,,,,,,,,,,,,,,,,,,,,,,,,,,,,,,,,443|-0.40|1537.79|0.49|3|12|郑州银行,483|-0.57|1529.1|0.73|3|13|郑州银行,227|-0.16|1526.59|0.53|7|9|江苏银行,318|0.26|1530.54|0.53|11|6|厦门银行,56|1.19|1548.73|0.78|14|1|厦门银行,44|0.07|1549.81|0.94|7|10|重庆银行,309|-0.96|1534.88|0.88|3|13|重庆银行,330|0.48|1542.3|0.58|13|4|重庆银行,409|0.48|1549.67|0.53|12|4|重庆银行,189|-0.69|1538.99|0.66|1|15|重庆银行,438|-0.12|1537.11|0.50|7|6|贵阳银行,106|0.80|1549.39|0.60|16|1|成都银行,53|0.94|1563.97|0.80|15|2|杭州银行,74|0.36|1569.58|0.76|11|3|重庆银行,127|0.75|1581.32|0.68|11|3|厦门银行,45|0.20|1584.44|0.69|11|6|南京银行,423|-0.77|1572.19|0.64|0|16|江苏银行,49|-0.75|1560.45|0.61|2|15|厦门银行,45|-0.39|1554.35|0.59|3|13|厦门银行,94|-3.90|1493.8|1.10|0|17|上海银行,383|2.59|1532.43|0.74|17|0|青岛银行,414|1.03|1548.19|0.68|14|3|西安银行,52|-0.03|1547.69|0.60|9|5|齐鲁银行,484|-0.82|1535.03|0.55|1|16|青岛银行,172|0.62|1544.49|0.51|11|1|厦门银行,35|0.39|1550.46|0.69|13|4|青岛银行,433|0.04|1551.02|0.58|8|8|青岛银行,59|0.21|1554.26|0.47|11|6|成都银行,70|-1.21|1535.44|0.51|1|16|杭州银行,476|-0.57|1526.7|0.51|3|13|齐鲁银行,439|1.33|1546.97|0.62|17|0|西安银行,239|-1.23|1527.87|0.47|1|16|杭州银行,386|0.16|1530.31|0.43|8|8|重庆银行,234|0.12|1532.2|0.36|9|6|厦门银行,184|0.86|1545.44|0.46|15|0|重庆银行,52|0.96|1560.23|0.47|14|0|苏州银行,482|-0.42|1553.62|0.47|3|12|齐鲁银行,232|-0.01|1553.52|0.34|5|8|重庆银行,153|1.11|1570.78|0.45|14|0|宁波银行,67|0.96|1585.85|0.57|12|2|青岛银行,316|-0.10|1584.32|0.40|5|11|西安银行,22|1.92|1614.7|1.03|16|1|贵阳银行
BK1610|股份制银行Ⅲ,,,,,,,,,,,,,,,,,,,,,,,,,,,,,,,,,,,,,,,,,,,,,,,,,,,,,,,,,,,,,,,,,,,,,,,424|-0.07|2329.72|0.34|4|3|招商银行,487|-0.74|2312.57|0.56|0|9|民生银行,216|-0.10|2310.27|0.33|3|5|浙商银行,369|0.09|2312.46|0.36|5|2|浙商银行,82|0.30|2319.3|0.55|3|4|民生银行,37|0.45|2329.69|0.66|7|2|中信银行,417|-1.50|2294.85|0.66|0|9|华夏银行,168|1.32|2325.11|0.43|9|0|浦发银行,414|0.36|2333.55|0.33|7|0|浦发银行,163|-0.54|2321.05|0.48|0|8|民生银行,332|0.91|2342.15|0.44|9|0|民生银行,86|0.95|2364.32|0.46|9|0|兴业银行,64|0.77|2382.42|0.51|8|0|光大银行,67|0.45|2393.23|0.53|6|2|华夏银行,269|-0.03|2392.56|0.41|3|4|中信银行,21|1.11|2419.04|0.47|8|1|中信银行,338|-0.19|2414.55|0.45|1|8|中信银行,47|-0.69|2397.93|0.38|0|9|中信银行,36|-0.24|2392.22|0.44|2|7|中信银行,61|-2.96|2321.44|0.68|0|9|中信银行,363|2.73|2384.93|0.50|9|0|平安银行,433|0.80|2403.93|0.40|9|0|民生银行,44|0.10|2406.31|0.35|3|3|中信银行,467|-0.36|2397.56|0.30|1|8|平安银行,290|0.10|2399.86|0.30|4|4|华夏银行,72|-0.21|2394.83|0.57|5|4|浦发银行,415|0.32|2402.49|0.46|5|3|招商银行,63|0.20|2407.28|0.34|4|5|华夏银行,44|-0.89|2385.81|0.30|0|8|光大银行,480|-0.73|2368.36|0.31|1|8|中信银行,446|1.23|2397.58|0.35|9|0|平安银行,192|-1.03|2372.77|0.24|0|9|浙商银行,436|-0.18|2368.45|0.23|1|6|民生银行,325|-0.31|2361.13|0.19|0|7|华夏银行,190|0.85|2381.29|0.22|9|0|浦发银行,66|0.71|2398.09|0.27|8|1|招商银行,486|-0.62|2383.27|0.26|1|7|招商银行,382|-0.81|2363.94|0.30|0|8|浙商银行,370|0.22|2369.08|0.27|4|3|中信银行,148|0.18|2373.44|0.30|4|3|中信银行,407|-0.69|2357.15|0.34|0|7|民生银行,90|0.12|2360.04|0.30|5|2|华夏银行
BK1611|国有大型银行Ⅲ,,,,,,,,,,,,,,,,,,,,,,,,,,,,,,,,,,,,,,,,,,,,,,,,,,,,,,,,,,,,,,,,,,,,,,,438|-0.31|2856.79|0.11|1|5|交通银行,465|-0.26|2849.33|0.12|1|4|农业银行,361|-0.76|2827.55|0.13|0|6|建设银行,436|-0.28|2819.53|0.10|1|5|中国银行,68|0.78|2841.4|0.16|6|0|建设银行,21|2.31|2906.96|0.30|6|0|农业银行,320|-0.99|2878.05|0.23|0|5|建设银行,291|0.74|2899.32|0.15|6|0|邮储银行,428|0.15|2903.61|0.12|3|1|交通银行,124|-0.17|2898.59|0.17|1|5|建设银行,450|-0.70|2878.43|0.12|1|5|邮储银行,88|0.93|2905.22|0.11|6|0|建设银行,81|0.37|2915.85|0.11|6|0|邮储银行,72|0.39|2927.08|0.14|5|1|交通银行,183|0.42|2939.48|0.12|6|0|工商银行,15|1.42|2981.13|0.17|6|0|工商银行,357|-0.33|2971.35|0.18|0|4|工商银行,21|0.71|2992.33|0.20|4|2|工商银行,41|-0.34|2982.12|0.15|2|4|建设银行,67|-3.16|2887.76|0.23|0|6|中国银行,451|1.63|2934.82|0.16|6|0|邮储银行,437|0.77|2957.31|0.15|6|0|中国银行,28|0.43|2970.03|0.12|5|1|工商银行,463|-0.30|2961.08|0.11|1|5|交通银行,88|1.15|2995.16|0.14|6|0|工商银行,18|1.76|3047.95|0.23|6|0|中国银行,461|-0.54|3031.42|0.15|1|4|交通银行,24|1.53|3077.78|0.17|6|0|农业银行,112|-1.55|3029.94|0.13|0|6|农业银行,490|-1.34|2989.48|0.12|0|6|中国银行,480|-0.41|2977.37|0.17|1|4|建设银行,107|-0.52|2961.9|0.11|1|5|工商银行,459|-0.41|2949.89|0.09|0|6|农业银行,139|0.61|2968.02|0.11|5|1|建设银行,162|1.02|2998.16|0.12|6|0|农业银行,39|1.18|3033.57|0.15|6|0|农业银行,468|-0.14|3029.29|0.13|1|4|农业银行,216|0.07|3031.3|0.10|2|3|农业银行,54|2.12|3095.49|0.14|6|0|建设银行,111|0.40|3107.95|0.12|4|2|建设银行,455|-1.11|3073.54|0.10|0|6|建设银行,99|0.02|3074.29|0.10|3|3|工商银行
BK1612|农商行Ⅲ,,,,,,,,,,,,,,,,,,,,,,,,,,,,,,,,,,,,,,,,,,,,,,,,,,,,,,,,,,,,,,,,,,,,,,,448|-0.50|466.59|0.65|1|8|常熟银行,451|-0.09|466.19|1.01|4|5|紫金银行,230|-0.18|465.33|0.72|2|6|渝农商行,281|0.40|467.2|0.74|8|1|青农商行,88|0.21|468.19|1.04|5|3|紫金银行,49|-0.10|467.74|1.23|2|8|渝农商行,443|-1.91|458.79|1.31|1|9|渝农商行,243|0.95|463.15|0.87|10|0|常熟银行,424|0.30|464.53|0.77|9|1|沪农商行,154|-0.50|462.2|0.85|0|8|张家港行,425|0.24|463.3|0.71|6|2|瑞丰银行,82|1.01|467.98|0.84|10|0|渝农商行,36|1.58|475.38|1.12|10|0|渝农商行,73|0.38|477.18|1.03|5|2|沪农商行,194|0.38|479|0.89|7|3|沪农商行,27|0.69|482.29|0.93|10|0|瑞丰银行,445|-0.96|477.66|0.91|0|10|沪农商行,46|-0.66|474.53|0.77|1|9|渝农商行,49|-0.55|471.94|0.86|1|9|渝农商行,128|-4.45|450.92|1.68|0|10|沪农商行,393|2.51|462.26|0.95|10|0|张家港行,224|2.01|471.53|1.02|9|1|紫金银行,20|0.72|474.91|1.00|9|1|渝农商行,495|-1.69|466.87|0.99|0|10|常熟银行,348|-0.16|466.13|0.76|4|3|沪农商行,32|0.46|468.26|0.80|7|1|沪农商行,438|-0.05|468.04|0.85|4|3|张家港行,67|0.10|468.52|0.70|3|5|渝农商行,88|-1.38|462.07|0.67|0|10|无锡银行,485|-0.85|458.16|0.59|0|10|青农商行,390|2.05|467.53|0.88|10|0|渝农商行,241|-1.24|461.71|0.63|0|10|渝农商行,323|0.52|464.1|0.54|9|0|沪农商行,360|-0.47|461.92|0.49|1|9|渝农商行,250|0.63|464.84|0.57|9|0|江阴银行,85|0.47|467.03|0.61|8|1|苏农银行,465|-0.09|466.62|0.64|3|4|江阴银行,242|-0.03|466.5|0.56|2|7|江阴银行,322|0.37|468.23|0.52|5|1|渝农商行,84|0.77|471.83|0.64|10|0|张家港行,220|0.32|473.35|0.64|6|2|张家港行,36|1.28|479.42|1.21|9|1|青农商行
BK1613|铝,,,,,,,,,,,,,,,,,,,,,,,,,,,,,,,,,,,,,,,,,,,,,,,,,,,,,,,,,,,,,,,,,,,,,,,86|2.84|3087.21|2.28|27|3|海星股份,75|2.25|3156.72|2.87|27|4|闽发铝业,234|-0.20|3150.42|2.31|10|21|万顺新材,122|1.39|3194.26|2.59|25|5|华峰铝业,99|0.06|3196.27|3.53|13|18|海星股份,389|-4.33|3058.03|3.53|0|31|神火股份,34|1.52|3104.39|3.80|24|6|南山铝业,94|1.78|3159.66|3.62|26|4|顺博合金,482|-1.54|3111.14|2.68|8|23|鑫源智造,119|-0.15|3106.45|3.02|16|15|鼎胜新材,400|0.45|3120.47|2.48|16|14|海星股份,98|0.85|3147.08|2.34|21|8|天山铝业,34|1.72|3201.1|3.74|21|8|新疆众和,435|-2.21|3130.24|3.11|3|28|丽岛新材,404|-0.99|3099.21|3.22|7|23|利源股份,445|-3.21|2999.85|2.62|1|29|豪美新材,434|-0.85|2974.4|2.46|10|20|银邦股份,470|-4.55|2838.92|2.90|0|30|银邦股份,341|-2.70|2762.39|2.33|1|29|鼎胜新材,240|-5.28|2616.49|2.80|0|30|鼎胜新材,127|3.96|2720.14|2.41|29|1|丽岛新材,165|2.28|2782.25|2.24|28|2|丽岛新材,120|-0.74|2761.66|1.71|7|23|丽岛新材,91|2.10|2819.64|1.86|26|4|万顺新材,3|5.52|2975.18|4.44|29|1|常铝股份,361|-1.96|2916.78|4.24|5|25|闽发铝业,367|0.69|2936.8|2.98|23|7|丽岛新材,169|-1.06|2905.53|2.82|10|20|云铝股份,350|-2.91|2820.99|2.18|3|27|利源股份,64|2.75|2898.67|2.41|25|5|怡球资源,190|3.90|3011.8|3.13|30|0|银邦股份,11|1.29|3050.73|2.84|22|7|和胜股份,427|-0.09|3047.93|2.32|12|18|豪美新材,115|0.75|3070.9|2.27|15|15|焦作万方,164|1.01|3101.78|2.61|22|8|天山铝业,371|-1.00|3070.9|2.28|5|25|和胜股份,43|2.78|3156.24|2.61|26|4|宁波富邦,168|0.42|3169.51|2.43|16|13|银邦股份,461|-0.55|3152.19|2.82|12|18|永茂泰,444|-1.25|3112.79|2.24|6|24|明泰铝业,373|-0.45|3098.64|2.47|10|19|和胜股份,437|-2.32|3026.89|2.23|3|27|豪美新材
BK1614|铅锌,,,,,,,,,,,,,,,,,,,,,,,,,,,,,,,,,,,,,,,,,,,,,,,,,,,,,,,,,,,,,,,,,,,,,,,23|4.58|2886.25|4.45|12|0|豫光金铅,8|6.27|3067.22|6.05|12|0|中色股份,321|-0.63|3047.97|7.55|4|7|驰宏锌锗,8|5.58|3217.95|7.53|12|0|锌业股份,42|2.14|3286.89|9.40|7|5|株冶集团,492|-7.98|3024.75|7.40|0|12|国城矿业,93|0.23|3031.63|4.78|7|5|金徽股份,460|-1.42|2988.73|4.08|3|9|国城矿业,472|-1.02|2958.17|2.90|1|10|金徽股份,228|-0.89|2931.99|3.54|3|9|国城矿业,368|0.73|2953.46|2.52|9|3|西藏珠峰,318|-0.44|2940.4|3.05|4|8|西藏珠峰,329|-1.11|2907.9|2.96|3|9|国城矿业,462|-2.60|2832.33|3.56|1|11|国城矿业,478|-2.77|2753.93|3.80|1|11|新威凌,263|-1.61|2709.49|2.72|3|9|金徽股份,470|-1.45|2670.14|2.43|1|11|罗平锌电,492|-6.26|2502.89|3.71|0|12|罗平锌电,147|-1.66|2461.3|2.83|1|11|国城矿业,310|-5.61|2323.16|4.01|1|11|国城矿业,31|4.93|2437.72|3.38|12|0|国城矿业,242|1.93|2484.86|3.39|12|0|国城矿业,205|-1.17|2455.9|2.25|2|9|国城矿业,18|4.04|2555.19|3.16|12|0|金徽股份,91|1.13|2584.18|2.93|10|2|中色股份,397|-2.39|2522.36|2.55|0|12|株冶集团,264|1.32|2555.65|2.04|11|1|豫光金铅,255|-1.56|2515.66|2.01|2|10|国城矿业,184|-1.95|2466.59|1.42|2|9|国城矿业,262|1.21|2496.38|1.41|10|1|罗平锌电,68|5.50|2633.75|2.91|11|0|豫光金铅,288|-1.53|2593.34|1.83|1|10|金徽股份,328|0.50|2606.29|1.99|6|5|国城矿业,19|2.58|2673.61|2.25|11|0|国城矿业,242|0.66|2691.26|2.42|10|2|西藏珠峰,430|-1.48|2651.41|2.66|1|11|新威凌,12|4.08|2759.46|2.92|12|0|株冶集团,3|4.00|2869.8|4.55|11|1|株冶集团,53|2.13|2930.83|4.17|9|3|株冶集团,106|0.43|2943.5|2.71|5|7|株冶集团,4|3.81|3055.74|5.95|11|1|锌业股份,473|-3.10|2960.87|5.82|2|10|锌业股份
BK1615|铜,,,,,,,,,,,,,,,,,,,,,,,,,,,,,,,,,,,,,,,,,,,,,,,,,,,,,,,,,,,,,,,,,,,,,,,44|3.72|4349.19|2.69|16|1|白银有色,55|2.80|4471.06|3.23|17|0|盛屯矿业,404|-1.05|4424.06|2.29|2|15|楚江新材,44|2.65|4541.31|2.91|17|0|云南铜业,41|2.16|4639.21|4.27|11|6|白银有色,479|-6.57|4334.28|3.49|0|17|海亮股份,366|-1.21|4281.61|2.20|2|14|精艺股份,434|-0.58|4256.95|1.95|5|12|众源新材,481|-1.45|4195.41|1.81|4|13|精艺股份,467|-2.62|4085.44|2.48|0|17|鹏欣资源,219|1.57|4149.61|1.52|17|0|精艺股份,405|-0.79|4117.02|1.50|4|13|众源新材,265|-0.82|4083.37|1.90|2|14|众源新材,427|-2.05|3999.85|2.15|2|15|海亮股份,469|-2.48|3900.62|2.80|3|13|众源新材,256|-1.59|3838.79|1.66|3|14|众源新材,350|-0.26|3828.68|1.59|6|11|海亮股份,488|-5.82|3605.86|2.91|0|17|电工合金,200|-2.01|3533.31|2.20|2|15|金诚信,463|-6.51|3303.2|2.96|0|17|紫金矿业,21|5.15|3473.37|2.68|16|1|众源新材,75|2.76|3569.37|2.61|17|0|盛屯矿业,283|-1.57|3513.3|1.74|2|15|海亮股份,131|1.76|3575.04|1.65|15|2|海亮股份,135|0.79|3603.13|1.62|12|5|众源新材,138|-0.76|3575.63|1.78|4|13|金田股份,50|2.75|3673.96|2.17|13|4|盛屯矿业,378|-2.21|3592.68|1.67|1|15|海亮股份,157|-1.81|3527.71|1.03|2|15|海亮股份,325|0.88|3558.78|1.05|14|3|精艺股份,30|6.28|3782.27|2.73|17|0|白银有色,266|-1.40|3729.4|1.64|1|16|海亮股份,442|-0.24|3720.29|1.57|6|11|电工合金,109|0.78|3749.14|1.39|11|4|海亮股份,33|2.46|3841.44|1.91|17|0|众源新材,282|-0.63|3817.23|2.21|3|14|洛阳钼业,147|1.75|3884.11|1.58|17|0|鹏欣资源,109|0.93|3920.2|1.65|10|7|海亮股份,157|1.10|3963.42|1.88|14|2|鹏欣资源,260|-0.30|3951.42|1.54|4|13|紫金矿业,144|0.67|3977.75|1.76|13|4|海亮股份,469|-2.97|3859.51|2.18|0|17|电工合金
BK1616|白银,,,,,,,,,,,,,,,,,,,,,,,,,,,,,,,,,,,,,,,,,,,,,,,,,,,,,,,,,,,,,,,,,,,,,,,6|8.79|7437.52|6.44|3|0|湖南白银,32|3.62|7707.05|11.80|3|0|湖南白银,466|-1.87|7562.57|8.39|0|3|盛达资源,12|4.07|7870.51|8.86|3|0|兴业银锡,6|9.30|8602.7|14.58|3|0|湖南白银,497|-9.93|7748.48|11.63|0|3|湖南白银,487|-3.94|7443.26|7.57|0|3|湖南白银,469|-1.80|7309.16|6.11|0|3|兴业银锡,452|-0.67|7260.25|4.91|1|2|湖南白银,291|-1.18|7174.46|6.19|0|3|湖南白银,34|3.19|7403.28|5.22|3|0|兴业银锡,494|-2.67|7205.36|4.48|0|3|兴业银锡,493|-3.23|6972.73|5.41|0|3|盛达资源,486|-3.74|6711.8|4.87|0|3|盛达资源,481|-3.02|6509.3|6.01|0|3|湖南白银,80|-0.46|6479.26|3.87|1|1|盛达资源,385|-0.52|6445.55|3.88|1|2|盛达资源,496|-7.66|5951.82|6.18|0|3|湖南白银,111|-1.36|5870.93|5.75|0|3|湖南白银,496|-9.13|5334.67|7.75|0|3|兴业银锡,25|5.03|5603.16|6.29|3|0|兴业银锡,9|4.68|5865.19|7.83|3|0|兴业银锡,445|-2.63|5710.86|4.32|0|3|盛达资源,139|1.73|5809.54|4.37|3|0|兴业银锡,116|0.99|5867.17|4.06|3|0|湖南白银,51|0.08|5871.74|6.72|1|1|湖南白银,105|2.12|5996.1|5.85|3|0|兴业银锡,486|-3.74|5771.65|4.94|0|3|盛达资源,65|-1.17|5704.18|2.96|0|3|盛达资源,367|0.63|5740.26|2.57|3|0|盛达资源,4|9.28|6272.79|6.25|3|0|兴业银锡,354|-1.90|6153.78|6.16|0|2|兴业银锡,481|-1.09|6086.6|4.87|0|3|兴业银锡,323|-0.29|6069.14|3.24|1|2|盛达资源,102|1.48|6159.24|4.02|3|0|兴业银锡,367|-0.98|6098.74|7.37|1|2|兴业银锡,125|1.83|6210.41|4.99|3|0|盛达资源,318|-0.37|6187.29|4.20|1|2|湖南白银,86|1.69|6291.69|5.27|3|0|兴业银锡,299|-0.45|6263.62|3.51|1|2|湖南白银,283|0.02|6264.68|6.37|2|1|湖南白银,495|-6.47|5859.08|8.82|0|3|兴业银锡
BK1617|黄金,,,,,,,,,,,,,,,,,,,,,,,,,,,,,,,,,,,,,,,,,,,,,,,,,,,,,,,,,,,,,,,,,,,,,,,15|6.48|7918.19|3.71|10|0|四川黄金,385|0.25|7938.32|3.32|6|4|恒邦股份,416|-1.13|7848.6|2.43|1|9|湖南黄金,23|3.40|8115.1|3.74|10|0|湖南黄金,4|10.76|8988.5|7.66|10|0|西部黄金,180|-2.31|8781.31|6.81|3|7|晓程科技,485|-3.85|8443.27|4.22|0|10|山金国际,483|-2.57|8226.22|3.32|1|9|四川黄金,444|-0.48|8187.11|2.74|2|8|四川黄金,21|2.09|8358.32|3.38|7|3|四川黄金,457|-0.85|8287.47|2.46|4|6|山金国际,380|-0.67|8231.86|2.25|3|7|赤峰黄金,352|-1.22|8131.04|2.38|2|8|赤峰黄金,481|-3.27|7864.92|2.28|0|10|山金国际,491|-3.91|7557.3|3.12|1|9|四川黄金,25|0.85|7621.63|2.23|5|4|招金黄金,341|-0.20|7606.4|1.93|4|6|山金国际,490|-6.09|7143.16|2.62|0|9|四川黄金,155|-1.69|7022.51|2.19|1|8|晓程科技,493|-8.22|6445.02|3.19|0|10|山东黄金,287|3.04|6640.7|3.14|9|1|招金黄金,55|2.98|6838.76|3.62|10|0|赤峰黄金,466|-3.02|6632.43|2.01|0|10|中金黄金,32|3.32|6852.74|2.34|10|0|赤峰黄金,5|4.42|7155.53|2.92|10|0|赤峰黄金,38|0.33|7179.46|2.98|4|6|四川黄金,116|2.07|7327.9|2.69|8|1|赤峰黄金,488|-3.76|7052.43|2.47|0|10|赤峰黄金,47|-0.96|6985.04|1.39|4|6|中金黄金,478|-0.59|6943.83|1.40|3|7|招金黄金,2|9.56|7607.5|3.41|10|0|西部黄金,203|-1.07|7525.79|2.70|2|8|西部黄金,493|-2.40|7344.8|2.30|0|10|恒邦股份,477|-1.61|7226.39|1.70|1|9|山金国际,413|-0.25|7208.37|1.73|2|7|晓程科技,336|-0.89|7144.53|2.14|1|9|招金黄金,112|1.90|7280.53|2.03|9|1|恒邦股份,396|-0.92|7213.27|2.14|2|8|恒邦股份,133|1.25|7303.76|1.98|9|1|西部黄金,117|0.37|7330.94|1.64|6|4|恒邦股份,175|0.52|7369|2.20|4|6|恒邦股份,491|-5.03|6998.65|2.61|0|10|四川黄金
BK1618|磁性材料,,,,,,,,,,,,,,,,,,,,,,,,,,,,,,,,,,,,,,,,,,,,,,,,,,,,,,,,,,,,,,,,,,,,,,,149|2.09|6233.46|2.58|14|0|铂科新材,23|4.19|6494.35|6.97|14|0|金力永磁,143|0.49|6525.89|4.45|3|11|悦安新材,99|1.66|6634.44|4.92|11|3|金力永磁,163|-1.20|6554.91|4.66|2|12|龙磁科技,466|-5.84|6172.09|4.58|0|14|天和磁材,103|0.17|6182.66|3.03|7|7|悦安新材,408|-0.16|6172.61|3.04|4|10|龙磁科技,449|-0.60|6135.36|2.50|4|10|新莱福,471|-2.67|5971.32|3.88|0|14|悦安新材,10|4.20|6222.37|2.78|14|0|铂科新材,485|-1.84|6108|2.41|0|14|正海磁材,423|-1.55|6013.35|2.39|2|12|中科三环,459|-2.53|5861.07|2.33|0|14|悦安新材,374|-0.66|5822.17|2.56|1|11|悦安新材,450|-3.37|5626.09|2.42|0|14|天和磁材,93|1.63|5717.68|1.83|13|1|新莱福,464|-4.35|5469.18|2.61|0|14|悦安新材,277|-2.41|5337.61|2.16|2|12|龙磁科技,441|-6.24|5004.63|2.90|0|14|金力永磁,210|3.41|5175.53|2.25|14|0|新莱福,133|2.43|5301.21|2.25|14|0|龙磁科技,354|-1.85|5203.02|1.64|0|14|龙磁科技,63|2.45|5330.4|2.00|14|0|新莱福,406|-0.46|5305.98|1.79|7|6|龙磁科技,60|-0.08|5301.89|1.76|3|11|新莱福,53|2.68|5443.79|2.03|13|1|龙磁科技,384|-2.27|5320.26|1.56|0|14|大地熊,38|-0.75|5280.16|1.11|3|11|新莱福,125|1.96|5383.65|1.56|11|3|中科磁业,185|3.94|5595.81|2.51|14|0|铂科新材,9|1.33|5670.1|3.42|7|6|新莱福,403|0.09|5674.93|2.87|8|6|英思特,187|0.36|5695.58|2.58|10|3|龙磁科技,349|0.17|5705.3|2.29|7|7|悦安新材,293|-0.67|5667.2|2.07|4|10|英思特,295|1.12|5730.59|1.68|13|1|龙磁科技,112|0.89|5781.55|1.81|10|2|铂科新材,184|0.95|5836.38|2.35|11|3|新莱福,130|0.24|5850.47|2.09|8|6|中科磁业,333|-0.22|5837.49|2.71|6|6|龙磁科技,485|-3.76|5618.03|2.97|1|13|宁波韵升
BK1619|其他金属新材料,,,,,,,,,,,,,,,,,,,,,,,,,,,,,,,,,,,,,,,,,,,,,,,,,,,,,,,,,,,,,,,,,,,,,,,118|2.37|4062.3|2.80|15|4|江南新材,73|2.26|4154.09|3.76|17|2|天力复合,31|2.09|4241.06|3.57|12|7|隆达股份,196|0.79|4274.37|3.71|14|5|斯瑞新材,144|-0.93|4234.74|4.71|4|15|斯瑞新材,471|-6.08|3977.12|4.90|0|18|博威合金,57|0.77|4007.92|3.11|9|10|福达合金,149|1.45|4065.89|3.33|17|2|中洲特材,433|0.01|4066.32|2.66|9|10|云路股份,412|-1.84|3991.69|3.40|5|14|隆达股份,59|2.75|4101.66|2.90|18|1|江南新材,480|-1.77|4029.22|2.77|4|15|深圳新星,411|-1.50|3968.86|2.90|3|16|深圳新星,422|-1.93|3892.29|3.11|2|17|中洲特材,406|-1.05|3851.38|2.96|6|13|福达合金,409|-2.74|3745.72|2.52|2|17|惠同新材,63|1.82|3813.86|2.44|16|3|斯瑞新材,424|-3.54|3678.94|2.55|2|18|江南新材,416|-3.22|3560.34|2.36|2|18|隆达股份,285|-5.53|3363.5|2.99|1|19|深圳新星,405|2.42|3444.89|2.32|18|2|合金投资,269|1.82|3507.64|2.14|19|0|博迁新材,231|-1.26|3463.42|1.99|4|16|天力复合,65|2.44|3547.95|2.23|18|2|深圳新星,28|2.29|3629.32|2.43|17|3|族兴新材,305|-1.53|3573.79|2.21|2|18|天力复合,269|1.30|3620.19|2.09|16|3|图南股份,466|-3.12|3507.1|1.81|0|20|博迁新材,179|-1.90|3440.3|1.64|4|16|博迁新材,287|1.05|3476.51|1.64|15|5|江南新材,29|6.28|3694.84|3.25|20|0|福达合金,220|-1.16|3652.03|2.75|7|13|江南新材,216|0.91|3685.42|3.34|12|9|福达合金,199|0.31|3696.81|2.68|10|8|博迁新材,122|1.36|3747.03|2.91|14|7|天力复合,188|-0.28|3736.42|3.24|9|12|族兴新材,287|1.15|3779.37|2.47|16|5|江南新材,22|2.42|3870.88|2.90|16|5|族兴新材,40|2.30|3959.98|3.69|14|7|有研复材,197|-0.06|3957.43|3.28|8|12|有研复材,320|-0.14|3951.82|3.22|6|15|博迁新材,426|-2.22|3864.15|3.20|4|17|隆达股份
BK1620|钴,,,,,,,,,,,,,,,,,,,,,,,,,,,,,,,,,,,,,,,,,,,,,,,,,,,,,,,,,,,,,,,,,,,,,,,152|2.08|1326.15|2.20|2|0|腾远钴业,1|10.94|1471.28|10.62|2|0|寒锐钴业,465|-1.79|1444.98|6.16|0|2|腾远钴业,9|4.97|1516.84|7.20|2|0|腾远钴业,207|-1.69|1491.16|6.04|0|2|腾远钴业,487|-6.80|1389.7|6.12|0|2|寒锐钴业,293|-0.90|1377.2|3.98|0|2|寒锐钴业,427|-0.48|1370.55|3.18|0|2|腾远钴业,489|-2.22|1340.18|2.94|0|2|寒锐钴业,268|-1.05|1326.17|3.85|0|2|寒锐钴业,169|1.88|1351.11|2.61|2|0|腾远钴业,233|-0.13|1349.4|2.67|1|1|腾远钴业,445|-1.77|1325.56|2.45|0|2|腾远钴业,38|0.84|1336.65|4.15|2|0|寒锐钴业,490|-3.87|1284.87|4.01|0|2|寒锐钴业,390|-2.55|1252.15|2.94|0|2|腾远钴业,424|-0.77|1242.46|2.06|0|2|寒锐钴业,477|-4.97|1180.74|2.86|0|2|腾远钴业,33|-0.06|1179.99|2.80|0|2|腾远钴业,334|-5.72|1112.54|3.56|0|2|寒锐钴业,428|2.03|1135.11|2.72|2|0|寒锐钴业,81|2.74|1166.23|2.94|2|0|腾远钴业,118|-0.73|1157.74|2.43|1|1|寒锐钴业,27|3.45|1197.72|3.63|2|0|腾远钴业,454|-1.24|1182.88|2.55|0|2|腾远钴业,379|-2.18|1157.04|1.93|0|2|腾远钴业,59|2.51|1186.06|2.28|2|0|腾远钴业,297|-1.75|1165.25|1.93|0|2|腾远钴业,217|-2.25|1139.04|1.41|0|2|腾远钴业,263|1.20|1152.73|1.19|2|0|寒锐钴业,88|5.19|1212.55|2.81|2|0|腾远钴业,234|-1.22|1197.78|1.82|0|2|腾远钴业,21|2.31|1225.45|2.74|2|0|腾远钴业,10|4.00|1274.49|3.86|2|0|腾远钴业,1|13.38|1444.97|11.44|2|0|腾远钴业,487|-2.85|1403.73|7.77|0|2|寒锐钴业,437|0.30|1407.91|6.35|1|1|腾远钴业,14|2.92|1449.07|7.48|2|0|腾远钴业,496|-1.46|1427.9|5.04|0|2|腾远钴业,8|2.39|1462.01|7.02|2|0|寒锐钴业,94|1.03|1477.07|6.48|2|0|腾远钴业,490|-4.77|1406.66|6.69|0|2|腾远钴业
BK1621|锂,,,,,,,,,,,,,,,,,,,,,,,,,,,,,,,,,,,,,,,,,,,,,,,,,,,,,,,,,,,,,,,,,,,,,,,28|4.35|16633.37|3.80|8|0|盛新锂能,15|4.81|17434.07|5.80|8|0|盛新锂能,134|0.57|17533.24|7.52|6|2|融捷股份,24|3.34|18118.24|5.05|8|0|永兴材料,238|-2.02|17752.02|4.80|1|7|永兴材料,453|-5.31|16809.54|5.36|1|7|永兴材料,184|-0.42|16739.12|3.45|4|4|天齐锂业,271|0.83|16877.28|3.08|5|3|永兴材料,455|-0.75|16751.45|2.76|3|5|西藏矿业,36|1.41|16988.05|3.85|7|1|赣锋锂业,248|1.46|17236.18|2.59|7|1|融捷股份,73|1.14|17432.97|3.65|6|2|永兴材料,465|-2.00|17085.16|2.82|0|8|永杉锂业,94|0.25|17127.51|4.03|6|2|西藏矿业,424|-1.37|16893.68|3.65|2|6|融捷股份,358|-2.33|16499.55|2.57|0|8|盛新锂能,481|-1.79|16204.29|2.81|1|7|中矿资源,487|-5.81|15263.08|3.89|0|8|天齐锂业,10|1.60|15507.38|5.09|5|3|赣锋锂业,18|-0.31|15458.81|5.22|5|3|永兴材料,119|4.01|16078.77|5.34|7|1|融捷股份,39|3.37|16620.19|5.13|8|0|融捷股份,1|4.35|17342.71|6.22|8|0|融捷股份,1|8.88|18883.21|8.37|8|0|融捷股份,227|0.36|18951.72|8.13|4|4|融捷股份,479|-3.93|18207.21|6.11|1|7|中矿资源,482|-1.89|17862.74|4.90|1|7|中矿资源,13|2.42|18295.38|6.49|7|1|西藏矿业,193|-2.02|17926.04|4.74|0|8|赣锋锂业,305|0.95|18095.69|4.00|4|4|永杉锂业,385|2.08|18471.4|5.60|7|0|中矿资源,73|-0.28|18420.31|5.25|4|4|融捷股份,13|3.03|18977.83|7.96|7|1|西藏矿业,7|4.32|19798.61|8.42|7|1|盛新锂能,11|3.73|20536.76|7.81|8|0|盛新锂能,494|-4.28|19657.72|7.12|0|8|西藏矿业,2|6.47|20930.41|8.69|8|0|西藏矿业,255|-0.11|20906.47|7.99|3|5|融捷股份,495|-1.29|20635.83|5.60|1|7|天齐锂业,83|0.79|20798.19|8.19|4|4|永杉锂业,240|0.20|20839.54|6.30|3|4|西藏矿业,468|-2.95|20223.76|6.45|1|7|永杉锂业
BK1622|镍,,,,,,,,,,,,,,,,,,,,,,,,,,,,,,,,,,,,,,,,,,,,,,,,,,,,,,,,,,,,,,,,,,,,,,,251|1.27|8700.75|1.90|1|0|华友钴业,13|5.52|9180.7|3.65|1|0|华友钴业,360|-0.76|9110.79|3.18|0|1|华友钴业,61|2.26|9316.99|2.38|1|0|华友钴业,108|-0.22|9296.84|2.72|0|1|华友钴业,495|-8.58|8499.29|4.14|0|1|华友钴业,344|-1.13|8403.3|2.12|0|1|华友钴业,285|0.78|8468.48|1.83|1|0|华友钴业,494|-3.34|8185.25|2.44|0|1|华友钴业,473|-2.72|7962.46|2.97|0|1|华友钴业,198|1.68|8096.37|1.96|1|0|华友钴业,322|-0.45|8059.63|1.65|0|1|华友钴业,249|-0.75|7999.19|1.77|0|1|华友钴业,311|-0.99|7919.79|2.32|0|1|华友钴业,494|-5.10|7515.69|4.22|0|1|华友钴业,382|-2.46|7330.82|2.43|0|1|华友钴业,483|-1.97|7186.24|3.19|0|1|华友钴业,494|-6.81|6696.81|4.29|0|1|华友钴业,11|1.59|6803.46|3.66|1|0|华友钴业,64|-3.10|6592.52|3.42|0|1|华友钴业,460|1.28|6676.66|3.18|1|0|华友钴业,6|4.79|6996.63|4.11|1|0|华友钴业,264|-1.47|6893.53|2.85|0|1|华友钴业,45|2.97|7098.54|4.18|1|0|华友钴业,368|-0.25|7080.77|3.16|0|1|华友钴业,335|-1.71|6959.89|2.36|0|1|华友钴业,54|2.67|7145.95|3.15|1|0|华友钴业,374|-2.19|6989.52|2.39|0|1|华友钴业,295|-2.64|6804.65|2.03|0|1|华友钴业,336|0.80|6859.16|1.63|1|0|华友钴业,67|5.55|7239.57|3.59|1|0|华友钴业,460|-2.60|7051.14|2.83|0|1|华友钴业,12|3.24|7279.86|4.27|1|0|华友钴业,36|1.63|7398.36|4.08|1|0|华友钴业,16|3.03|7622.34|6.72|1|0|华友钴业,480|-2.43|7437.47|5.17|0|1|华友钴业,6|5.02|7810.77|5.03|1|0|华友钴业,162|0.46|7846.32|6.87|1|0|华友钴业,471|-0.65|7795.36|3.94|0|1|华友钴业,294|-0.43|7762.18|3.28|0|1|华友钴业,463|-1.18|7670.93|3.50|0|1|华友钴业,486|-3.88|7373.48|4.41|0|1|华友钴业
BK1623|钼,,,,,,,,,,,,,,,,,,,,,,,,,,,,,,,,,,,,,,,,,,,,,,,,,,,,,,,,,,,,,,,,,,,,,,,101|2.62|1479.04|1.04|1|0|金钼股份,17|4.67|1548.17|1.58|1|0|金钼股份,133|0.59|1557.25|1.36|1|0|金钼股份,2|10.00|1712.97|2.38|1|0|金钼股份,9|7.95|1849.15|3.30|1|0|金钼股份,385|-4.31|1769.54|3.45|0|1|金钼股份,20|2.41|1812.14|2.57|1|0|金钼股份,489|-3.58|1747.19|2.09|0|1|金钼股份,484|-1.76|1716.47|2.10|0|1|金钼股份,450|-2.40|1675.26|1.87|0|1|金钼股份,439|-0.12|1673.17|1.20|0|1|金钼股份,495|-3.38|1616.61|1.45|0|1|金钼股份,402|-1.43|1593.56|1.38|0|1|金钼股份,492|-4.12|1527.92|1.55|0|1|金钼股份,421|-1.33|1507.67|1.74|0|1|金钼股份,335|-2.18|1474.85|0.81|0|1|金钼股份,449|-1.04|1459.48|0.78|0|1|金钼股份,495|-7.27|1353.34|1.40|0|1|金钼股份,243|-2.27|1322.61|1.70|0|1|金钼股份,475|-6.81|1232.53|1.48|0|1|金钼股份,271|3.12|1270.94|1.21|1|0|金钼股份,80|2.75|1305.85|1.42|1|0|金钼股份,437|-2.51|1273.03|0.81|0|1|金钼股份,39|3.07|1312.14|1.15|1|0|金钼股份,285|0.11|1313.54|0.83|1|0|金钼股份,212|-1.12|1298.87|4.08|1|1|金钼股份,47|2.85|1335.88|3.45|1|1|金钼股份,396|-2.35|1304.46|3.19|1|1|金钼股份,79|-1.28|1287.7|2.17|0|2|金钼股份,174|1.57|1307.95|2.40|2|0|金钼股份,113|4.72|1369.68|3.24|2|0|金钼股份,431|-2.34|1337.69|2.11|0|2|盛龙股份,494|-2.89|1299.05|2.17|0|2|金钼股份,58|1.25|1315.26|1.80|1|1|盛龙股份,311|0.36|1319.98|1.76|1|1|金钼股份,29|1.33|1337.57|2.27|1|1|盛龙股份,370|0.73|1347.29|1.86|1|1|金钼股份,366|-0.66|1338.38|1.71|0|1|金钼股份,37|2.36|1370|2.35|2|0|盛龙股份,18|1.96|1396.81|2.16|2|0|盛龙股份,163|0.57|1404.72|2.24|1|1|金钼股份,494|-5.48|1327.79|2.63|0|2|盛龙股份
BK1624|其他小金属,,,,,,,,,,,,,,,,,,,,,,,,,,,,,,,,,,,,,,,,,,,,,,,,,,,,,,,,,,,,,,,,,,,,,,,96|2.65|5533.96|4.95|12|3|宝武镁业,11|5.56|5841.46|6.21|15|0|云南锗业,69|1.40|5923.19|5.96|8|7|云南锗业,5|7.21|6350.2|9.42|15|0|宝武镁业,57|1.15|6423.16|11.89|7|8|华锡有色,482|-6.65|5996.34|9.60|0|15|华锡有色,82|0.37|6018.57|6.90|6|9|东方锆业,444|-0.90|5964.34|6.73|2|13|东方钽业,462|-0.82|5915.65|4.86|6|9|华阳新材,383|-1.59|5821.32|5.43|2|13|东方钽业,250|1.45|5906.02|4.37|13|2|天工股份,456|-1.17|5837.03|5.14|4|11|云南锗业,438|-1.68|5738.96|4.54|3|12|天工股份,464|-2.74|5581.9|4.49|1|14|中国铀业,420|-1.32|5508.23|4.51|3|12|东方钽业,357|-2.33|5380.02|3.59|1|14|天工股份,218|0.73|5419.1|3.05|9|6|天工股份,476|-4.87|5155.14|4.11|0|15|西部材料,101|-1.30|5088.18|3.21|2|13|云南锗业,405|-6.01|4782.14|4.87|0|15|西部材料,184|3.54|4951.48|4.26|14|1|云南锗业,59|2.93|5096.54|5.17|15|0|云南锗业,299|-1.63|5013.26|4.23|1|14|西部材料,37|3.16|5171.44|5.13|15|0|云南锗业,58|1.40|5243.86|5.36|11|3|西部材料,396|-2.37|5119.64|4.83|1|14|天工股份,251|1.38|5190.39|4.21|11|4|宝武镁业,449|-2.87|5041.35|3.65|0|15|中国铀业,91|-1.40|4970.85|3.53|2|13|云南锗业,199|1.43|5041.86|3.29|13|2|华阳新材,64|5.57|5322.71|4.94|15|0|东方钽业,254|-1.31|5253.14|3.65|2|13|云南锗业,395|0.11|5259.11|3.96|10|5|云南锗业,388|-0.58|5228.48|3.14|4|9|华阳新材,41|2.38|5352.71|4.65|14|1|西部材料,217|-0.36|5333.3|5.22|4|11|西部材料,120|1.88|5433.48|4.48|12|3|东方钽业,57|1.61|5520.95|4.61|12|3|云南锗业,19|2.82|5676.61|5.67|14|1|西部材料,52|1.08|5738.13|6.06|10|5|华锡有色,29|2.01|5853.32|5.57|10|4|云南锗业,477|-3.30|5660.44|7.36|2|13|云南锗业
BK1625|钨,,,,,,,,,,,,,,,,,,,,,,,,,,,,,,,,,,,,,,,,,,,,,,,,,,,,,,,,,,,,,,,,,,,,,,,400|0.20|8615.83|5.80|2|2|中钨高新,5|7.98|9302.96|7.82|4|0|章源钨业,10|3.13|9594.36|9.03|3|1|章源钨业,1|10.00|10553.97|5.90|4|0|章源钨业,12|7.31|11325.35|10.08|4|0|翔鹭钨业,340|-3.68|10908.5|10.27|1|3|厦门钨业,5|5.01|11455.34|9.97|4|0|章源钨业,494|-6.06|10761.11|8.24|0|4|中钨高新,76|2.62|11043.41|8.05|3|1|章源钨业,409|-1.81|10843.46|7.07|1|3|章源钨业,377|0.67|10916.6|6.18|2|1|中钨高新,497|-4.27|10450.11|8.21|0|4|章源钨业,494|-3.38|10096.42|6.39|0|4|中钨高新,497|-9.09|9178.99|8.82|0|4|翔鹭钨业,451|-1.88|9006.61|6.53|0|4|章源钨业,264|-1.62|8860.85|5.12|1|3|翔鹭钨业,100|1.57|9000.24|3.94|4|0|章源钨业,491|-6.23|8439.15|5.59|0|4|翔鹭钨业,223|-2.17|8256.21|4.02|0|4|厦门钨业,157|-4.81|7859.19|4.42|0|4|厦门钨业,72|4.42|8206.68|5.28|4|0|厦门钨业,463|0.42|8241.37|6.94|1|3|厦门钨业,479|-3.53|7950.73|5.65|0|4|厦门钨业,4|5.35|8375.79|6.76|4|0|翔鹭钨业,362|-0.22|8357.66|5.31|2|2|翔鹭钨业,431|-2.74|8128.52|4.10|0|4|中钨高新,393|0.50|8169.36|3.71|3|1|中钨高新,491|-4.34|7814.45|3.84|0|4|章源钨业,62|-1.14|7725.64|2.40|1|3|中钨高新,26|4.09|8041.31|4.04|4|0|翔鹭钨业,123|4.63|8413.71|6.02|4|0|厦门钨业,78|-0.30|8388.58|4.21|1|3|厦门钨业,477|-0.88|8314.97|4.69|1|3|厦门钨业,340|-0.39|8282.3|3.74|2|2|章源钨业,107|1.46|8402.81|4.96|4|0|中钨高新,496|-4.91|7989.9|6.22|0|4|厦门钨业,1|8.58|8675.6|9.06|4|0|中钨高新,25|2.39|8883.21|10.59|3|1|中钨高新,24|2.73|9125.53|8.33|4|0|中钨高新,479|-1.70|8970.33|5.03|1|3|厦门钨业,14|2.91|9231.5|7.04|4|0|翔鹭钨业,493|-5.46|8727.48|6.96|0|4|中钨高新
BK1626|稀土,,,,,,,,,,,,,,,,,,,,,,,,,,,,,,,,,,,,,,,,,,,,,,,,,,,,,,,,,,,,,,,,,,,,,,,192|1.70|11093.25|4.05|3|1|中稀有色,3|9.19|12113.22|8.59|4|0|北方稀土,482|-2.34|11829.25|5.52|0|4|盛和资源,4|7.51|12717.4|6.78|4|0|中稀有色,75|0.63|12797.25|7.57|1|3|中稀有色,496|-9.86|11535.16|7.05|0|4|中国稀土,227|-0.63|11462.16|5.04|2|2|中国稀土,477|-2.08|11223.57|3.65|0|4|北方稀土,475|-1.16|11093.91|3.15|0|4|盛和资源,156|-0.51|11037.31|3.38|1|3|中稀有色,379|0.65|11109.24|2.84|4|0|中稀有色,496|-3.75|10692.76|3.39|0|4|北方稀土,100|0.17|10711.23|2.99|1|3|中稀有色,474|-2.98|10392.06|2.51|0|4|北方稀土,475|-2.63|10119.21|2.82|0|4|北方稀土,341|-2.22|9894.95|2.29|0|4|北方稀土,188|0.90|9983.86|2.47|3|1|中稀有色,483|-5.36|9449.06|3.12|0|4|北方稀土,298|-2.46|9216.28|2.25|0|4|北方稀土,36|-2.25|9009.15|3.53|0|4|中国稀土,480|0.24|9030.64|2.88|3|1|盛和资源,29|3.57|9352.79|3.68|4|0|北方稀土,475|-3.27|9046.96|2.13|0|4|盛和资源,25|3.47|9360.94|2.82|4|0|中稀有色,421|-0.61|9304.11|1.86|0|4|北方稀土,27|0.56|9356.53|2.34|4|0|北方稀土,167|1.81|9525.56|2.45|4|0|中稀有色,382|-2.25|9310.77|1.67|0|4|北方稀土,14|0.20|9329.75|1.63|3|1|中稀有色,7|6.34|9921.24|3.69|4|0|中稀有色,175|4.04|10321.96|4.01|4|0|中稀有色,4|2.07|10535.32|3.80|4|0|中稀有色,441|-0.24|10510.04|3.08|1|3|中国稀土,204|0.28|10539.33|3.34|3|1|盛和资源,492|-2.07|10321.12|3.83|0|4|中稀有色,408|-1.24|10192.85|3.07|1|3|中稀有色,73|2.31|10428|3.53|3|1|中稀有色,74|1.35|10569.17|3.48|3|1|盛和资源,10|4.27|11020.91|4.27|4|0|中稀有色,59|1.01|11131.98|3.54|3|1|盛和资源,332|-0.22|11107.88|2.73|1|3|中稀有色,496|-8.04|10214.27|5.40|0|4|北方稀土
BK1627|综合Ⅲ,,,,,,,,,,,,,,,,,,,,,,,,,,,,,,,,,,,,,,,,,,,,,,,,,,,,,,,,,,,,,,,,,,,,,,,125|2.30|14518.3|1.81|17|2|上海三毛,266|0.73|14623.87|2.04|12|5|南京新百,318|-0.63|14532.41|1.78|5|13|漳州发展,177|0.91|14664.56|1.61|13|6|云维股份,177|-1.33|14469.97|2.46|1|17|粤桂股份,157|-2.07|14170.59|2.98|2|17|南京公用,379|-1.27|13990.57|2.18|5|14|漳州发展,310|0.63|14079.08|1.81|14|4|综艺股份,77|2.62|14448.06|1.97|17|1|粤桂股份,158|-0.52|14372.79|3.08|4|15|东阳光,405|0.42|14432.5|2.17|13|5|云维股份,263|-0.24|14398.15|2.44|5|12|粤桂股份,221|-0.64|14306.17|2.28|4|14|东阳光,158|-0.16|14282.91|2.38|9|9|中国宝安,315|-0.25|14247.2|2.09|9|10|悦达投资,210|-1.35|14054.2|1.99|1|18|亚泰集团,277|0.25|14089.63|1.80|12|7|东阳光,203|-2.28|13768.65|1.95|0|20|粤桂股份,366|-2.85|13376.93|2.14|1|19|悦达投资,269|-5.44|12649.18|2.54|1|19|粤桂股份,207|3.42|13082.2|1.97|19|1|宁波联合,70|2.79|13447.65|1.94|18|1|漳州发展,90|-0.50|13381.01|1.82|4|14|南京新百,254|1.13|13532|1.68|16|3|粤桂股份,81|1.19|13692.45|2.29|10|7|漳州发展,230|-1.19|13529.81|2.28|3|15|漳州发展,451|-0.22|13500.25|1.96|10|5|东阳光,113|-0.56|13424.04|2.27|4|13|漳州发展,387|-3.16|13000.05|1.87|1|18|东阳光,84|2.46|13320.01|1.87|16|1|泰达股份,393|2.03|13590.48|2.31|18|1|东阳光,346|-1.86|13337.28|1.90|2|17|天宸股份,376|0.21|13364.94|1.86|11|7|中国宝安,190|0.34|13410.04|1.95|13|5|三木集团,308|0.37|13459.15|2.19|10|8|粤桂股份,353|-0.96|13329.34|1.69|5|13|上海三毛,298|1.10|13475.78|1.68|14|3|东阳光,338|-0.52|13405.52|1.75|5|14|宁波联合,305|0.46|13467.39|1.73|13|5|粤桂股份,360|-0.73|13368.46|1.67|7|12|浙农股份,296|-0.05|13362.04|2.02|8|10|东阳光,162|-0.48|13298.11|2.02|4|14|综艺股份
BK0422|物流,67|0.16|7946.38||||,54|-0.13|7935.68||||,18|0.57|7981.27||||,46|0.75|8041.19||||,45|0.19|8056.6||||,39|-0.32|8030.68||||,45|0.86|8099.73||||,32|-0.02|8098.08||||,56|-0.12|8088.13||||,49|-1.44|7971.62||||,43|-1.24|7872.73||||,30|-0.36|7844.1||||,36|-3.39|7578.5||||,70|0.17|7591.29||||,63|0.86|7656.6||||,26|-0.16|7644.32||||,50|-0.02|7642.41||||,60|0.93|7713.56||||,33|0.79|7774.82||||,46|-0.44|7740.52||||,10|0.46|7776.37||||,26|-0.53|7735.4||||,61|0.97|7810.34||||,43|0.68|7863.52||||,27|-0.44|7828.64||||,47|0.03|7830.66||||,63|-1.82|7688.29||||,43|0.04|7691.25||||,11|0.82|7754.17||||,15|-0.52|7714.09||||,48|0.49|7752.12||||,50|0.13|7761.99||||,57|1.21|7855.97||||,17|1.35|7961.66||||,62|-1.05|7877.69||||,58|0.62|7926.92||||,12|1.48|8044.63||||,42|0.05|8048.51||||,65|-0.86|7979.18||||,48|-0.69|7924.14||||,29|0.34|7951.1||||,72|0.28|7973.55||||,59|0.95|8049.56||||,63|-0.46|8012.7||||,65|0.37|8042.44||||,69|0.32|8068.07||||,47|1.49|8187.98||||,25|-0.19|8172.81||||,49|0.22|8191.03||||,36|-0.19|8175.41||||,44|-0.39|8143.27||||,39|1.28|8247.77||||,38|0.13|8258.34||||,56|0.14|8269.82||||,25|1.24|8372.12||||,72|0.41|8406.79||||,55|-1.52|8278.97||||,49|-0.61|8228.5||||,48|-0.67|8173.22||||,37|-0.26|8152.1||||,17|0.45|8188.97||||,42|-2.14|8013.79||||,69|1.15|8105.93||||,17|0.17|8225.53||||,53|-0.13|8214.58|1.01|26|25|天顺股份,43|1.32|8323.05|0.93|53|2|宏川智慧,48|-0.22|8304.67|0.74|20|32|恒基达鑫,35|0.00|8304.36|0.79|28|23|天顺股份,62|-1.06|8216.17|0.83|9|45|中谷物流,45|-0.74|8155.43|0.79|14|40|胜通能源,187|1.72|8301.45|0.98|40|5|嘉友国际,269|0.72|8361.12|1.20|33|12|密尔克卫,172|0.26|8382.48|1.35|19|26|保税科技,121|1.39|8499.13|1.57|38|8|万林物流,168|-1.24|8393.5|1.83|12|34|华光源海,50|-0.12|8383.5|2.24|14|32|龙洲股份,470|-2.45|8177.98|2.06|5|41|*ST原尚,294|0.72|8237.21|1.49|33|12|天顺股份,212|1.65|8373.13|1.34|42|5|东航物流,290|-1.18|8274.37|1.63|4|42|宏川智慧,316|1.02|8358.65|1.28|36|11|嘉友国际,147|0.33|8386.11|1.22|24|22|远大控股,173|-0.35|8356.5|1.38|14|30|广汇物流,210|-0.45|8318.86|1.48|15|29|厦门象屿,209|0.33|8346.04|1.38|27|18|华光源海,261|-1.61|8211.72|1.22|5|42|世盟股份,301|0.11|8220.71|1.13|23|23|广汇物流,153|-2.02|8054.61|1.18|2|44|福然德,128|-1.54|7930.75|1.30|9|38|福然德,348|-5.78|7472.17|1.75|0|47|*ST海钦,249|3.23|7713.55|1.24|44|3|龙洲股份,329|1.59|7836.09|1.21|40|6|申通快递,60|-0.14|7824.79|1.20|21|25|申通快递,386|0.67|7877.34|1.05|32|11|宏川智慧,296|0.05|7881.42|1.05|24|22|天顺股份,174|-0.93|7807.83|1.13|6|41|天顺股份,368|0.67|7859.8|1.10|35|9|广汇物流,185|-1.23|7763.39|0.94|10|37|中国外运,357|-2.93|7536.16|0.88|2|45|申通快递,193|1.46|7646.53|0.89|35|12|瑞茂通,324|2.77|7858.71|1.16|45|2|密尔克卫,322|-1.75|7721.05|0.87|5|42|广汇物流,61|1.69|7851.85|0.97|42|3|远大控股,429|-0.91|7780.66|0.97|8|39|世盟股份,406|-0.18|7766.32|0.90|17|27|密尔克卫,94|0.34|7792.97|1.04|21|26|申通快递,286|1.15|7882.55|1.13|36|11|申通快递,330|-0.47|7845.12|1.05|14|32|世盟股份,265|0.61|7892.89|1.11|26|19|恒基达鑫,123|0.31|7917.17|0.95|27|18|嘉友国际,365|-0.39|7886.02|0.86|12|32|申通快递,279|-1.09|7800.27|1.19|11|35|远大控股
BK0424|水泥,30|0.85|31028.69||||,82|-0.99|30720.32||||,9|1.40|31150.67||||,38|0.91|31434.07||||,8|1.52|31912.99||||,77|-1.26|31510.53||||,54|0.74|31744.18||||,35|-0.11|31709.69||||,37|0.24|31784.25||||,65|-1.90|31178.94||||,81|-2.29|30465.98||||,2|1.30|30860.97||||,29|-3.25|29859.44||||,38|1.29|30245.4||||,30|1.47|30690.48||||,40|-0.36|30580.05||||,85|-1.21|30209.44||||,4|2.32|30911.18||||,44|0.57|31086.76||||,19|0.13|31125.87||||,45|-0.81|30875.15||||,23|-0.51|30717.18||||,54|1.21|31090.04||||,68|-0.05|31075.89||||,75|-1.60|30579.61||||,9|1.17|30937.28||||,33|-1.17|30574.81||||,76|-0.71|30357.56||||,12|0.81|30603.57||||,62|-1.91|30020.47||||,82|-0.61|29838.31||||,58|-0.04|29826.82||||,25|1.81|30366.07||||,37|0.57|30539.92||||,19|0.04|30550.97||||,56|0.64|30745.37||||,58|0.46|30888.01||||,73|-0.62|30695.31||||,21|0.11|30729.04||||,76|-1.16|30373.07||||,16|0.63|30564.05||||,75|0.02|30571.41||||,65|0.85|30832.63||||,19|0.66|31036.63||||,7|2.17|31711.32||||,76|0.18|31769.14||||,59|1.13|32129.1||||,28|-0.37|32009.73||||,69|-0.37|31891.42||||,54|-0.60|31700.58||||,57|-0.80|31447.6||||,51|0.89|31726.3||||,3|1.80|32296.63||||,77|-0.53|32126.27||||,9|2.44|32909.09||||,68|0.53|33083.92||||,39|-1.08|32726.71||||,70|-1.27|32310.32||||,22|0.16|32361.58||||,22|0.42|32497.9||||,51|-0.46|32349.8||||,48|-2.29|31608.83||||,35|2.39|32364.13||||,31|-0.34|32981.27||||,55|-0.18|32923.34|1.81|7|18|韩建河山,40|1.49|33414.56|1.99|19|9|杭萧钢构,22|0.32|33520.29|2.72|14|13|西部建设,51|-0.33|33409.15|2.05|14|14|上峰水泥,71|-1.27|32985.4|1.67|3|24|上峰水泥,60|-1.07|32631.9|1.49|5|22|上峰水泥,138|2.21|33290.52|1.42|20|3|韩建河山,97|1.90|33921.86|2.28|21|3|韩建河山,457|-1.65|33361.79|1.82|1|21|西藏天路,392|-0.01|33357.69|1.35|15|7|福建水泥,205|-1.67|32800.84|1.64|7|17|华新建材,156|-2.04|32132.31|1.67|2|22|韩建河山,351|-1.15|31761.46|1.34|5|17|上峰水泥,348|0.35|31871.28|1.23|14|9|宁夏建材,80|2.60|32701.11|1.24|24|0|红墙股份,363|-1.47|32220.65|1.29|1|23|宁夏建材,355|0.78|32472.17|1.02|19|4|苏博特,193|0.13|32512.82|1.05|12|11|塔牌集团,295|-0.94|32208.2|1.09|4|17|金隅集团,93|0.25|32288.55|1.43|11|8|四川金顶,425|-1.38|31844.28|1.31|3|20|万年青,85|-0.51|31683.23|1.32|8|14|宁夏建材,264|0.35|31794.33|1.20|13|8|韩建河山,384|-3.16|30790.7|1.18|0|22|塔牌集团,242|-2.26|30096.26|1.15|1|22|金隅冀东,115|-4.21|28829.92|1.82|2|21|韩建河山,298|3.00|29694.02|1.79|20|3|龙泉股份,121|2.48|30431.28|1.38|21|1|福建水泥,369|-1.95|29837.75|1.13|0|22|万年青,376|0.70|30047.26|1.07|19|4|四方新材,60|1.39|30464.39|1.30|20|3|福建水泥,169|-0.88|30196.34|1.09|6|17|华新建材,358|0.74|30420.6|1.04|19|4|华新建材,280|-1.68|29909.98|0.92|1|22|华新建材,403|-3.24|28939.6|1.01|1|22|华新建材,144|1.81|29462.11|0.80|20|3|韩建河山,285|3.08|30369.29|1.03|23|0|上峰水泥,403|-2.15|29717.79|0.87|2|21|华新建材,381|0.20|29777.78|0.72|12|6|国统股份,255|0.03|29786.39|0.78|10|12|尖峰集团,425|-0.33|29686.87|0.90|8|15|上峰水泥,280|-0.60|29507.42|0.74|3|19|尖峰集团,310|1.07|29822.3|0.87|21|2|宁夏建材,376|-0.76|29594.98|0.79|4|19|尖峰集团,193|0.91|29865.02|0.84|17|5|苏博特,176|0.04|29876.42|0.87|7|16|四川金顶,396|-0.59|29698.9|0.99|3|19|上峰水泥,133|-0.30|29608.52|1.01|8|15|四方新材
BK0428|电力,9|1.65|18786.96||||,19|1.07|18988.73||||,45|-0.14|18962.71||||,37|0.94|19141.55||||,68|-0.30|19084.46||||,60|-0.76|18939.77||||,84|-0.02|18936.19||||,36|-0.18|18901.31||||,66|-0.52|18802.25||||,61|-1.84|18457.09||||,23|-0.61|18344.69||||,41|-0.48|18256.3||||,32|-3.33|17648.91||||,78|-0.07|17636.29||||,66|0.77|17772.72||||,22|-0.04|17765.28||||,36|0.35|17826.9||||,66|0.69|17949.32||||,41|0.60|18056.24||||,31|-0.15|18028.95||||,13|0.21|18066.73||||,36|-0.77|17927.64||||,72|0.57|18030.64||||,77|-0.32|17972.63||||,28|-0.51|17881.76||||,44|0.13|17904.5||||,17|-0.85|17752.17||||,13|1.31|17984.47||||,38|0.14|18009.73||||,51|-1.74|17697.06||||,66|0.05|17706.56||||,68|-0.18|17674.53||||,70|0.90|17833.65||||,63|0.17|17863.15||||,31|-0.30|17810.23||||,67|0.40|17881.47||||,70|0.13|17903.94||||,24|0.43|17980.48||||,82|-1.61|17690.27||||,64|-0.93|17524.88||||,60|-0.25|17481.05||||,59|0.92|17641.77||||,53|1.08|17831.7||||,35|0.08|17845.77||||,54|0.60|17952.1||||,62|0.60|18059.71||||,58|1.15|18266.66||||,17|0.31|18323.77||||,43|0.32|18382.1||||,19|0.18|18415.44||||,24|0.33|18476.79||||,32|1.43|18740.23||||,17|0.89|18907.78||||,79|-0.93|18732.66||||,63|0.44|18815.41||||,53|0.83|18971.97||||,23|-0.07|18958.21||||,63|-1.08|18754.34||||,29|0.00|18754.62||||,43|-0.64|18634.89||||,36|-0.13|18611.53||||,19|-1.39|18353.57||||,70|1.13|18560.65||||,67|-1.73|18510.79||||,19|0.84|18665.55|0.98|59|17|晋控电力,77|0.61|18778.57|1.09|67|14|协鑫能科,76|-0.79|18630.13|0.86|11|69|涪陵电力,25|0.29|18683.43|0.86|55|26|豫能控股,11|0.96|18862.7|1.13|53|25|豫能控股,75|-1.70|18541.31|1.13|4|78|豫能控股,81|2.90|19071.39|1.34|103|4|豫能控股,243|0.80|19223.26|1.57|69|30|赣能股份,73|1.33|19479.16|1.45|86|20|豫能控股,28|3.18|20098.28|2.15|105|3|赣能股份,102|-0.07|20084.27|2.36|49|57|涪陵电力,90|-1.09|19866.26|2.37|26|82|新天绿能,56|0.79|20022.5|1.94|61|42|金开新能,95|1.76|20375.02|2.21|93|13|华银电力,217|1.62|20704.56|2.13|90|19|金开新能,40|1.27|20968.12|2.72|73|33|金开新能,424|0.24|21018.76|2.69|43|61|绿发电力,34|2.05|21449.83|3.43|90|17|绿发电力,23|2.05|21890.17|3.67|84|24|绿发电力,439|-2.26|21396.42|3.81|15|92|华电能源,456|-2.09|20949.67|3.01|14|92|华电辽能,115|-0.77|20788.22|2.83|27|79|华电辽能,134|1.24|21045.29|2.60|74|32|粤电力Ａ,24|0.38|21125.86|2.72|41|64|韶能股份,25|0.39|21209.3|3.46|55|53|韶能股份,32|-2.02|20781.76|3.85|21|88|华电辽能,16|5.31|21884.31|4.08|109|1|拓日新能,21|3.82|22719.34|4.75|100|9|湖南发展,62|-0.16|22682.05|4.31|46|63|晋控电力,479|-0.73|22516.7|3.57|34|72|广西能源,494|-4.65|21470.74|3.41|5|106|川能动力,403|-2.46|20942.6|3.05|18|92|顺发恒能,475|-1.01|20730.96|2.52|45|64|新中港,281|-1.69|20379.94|2.39|29|76|川能动力,455|-3.93|19578.91|2.03|5|106|晶科科技,329|0.84|19744.02|1.67|71|37|东方新能,359|2.44|20225.75|1.93|107|3|新中港,319|-1.74|19874.18|1.52|10|98|黔源电力,396|0.11|19896.59|1.44|60|47|露笑科技,31|1.75|20244.17|1.70|84|23|甘肃能源,321|0.32|20308.51|1.86|59|44|华电辽能,249|-0.49|20209.22|1.85|35|75|豫能控股,361|0.78|20367.03|1.64|74|27|大连热电,240|-0.03|20361.85|1.74|41|63|深南电A,89|1.65|20698.05|1.91|85|24|新中港,34|1.44|20996.52|2.54|79|29|粤电力Ａ,191|0.44|21088.53|2.16|53|55|华电辽能,21|1.96|21501.39|3.02|83|24|华电能源
BK0433|农林牧渔,34|0.80|16264.57||||,69|-0.49|16185.16||||,36|0.06|16195.44||||,26|1.18|16386.44||||,14|1.01|16552.35||||,42|-0.40|16486.93||||,75|0.45|16560.61||||,21|0.32|16613.95||||,22|0.60|16713.08||||,23|-0.80|16578.89||||,9|0.64|16685.77||||,69|-1.39|16454.37||||,6|-1.95|16133.77||||,54|0.73|16250.79||||,84|-0.23|16213.87||||,78|-1.10|16035.6||||,52|-0.07|16023.93||||,28|1.47|16259.9||||,60|0.24|16298.98||||,18|0.15|16323.66||||,46|-0.82|16190.56||||,78|-1.74|15909.64||||,53|1.21|16102.87||||,46|0.58|16196.73||||,52|-1.03|16029.12||||,33|0.39|16092.37||||,59|-1.67|15823.49||||,50|-0.08|15810.89||||,15|0.76|15931.66||||,22|-0.93|15784.14||||,73|-0.17|15757.53||||,44|0.21|15790.88||||,15|2.13|16126.63||||,30|0.85|16262.97||||,60|-1.00|16099.54||||,74|0.16|16125.19||||,60|0.43|16195||||,22|0.47|16271.39||||,50|-0.44|16200.28||||,39|-0.48|16123.22||||,69|-0.51|16040.26||||,73|0.24|16078.96||||,54|1.07|16251.31||||,48|-0.26|16208.8||||,57|0.53|16294.54||||,60|0.62|16394.9||||,76|0.39|16458.35||||,36|-0.74|16335.77||||,51|0.20|16368||||,50|-0.54|16279.62||||,53|-0.65|16174.08||||,31|1.47|16412.47||||,41|-0.08|16399.78||||,65|-0.16|16372.9||||,47|0.70|16487.42||||,69|0.51|16571.32||||,20|0.34|16627.57||||,78|-1.68|16348.62||||,15|0.90|16496.46||||,19|0.61|16597.44||||,1|1.97|16924.32||||,70|-3.49|16333.55||||,79|0.45|16407.22||||,44|-0.78|16382.49||||,36|0.29|16429.47|2.96|48|39|众兴菌业,73|0.75|16551.95|2.67|66|20|雪榕生物,72|-0.77|16424.45|2.21|12|75|开创国际,40|-0.09|16409.52|1.99|35|49|*ST佳沃,79|-1.51|16162.11|2.11|9|81|京基智农,16|-0.10|16145.78|1.87|35|53|中水渔业,198|1.66|16389.53|2.30|100|12|海南橡胶,178|1.14|16576.59|2.60|100|11|冠农股份,222|-0.12|16556.04|2.45|38|73|贤丰控股,144|1.12|16741.22|3.12|89|20|亚盛集团,147|-0.95|16582.71|3.56|32|80|亚盛集团,71|-0.75|16459.15|4.87|37|76|亚盛集团,54|0.82|16593.64|4.95|63|50|亚盛集团,470|-1.82|16291.19|4.35|23|89|路斯股份,53|2.92|16766.64|4.47|108|5|亚盛集团,143|-0.36|16706.38|4.80|39|74|金龙鱼,417|0.31|16757.61|3.40|66|40|亚盛集团,182|0.15|16781.93|2.91|50|60|亚盛集团,126|-0.07|16769.69|3.72|52|61|晨光生物,216|-0.47|16691.69|3.44|38|72|播恩集团,95|1.01|16860.53|4.05|78|35|农发种业,378|-2.44|16449.86|3.42|4|110|牧原股份,377|-0.48|16370.2|2.69|42|73|京基智农,217|-2.36|15984.28|2.55|8|106|神农集团,260|-2.33|15611.12|2.58|11|102|众兴菌业,346|-5.78|14709.22|3.54|5|110|平潭发展,390|2.53|15081.49|2.45|105|10|华绿生物,303|1.70|15337.48|2.32|103|10|冠农股份,146|-0.92|15196.9|2.16|23|91|大湖股份,109|1.96|15494.51|2.22|103|11|粤海饲料,59|1.39|15710.26|3.06|78|32|金健米业,365|-2.00|15396.66|2.82|10|102|平潭发展,365|0.69|15503.22|2.20|78|32|华绿生物,47|0.50|15580.01|2.61|58|51|巨星农牧,428|-3.45|15042.55|2.35|4|110|华绿生物,76|2.57|15428.9|2.61|99|15|深粮控股,432|1.46|15654.71|2.56|97|16|*ST佳沃,264|-1.38|15438.96|2.05|20|94|嘉华股份,426|-0.07|15427.92|2.07|63|48|*ST绿康,142|0.59|15519.05|2.48|68|44|华英农业,146|1.08|15686.81|3.33|75|33|天邦食品,136|0.06|15696.15|3.27|45|67|天邦食品,419|0.47|15770.15|2.84|74|39|安德利,313|-0.34|15716.86|2.48|32|82|国投中鲁,219|0.82|15845.06|2.54|79|31|播恩集团,307|-0.47|15770.91|2.34|36|71|湘佳股份,356|-0.35|15715.96|2.69|35|75|天邦食品,169|-0.51|15635.63|2.50|36|74|华绿生物
BK0436|纺织服饰,55|0.47|14101||||,62|-0.27|14063.53||||,28|0.17|14087.64||||,30|1.08|14239.13||||,48|0.15|14260.78||||,8|0.84|14381.11||||,25|1.46|14590.92||||,17|0.56|14672.55||||,35|0.31|14718.02||||,10|0.07|14729.05||||,25|-0.72|14623.57||||,49|-0.68|14523.76||||,66|-4.38|13887.27||||,64|0.40|13942.41||||,34|1.38|14134.78||||,10|0.37|14187.02||||,44|0.15|14207.83||||,59|0.94|14341.42||||,70|0.12|14358.43||||,26|-0.09|14345.56||||,40|-0.70|14245.16||||,68|-1.44|14039.87||||,69|0.63|14129.01||||,38|0.82|14244.79||||,19|-0.11|14228.46||||,60|-0.16|14205.62||||,83|-2.75|13815.53||||,75|-0.69|13720.6||||,30|0.26|13756.35||||,34|-1.39|13565.65||||,57|0.32|13609.12||||,16|0.95|13738.56||||,5|2.53|14085.52||||,73|-0.25|14050.08||||,55|-0.83|13934.13||||,39|0.96|14067.47||||,15|1.33|14254.09||||,49|-0.12|14236.36||||,22|0.08|14248.13||||,16|0.24|14282.85||||,15|0.67|14378.99||||,70|0.32|14424.66||||,73|0.61|14511.96||||,65|-0.51|14437.66||||,38|0.91|14569.19||||,28|1.31|14760.51||||,39|1.69|15010.39||||,39|-0.84|14883.83||||,62|-0.13|14864.97||||,71|-1.32|14668.56||||,31|0.08|14680.39||||,34|1.37|14881.4||||,40|-0.04|14875.75||||,35|0.85|15002.32||||,28|1.15|15175.41||||,55|0.78|15294.38||||,59|-1.60|15049.21||||,44|-0.56|14964.79||||,52|-0.74|14853.87||||,28|0.10|14868.79||||,7|0.95|15010.06||||,18|-1.38|14802.79||||,58|1.60|15040.32||||,6|1.28|15312.18||||,26|0.56|15398.29|2.66|55|42|棒杰股份,82|0.44|15466.14|2.41|58|36|宏达高科,27|0.19|15495.37|2.01|46|49|浙文影业,45|-0.20|15463.66|2.07|31|65|天创时尚,80|-1.51|15229.62|2.02|11|85|ST新华锦,39|-0.67|15128.16|1.72|22|72|*ST步森,287|1.12|15285.48|2.16|85|25|安奈儿,352|0.41|15347.73|2.10|58|44|洪兴股份,283|-0.44|15279.56|1.94|27|81|洪兴股份,231|0.64|15377.13|1.79|70|37|洪兴股份,212|-1.76|15106.89|2.89|22|86|曼卡龙,225|-2.70|14699.3|2.68|7|100|ST雪发,318|-0.99|14554.17|2.03|24|86|天创时尚,301|0.70|14656.23|1.76|78|31|奥康国际,158|1.96|14943.71|1.70|100|8|华孚时尚,241|-0.94|14803.42|1.91|19|89|百隆东方,192|1.72|15057.79|1.59|96|10|联发股份,250|-0.19|15029.04|1.72|37|70|真爱美家,228|-0.66|14930.59|1.99|26|78|真爱美家,241|-0.61|14840.21|2.25|32|76|健盛集团,307|-0.22|14807.08|1.87|56|46|台华新材,208|-1.35|14607.7|1.94|16|92|酷特智能,219|0.71|14711.81|1.68|76|30|安奈儿,216|-2.36|14365.02|1.81|7|101|云中马,320|-2.58|13994.47|1.85|10|98|夜光明,321|-5.66|13202.89|2.45|1|109|健盛集团,90|4.25|13763.59|2.24|106|4|浪莎股份,122|2.48|14105|1.97|106|4|哈森股份,197|-1.11|13948.87|1.86|19|86|探路者,206|1.34|14135.74|1.78|89|18|华孚时尚,107|1.04|14283.4|1.91|83|26|棒杰股份,180|-0.96|14146.19|1.77|21|85|棒杰股份,242|1.41|14346.2|1.80|91|15|美邦服饰,232|-1.47|14134.68|1.73|18|91|迎丰股份,335|-2.83|13734.38|1.55|5|105|奥康国际,216|1.37|13922.42|1.43|81|25|江南高纤,279|3.13|14357.81|1.93|108|2|华孚时尚,166|-0.88|14231.89|1.77|22|87|富春染织,177|1.08|14385.84|1.73|84|20|新澳股份,214|0.23|14418.37|1.78|47|59|飞亚达,330|0.29|14460.06|2.06|57|46|孚日股份,261|-0.52|14384.44|1.90|37|69|飞亚达,212|1.45|14593.69|2.32|88|18|真爱美家,291|-0.25|14556.5|2.13|32|74|华升股份,209|0.86|14682.31|1.90|83|24|华升股份,125|0.27|14721.99|2.15|59|49|天创时尚,369|-0.43|14658.75|2.02|34|74|梦洁股份,228|-0.83|14536.75|2.06|27|78|泰慕士
BK0437|煤炭,6|1.96|13152.72||||,30|0.59|13230.41||||,57|-0.35|13184.12||||,41|0.85|13295.89||||,64|-0.24|13263.8||||,62|-0.77|13161.83||||,14|1.76|13393.82||||,18|0.39|13446.4||||,4|1.98|13712.08||||,86|-4.47|13098.78||||,45|-1.28|12931.63||||,83|-2.27|12637.71||||,43|-3.63|12178.54||||,81|-0.61|12103.89||||,65|0.78|12198.3||||,64|-0.75|12106.77||||,23|0.58|12176.44||||,78|0.40|12225.01||||,38|0.71|12312.13||||,7|0.73|12401.73||||,1|1.79|12624.03||||,82|-1.90|12384.67||||,77|0.13|12400.48||||,86|-1.13|12260.1||||,80|-2.12|12000.77||||,36|0.34|12041.94||||,41|-1.36|11878.46||||,52|-0.09|11867.5||||,17|0.73|11953.9||||,75|-2.45|11661.17||||,59|0.26|11690.94||||,11|1.27|11839.44||||,81|0.13|11854.66||||,52|0.31|11890.89||||,57|-0.86|11788.21||||,82|-0.17|11768.64||||,78|-0.04|11764.01||||,20|0.50|11823.3||||,30|-0.15|11805.23||||,53|-0.72|11720.41||||,73|-0.61|11649.42||||,64|0.54|11711.85||||,27|1.69|11909.73||||,2|3.86|12369.83||||,79|-0.30|12332.16||||,72|0.27|12365.15||||,81|-0.20|12340.85||||,48|-1.19|12193.41||||,80|-0.73|12104.93||||,44|-0.37|12060.4||||,63|-1.01|11938.03||||,24|1.72|12143.1||||,13|1.02|12267.04||||,86|-1.40|12095.86||||,8|2.44|12391.24||||,82|-0.25|12360.67||||,12|1.04|12489.17||||,86|-2.50|12177.23||||,6|4.38|12711||||,17|0.65|12793.56||||,11|0.71|12883.88||||,83|-6.09|12099.18||||,74|0.92|12210.86||||,78|-2.48|12819.04||||,68|-0.47|12759.4|1.70|7|25|陕西黑猫,68|0.89|12872.7|1.47|23|10|新大洲A,12|0.45|12931.04|1.40|18|15|新大洲A,12|1.03|13063.94|1.52|26|5|山西焦化,44|-0.43|13008.19|1.38|14|18|兖矿能源,69|-1.57|12803.93|1.21|5|29|云维股份,51|3.57|13247.84|2.02|35|0|陕西黑猫,300|0.61|13329.27|2.40|26|9|新大洲A,386|-0.90|13209.55|1.79|5|29|物产环能,27|3.25|13638.58|4.17|35|0|永泰能源,45|1.92|13900.59|4.97|28|7|中煤能源,19|2.77|14285.74|5.15|29|6|陕西黑猫,460|-2.21|13969.84|3.47|6|26|晋控煤业,436|-0.62|13883.04|2.88|8|26|兖矿能源,459|-0.79|13773.94|1.54|6|26|辽宁能源,19|2.17|14072.88|3.24|32|1|兰花科创,484|-2.85|13671.25|2.16|1|33|新大洲A,41|1.79|13916.38|1.87|29|5|中煤能源,10|4.09|14485.01|2.85|33|1|郑州煤电,141|-0.09|14471.76|2.56|10|24|郑州煤电,476|-2.68|14083.89|2.22|0|34|伊泰Ｂ股,201|-1.30|13900.54|2.00|5|29|安泰集团,458|-1.21|13732.16|1.84|7|27|辽宁能源,16|0.98|13866.83|2.10|19|13|陕西黑猫,47|-0.51|13796.72|2.16|13|21|郑州煤电,8|1.21|13963.55|3.10|20|13|辽宁能源,469|0.79|14073.23|2.33|21|12|辽宁能源,478|0.01|14075.06|2.54|17|16|辽宁能源,38|0.20|14102.7|2.38|17|15|辽宁能源,473|-0.59|14019.98|1.79|11|22|山西焦化,416|-0.58|13937.97|1.99|13|20|电投能源,491|-4.88|13257.93|2.20|0|33|晋控煤业,460|-0.54|13186.35|1.61|12|19|甘肃能化,45|0.52|13255.43|1.19|20|9|中煤能源,454|-3.89|12739.3|1.18|1|31|伊泰Ｂ股,68|2.70|13082.89|1.10|32|0|中煤能源,484|-0.77|12982.17|1.43|12|20|新大洲A,158|-0.81|12876.75|0.92|8|22|恒源煤电,406|0.05|12882.61|0.86|16|16|晋控煤业,96|0.86|12993.52|0.99|26|5|辽宁能源,470|-0.96|12868.35|0.87|7|24|伊泰Ｂ股,209|-0.34|12824.62|0.89|13|18|电投能源,344|0.89|12938.73|0.77|25|7|新大洲A,446|-1.38|12760.72|1.04|4|29|新大洲A,327|0.36|12806.69|1.04|19|13|新大洲A,23|1.83|13040.97|1.29|30|3|甘肃能化,247|0.15|13060.45|1.05|16|17|云煤能源,18|2.18|13344.64|1.43|27|6|昊华能源
BK0440|家居用品,38|0.74|52493.82||||,78|-0.79|52079.64||||,29|0.17|52165.94||||,14|1.68|53043.59||||,74|-0.51|52774.19||||,29|-0.11|52717.34||||,43|0.96|53222.77||||,53|-0.57|52920.43||||,60|-0.20|52814.31||||,14|-0.39|52606.55||||,41|-1.13|52014.47||||,56|-0.99|51501.9||||,48|-3.73|49581.68||||,32|1.51|50332.05||||,38|1.31|50990.25||||,51|-0.55|50711.2||||,22|0.64|51037.87||||,55|1.01|51554.67||||,16|1.34|52246.02||||,32|-0.17|52159.41||||,23|-0.20|52053.15||||,18|-0.38|51855.54||||,65|0.77|52253.52||||,32|1.00|52775.25||||,26|-0.42|52553.64||||,14|0.91|53029.51||||,78|-2.26|51829.37||||,81|-1.11|51254.25||||,31|0.24|51375.19||||,32|-1.35|50682.72||||,61|0.17|50766.78||||,6|1.74|51651.22||||,6|2.45|52918.51||||,75|-0.31|52751.96||||,73|-1.36|52034.91||||,62|0.54|52316.17||||,72|0.08|52359.77||||,79|-0.71|51989.67||||,51|-0.46|51752.05||||,21|-0.03|51738.67||||,31|0.29|51888.21||||,31|1.77|52809.18||||,85|0.04|52831||||,53|-0.33|52659.09||||,47|0.68|53019.14||||,40|1.15|53627.63||||,20|2.33|54877.26||||,38|-0.81|54431.01||||,18|1.13|55044.57||||,63|-0.90|54549.7||||,28|0.20|54659.3||||,48|1.04|55226.72||||,36|0.28|55381.52||||,17|1.42|56165.9||||,75|-0.03|56150.11||||,62|0.62|56500.36||||,69|-2.09|55320.13||||,45|-0.56|55007.69||||,62|-1.22|54338.9||||,10|1.39|55093.25||||,21|0.39|55308.91||||,12|-1.21|54638.37||||,65|1.34|55371.15||||,9|0.62|56007.96||||,44|0.08|56051.52|2.80|20|22|嘉益股份,71|0.77|56484.13|2.64|31|10|美新科技,16|0.36|56686.5|2.48|22|20|嘉益股份,75|-0.82|56221.56|2.05|7|36|太力科技,39|-0.26|56077.2|2.59|12|32|哈尔斯,40|-0.70|55685.84|2.16|13|30|太力科技,212|1.55|56733.5|1.87|62|14|顶固集创,278|0.70|57131.23|2.29|52|20|美克家居,399|-1.00|56559.27|2.31|17|59|悦心健康,312|0.28|56718.1|2.00|36|39|菲林格尔,310|-2.49|55307.52|2.54|7|69|顶固集创,202|-2.53|53909.83|2.40|8|68|青岛金王,253|-0.73|53515.27|2.04|17|58|王力安防,244|0.95|54022.56|1.99|61|14|王力安防,138|2.12|55168.73|1.85|67|8|王力安防,196|-0.71|54775.15|2.12|15|59|王力安防,125|2.18|55971.67|1.90|68|6|王力安防,344|-0.53|55675.58|2.02|19|56|德尔未来,302|-0.97|55134.36|2.32|15|59|松霖科技,206|-0.42|54904.49|2.17|29|45|海鸥住工,306|-0.22|54784.4|2.55|36|38|美克家居,144|-0.94|54269.27|2.16|18|58|松霖科技,217|0.73|54663.59|1.80|50|25|茶花股份,288|-2.66|53211.26|1.87|5|71|茶花股份,268|-2.39|51942.12|1.87|7|69|共创草坪,428|-6.17|48735.29|2.49|3|73|联翔股份,105|4.10|50734.08|2.24|74|2|德尔未来,298|1.72|51607.23|1.81|68|5|共创草坪,173|-1.02|51080.88|1.64|13|63|联翔股份,318|0.91|51547.28|1.62|55|18|联翔股份,336|-0.08|51504.89|1.68|35|39|联翔股份,268|-1.36|50806.39|1.69|14|60|共创草坪,240|1.42|51528.34|1.54|63|12|张小泉,257|-1.57|50719.05|1.44|10|66|华瓷股份,339|-2.85|49272.52|1.75|5|71|恒林股份,253|1.25|49889.76|1.78|58|18|共创草坪,276|3.16|51463.97|1.83|72|4|联翔股份,212|-1.11|50894.8|2.11|13|62|梦天家居,90|1.41|51611.14|2.31|66|10|联翔股份,389|-0.59|51307.92|2.11|17|58|美克家居,270|0.53|51582.3|2.34|46|25|天安新材,161|-0.14|51508.21|1.97|20|53|帝欧水华,258|1.28|52169.53|2.19|61|13|嘉益股份,349|-0.55|51883.01|2.03|17|59|森鹰窗业,311|0.43|52107.28|1.91|52|22|美新科技,155|0.14|52182.09|1.97|31|41|皮阿诺,392|-0.56|51890.1|2.04|20|55|尚品宅配,250|-0.92|51412.98|2.13|23|52|中源家居
BK0454|塑料,51|0.55|19090.94||||,23|0.95|19272.72||||,24|0.28|19327.01||||,75|-0.18|19292.46||||,13|1.06|19497.38||||,51|-0.57|19385.55||||,15|1.72|19718.55||||,52|-0.54|19611.36||||,44|0.05|19620.73||||,62|-1.86|19256.01||||,30|-0.87|19088.07||||,51|-0.74|18946.19||||,70|-4.52|18090.67||||,27|1.68|18394.09||||,27|1.55|18678.83||||,58|-0.69|18550.05||||,19|0.72|18684.16||||,50|1.08|18886.86||||,19|1.28|19128.44||||,20|0.07|19141.32||||,53|-0.97|18955.6||||,61|-1.25|18719.53||||,23|1.85|19066.31||||,24|1.21|19297.33||||,51|-1.02|19100.83||||,40|0.20|19138.62||||,52|-1.56|18839.68||||,54|-0.15|18811.55||||,24|0.50|18905.12||||,41|-1.55|18611.28||||,40|0.61|18725.16||||,37|0.37|18794.35||||,51|1.30|19039.24||||,24|1.03|19234.66||||,17|0.12|19257.44||||,14|1.94|19631.11||||,32|1.01|19829.16||||,54|-0.20|19790.41||||,5|1.26|20038.97||||,18|0.14|20066.79||||,39|0.13|20091.95||||,58|0.98|20289.2||||,66|0.82|20455.34||||,17|0.80|20619.06||||,35|1.01|20827.82||||,41|1.12|21060.09||||,30|2.00|21481.55||||,67|-1.86|21081.6||||,47|0.24|21132.65||||,18|0.25|21184.89||||,26|0.32|21251.92||||,40|1.27|21522.56||||,68|-1.13|21279.13||||,21|1.35|21565.4||||,45|0.78|21732.64||||,21|1.78|22120.08||||,76|-2.37|21594.76||||,24|0.12|21621.18||||,71|-1.47|21302.93||||,55|-1.16|21055.74||||,10|0.78|21220.81||||,62|-2.96|20593.71||||,33|2.40|21087.27||||,57|-1.34|20727.98||||,11|1.30|20996.62|4.08|68|18|金富科技,36|1.54|21320.52|3.91|71|15|金富科技,42|-0.15|21288.47|3.79|33|54|国风新材,21|0.37|21367.09|3.67|42|43|金富科技,45|-0.46|21269.84|3.33|32|56|唯科科技,15|-0.10|21249.03|3.39|27|59|国风新材,175|1.84|21597.97|4.11|64|12|天洋新材,106|1.81|21989.61|4.97|62|15|东材科技,103|0.83|22173.01|4.35|45|30|东材科技,249|0.55|22294.35|3.73|40|36|聚石化学,352|-2.64|21705.87|4.29|6|70|杭州高新,365|-4.04|20828.08|4.33|5|72|中仑新材,220|-0.60|20704.14|2.84|22|53|和顺科技,105|1.73|21061.54|3.13|67|10|沃顿科技,263|1.40|21356.65|2.80|59|17|英科再生,248|-0.96|21152.55|3.48|16|60|乐凯胶片,54|2.88|21762.14|3.34|72|5|道明光学,139|0.40|21850.02|4.29|36|40|瑞丰高材,167|-0.32|21780.45|4.66|26|51|富恒新材,251|-0.67|21635|4.08|25|51|争光股份,185|0.41|21724.65|4.04|37|39|瑞丰高材,407|-2.70|21138.31|3.81|11|66|新广益,159|1.08|21366.58|3.25|59|18|唯科科技,425|-3.54|20610.05|3.08|5|72|光华股份,310|-2.54|20087.25|3.49|9|69|唯科科技,309|-5.61|18960.88|4.29|4|74|金发科技,219|3.38|19602.55|3.40|74|4|祥源新材,162|2.29|20051.75|3.23|72|6|国风新材,160|-0.98|19856.09|4.11|17|61|大东南,158|1.61|20176.28|4.85|64|14|大东南,140|0.77|20330.69|5.10|48|29|神剑股份,276|-1.38|20050.43|4.82|14|64|星辉环材,127|2.03|20457.78|5.26|67|10|星辉环材,262|-1.58|20134.36|5.31|11|67|星辉环材,128|-1.64|19803.33|5.53|15|63|圣泉集团,128|1.92|20183.15|5.00|62|14|圣泉集团,188|3.91|20972.32|5.10|74|4|神剑股份,289|-1.54|20650.37|4.79|15|62|道恩股份,232|0.86|20827.35|4.92|56|18|大东南,138|0.62|20955.78|5.55|45|31|万凯新材,209|0.80|21123.13|5.38|52|25|美联新材,259|-0.52|21013.57|5.30|18|60|乐凯胶片,179|1.61|21351.88|5.42|65|12|大东南,34|2.19|21819.65|7.08|57|21|沧州明珠,253|0.66|21963.24|7.18|45|29|普利特,309|-0.48|21858.26|6.42|32|44|神剑股份,104|0.98|22073.34|6.09|52|24|江苏博云,432|-2.26|21574.91|6.21|13|65|海正生材
BK0456|家用电器,45|0.62|25394.01||||,34|0.39|25492.27||||,68|-0.69|25316.21||||,51|0.66|25484.51||||,25|0.55|25624.27||||,17|0.31|25702.97||||,58|0.70|25883.33||||,37|-0.24|25822.32||||,63|-0.40|25719.58||||,29|-0.99|25466.2||||,63|-1.78|25013.55||||,32|-0.37|24922.02||||,20|-3.08|24153.4||||,47|1.08|24415.25||||,60|0.90|24634.52||||,20|0.05|24647.96||||,25|0.52|24776.61||||,63|0.74|24960.99||||,40|0.65|25124.26||||,28|-0.12|25093.42||||,19|-0.08|25073.23||||,28|-0.57|24929.66||||,67|0.71|25107.47||||,63|0.15|25144.95||||,38|-0.77|24951.13||||,32|0.39|25048.39||||,53|-1.58|24653.39||||,53|-0.12|24623.71||||,49|-0.07|24606.36||||,25|-0.99|24362.04||||,45|0.53|24490.82||||,42|0.23|24547.42||||,40|1.43|24898.65||||,65|0.10|24922.92||||,50|-0.65|24760.25||||,31|1.25|25069.43||||,45|0.66|25233.81||||,74|-0.63|25075.63||||,36|-0.23|25018.06||||,22|-0.11|24989.68||||,30|0.33|25073.11||||,48|1.27|25392.44||||,62|0.93|25627.38||||,69|-0.65|25461.92||||,56|0.57|25607.4||||,37|1.17|25908.17||||,38|1.71|26352.05||||,32|-0.54|26209.54||||,36|0.51|26342.04||||,57|-0.64|26173.67||||,30|0.10|26198.74||||,41|1.22|26517.83||||,49|-0.30|26438.68||||,46|0.57|26588.84||||,59|0.53|26728.83||||,58|0.76|26931.57||||,62|-1.63|26493.25||||,40|-0.51|26358.18||||,67|-1.36|26000.75||||,42|-0.58|25850.23||||,47|-0.35|25759.1||||,25|-1.51|25370.51||||,64|1.39|25722.48||||,29|-0.29|25868.06||||,47|0.00|25867.6|1.51|40|44|三星新材,44|1.32|26208.33|1.53|77|12|兆驰股份,13|0.42|26319.42|1.54|47|40|兆驰股份,56|-0.45|26200.35|1.91|27|59|小崧股份,55|-0.74|26005.73|1.62|26|62|禾盛新材,31|-0.45|25887.53|1.63|27|62|宏昌科技,262|1.22|26218.58|1.88|83|22|民爆光电,388|0.25|26282.92|1.75|56|47|浙江美大,221|-0.12|26252.37|1.82|43|60|同星科技,350|0.17|26296.55|1.86|43|64|三星新材,289|-2.30|25691.1|2.27|9|99|亿田智能,240|-2.79|24973.61|2.31|9|99|民爆光电,249|-0.71|24797.54|1.65|28|77|瑞德智能,67|1.91|25271.24|1.75|96|12|兆驰股份,277|1.35|25611.68|1.91|90|13|彩虹集团,321|-1.31|25276.47|2.03|15|91|小崧股份,159|1.94|25767.42|1.65|100|6|禾盛新材,255|-0.22|25711.91|2.11|35|65|勤上股份,294|-0.94|25471.45|1.83|23|84|小熊电器,98|0.24|25532.14|2.11|47|58|日出东方,233|0.22|25588.71|1.97|54|51|海洋王,238|-1.51|25201.06|1.97|20|88|海立股份,169|1.02|25458|1.59|71|33|金海高科,225|-2.39|24848.45|1.82|6|102|日出东方,196|-1.99|24353.17|1.95|10|96|格利尔,241|-5.28|23066.25|2.46|7|101|倍轻松,275|3.11|23783.58|1.87|100|8|极米科技,270|1.82|24216.77|1.74|88|19|康盛股份,143|-0.90|23998.15|1.73|18|85|德昌股份,388|0.65|24154.05|1.72|74|32|奥普科技,289|0.10|24177.74|1.67|51|53|宏昌科技,125|-0.68|24012.69|1.73|23|77|春光科技,143|1.91|24470.76|1.74|99|7|亿田智能,233|-1.48|24109.38|1.63|16|91|立达信,239|-2.38|23535.57|1.39|11|97|民爆光电,372|0.63|23683.26|1.28|70|36|民爆光电,214|3.74|24568.83|1.89|105|3|金海高科,240|-1.24|24264.4|1.73|20|82|海立股份,181|1.07|24524.75|1.68|87|19|惠而浦,301|-0.19|24479.1|1.59|35|68|康盛股份,212|0.79|24673.31|2.01|78|27|亿田智能,126|0.11|24700.8|2.29|37|68|立达信,248|1.34|25031.57|2.05|92|14|联合精密,204|0.22|25087.11|2.08|44|60|康盛股份,203|0.88|25307.76|2.04|68|38|康盛股份,199|-0.07|25289.23|2.49|38|69|阳光照明,198|0.43|25397.47|2.49|51|55|立达信,200|-0.69|25221.8|2.86|30|76|九阳股份
BK0459|元件,46|0.62|34552.97||||,13|1.34|35015.9||||,78|-0.99|34669.01||||,79|-0.62|34453.43||||,84|-1.05|34091.07||||,31|-0.22|34017.5||||,67|0.56|34209||||,82|-1.52|33690.68||||,31|0.35|33808.35||||,13|-0.36|33688.33||||,70|-1.94|33034||||,18|-0.08|33008.1||||,65|-4.18|31626.75||||,18|1.99|32256.26||||,11|2.11|32937.44||||,28|-0.22|32866.35||||,43|0.20|32933.53||||,52|1.06|33281.25||||,11|1.66|33834.48||||,71|-1.06|33477.44||||,65|-1.16|33090.2||||,15|-0.13|33046.91||||,27|1.77|33633.29||||,4|2.34|34420.85||||,4|0.58|34621.18||||,74|-0.52|34442.71||||,27|-1.05|34080.34||||,25|0.50|34252.18||||,74|-0.90|33943.23||||,46|-1.66|33379.68||||,15|1.83|33989.02||||,73|-0.61|33781.23||||,80|0.30|33881.78||||,11|1.89|34521.65||||,24|-0.12|34481.15||||,13|2.26|35261.95||||,50|0.59|35470.34||||,43|0.02|35476.11||||,19|0.27|35573.02||||,41|-0.53|35384.88||||,48|-0.06|35364.4||||,15|2.49|36244.23||||,72|0.70|36498.26||||,12|1.25|36954.81||||,53|0.62|37183.62||||,26|1.37|37693.42||||,22|2.26|38547.17||||,79|-2.93|37417.39||||,27|0.81|37721.56||||,24|0.09|37756.28||||,6|1.65|38380.16||||,61|0.46|38558.38||||,80|-2.08|37758.15||||,7|2.35|38646.23||||,17|1.58|39257.41||||,64|0.57|39481.61||||,71|-2.17|38624.92||||,9|0.94|38988.32||||,47|-0.63|38743.18||||,83|-2.85|37639.19||||,16|0.53|37837.36||||,50|-2.30|36967.88||||,17|2.95|38060.07||||,62|-1.45|37223.27||||,37|0.25|37315.87|2.98|70|77|杉杉股份,13|2.53|38259.99|2.70|142|7|杉杉股份,24|0.25|38357.41|3.09|66|81|海星股份,42|-0.13|38308.65|2.68|57|89|德邦科技,10|1.00|38691.31|3.01|96|51|伊戈尔,32|-0.47|38510.93|2.58|55|93|华丰科技,60|3.31|39782.44|4.23|55|7|风华高科,47|3.13|41027.11|5.30|57|4|风华高科,5|4.19|42746.58|6.54|58|4|广合科技,490|-1.44|42133.09|5.39|16|46|泰晶科技,114|-0.38|41972.54|5.03|21|41|泰晶科技,439|-4.99|39877.27|5.60|3|59|东山精密,109|0.10|39915.8|3.77|26|35|超颖电子,199|1.19|40389.98|4.16|41|21|奥士康,322|1.11|40836.31|3.60|35|26|奥士康,464|-2.61|39770.12|4.47|6|55|东山精密,5|5.61|42001.44|4.41|59|3|金安国纪,189|0.13|42055.76|4.23|29|32|博敏电子,461|-1.96|41231.61|3.99|8|54|方邦股份,234|-0.57|40995.72|3.95|17|44|南亚新材,14|2.96|42210.73|4.29|55|7|金安国纪,478|-4.07|40491.35|5.03|8|55|超颖电子,10|3.39|41864.56|4.70|58|5|奥士康,340|-2.87|40661.95|3.89|5|58|南亚新材,229|-2.20|39769.3|4.02|12|51|南亚新材,471|-6.68|37113.77|4.30|2|61|泰晶科技,115|4.03|38608.49|3.74|62|1|海星股份,204|2.12|39428.35|3.66|56|6|超颖电子,361|-1.90|38678.06|3.03|8|55|海星股份,424|0.44|38846.33|2.68|29|33|泰晶科技,273|0.16|38907.32|2.78|30|33|江海股份,414|-2.52|37928.79|2.88|6|57|金禄电子,23|3.80|39370.97|3.34|61|2|中京电子,475|-3.38|38039.27|3.00|3|60|则成电子,22|-0.27|37936.96|2.59|22|41|晶赛科技,210|1.40|38467.18|2.71|49|14|中英科技,19|6.92|41127.97|4.75|63|1|东山精密,28|0.41|41296.85|4.42|30|34|东山精密,258|0.77|41614.81|4.46|38|26|东山精密,26|2.11|42494.52|4.71|52|12|泰晶科技,14|3.32|43903.96|5.78|55|9|沪电股份,405|-1.21|43373.74|4.91|17|47|红板科技,146|1.75|44134.35|4.17|50|12|世运电路,19|2.59|45279.22|5.00|51|13|广合科技,346|0.30|45415.53|4.94|30|34|方正科技,14|2.08|46361.34|5.01|44|20|泰晶科技,6|3.49|47980.84|5.59|57|6|海星股份,421|-2.12|46961.84|5.57|11|52|海星股份
BK0464|石油石化,10|1.52|6434.67||||,24|0.84|6488.53||||,20|0.49|6520.48||||,36|0.96|6583.04||||,21|0.70|6629.26||||,18|0.29|6648.42||||,68|0.55|6685.01||||,3|1.89|6811.68||||,9|1.38|6905.38||||,54|-1.52|6800.45||||,24|-0.65|6755.95||||,76|-1.76|6637.35||||,76|-4.85|6315.29||||,73|0.13|6323.33||||,72|0.51|6355.78||||,77|-1.08|6287.24||||,21|0.69|6330.76||||,13|1.82|6445.92||||,48|0.47|6476.29||||,27|-0.10|6470.06||||,27|-0.31|6449.87||||,46|-1.00|6385.49||||,74|0.45|6414.05||||,80|-0.38|6389.44||||,64|-1.31|6305.94||||,52|-0.06|6302.36||||,49|-1.50|6207.57||||,70|-0.54|6174.33||||,40|0.12|6181.95||||,63|-1.98|6059.76||||,55|0.38|6082.62||||,19|0.88|6136.31||||,76|0.60|6173.3||||,27|0.93|6230.97||||,35|-0.39|6206.95||||,50|0.78|6255.29||||,82|-0.17|6244.55||||,29|0.28|6262.3||||,2|2.14|6396.42||||,3|1.49|6491.88||||,83|-0.97|6428.59||||,80|-0.08|6423.75||||,30|1.62|6527.77||||,77|-0.83|6473.82||||,52|0.62|6513.97||||,22|1.69|6623.81||||,85|-0.52|6589.28||||,19|0.15|6598.92||||,28|0.80|6651.69||||,45|-0.40|6624.85||||,48|-0.42|6597.14||||,36|1.34|6685.65||||,22|0.67|6730.48||||,29|0.97|6795.63||||,6|2.79|6984.95||||,39|1.25|7072.29||||,7|2.42|7243.72||||,77|-1.66|7123.7||||,8|2.31|7288.56||||,7|2.41|7463.97||||,64|-1.17|7376.67||||,74|-4.94|7012.6||||,77|0.57|7052.63||||,53|-1.24|7108.17||||,7|1.80|7235.98|0.58|18|1|洲际油气,58|1.10|7315.63|0.50|11|7|和顺石油,45|-0.17|7302.83|0.39|6|13|博汇股份,15|0.63|7349|0.44|13|6|洲际油气,58|-0.80|7290.57|0.44|6|12|中国海油,74|-1.67|7168.73|0.41|3|16|*ST新潮,14|6.63|7639.22|0.82|47|2|准油股份,303|0.61|7685.49|1.30|21|28|洲际油气,423|-1.20|7593.31|0.91|12|36|洲际油气,117|1.44|7702.42|0.74|39|10|和顺石油,10|7.94|8313.88|1.74|47|2|准油股份,9|7.08|8902.38|2.14|40|9|准油股份,476|-2.99|8636.47|2.80|14|34|洲际油气,475|-2.06|8458.28|2.29|15|33|宇新股份,479|-1.38|8341.79|1.61|17|32|齐翔腾达,96|0.14|8353.57|2.39|24|24|科力股份,492|-4.23|8000.21|1.57|6|42|桐昆股份,67|1.23|8098.91|1.37|29|19|和顺石油,143|-0.19|8083.89|1.39|16|32|东华能源,373|-1.32|7977.07|1.17|13|35|科力股份,332|-0.33|7951.11|1.04|24|24|和顺石油,237|-1.51|7831.12|1.04|6|43|仁智股份,477|-1.67|7700.51|0.90|12|37|恒力石化,28|0.26|7720.34|1.35|23|26|蓝焰控股,445|-3.46|7453.21|1.00|4|43|蓝焰控股,24|-1.20|7363.66|1.09|17|32|博迈科,475|0.55|7404|0.90|32|17|康普顿,388|1.23|7495.43|0.91|33|15|润贝航科,41|0.17|7508.09|0.86|21|28|渤海化学,217|1.29|7604.71|0.81|38|8|蓝焰控股,399|-0.43|7572.01|0.80|19|30|博汇股份,410|-2.50|7382.78|0.69|3|47|博汇股份,410|0.35|7408.6|0.69|30|20|博迈科,10|2.99|7629.96|0.92|38|11|博汇股份,311|-2.73|7421.39|0.79|8|41|中油工程,52|3.08|7650.05|0.80|47|3|恒逸石化,490|-1.85|7508.51|1.11|20|30|润贝航科,33|0.36|7535.37|0.84|25|25|中曼石油,307|0.58|7579.33|0.66|24|22|康普顿,49|1.33|7679.8|0.94|36|13|蓝焰控股,476|-1.37|7574.84|0.71|10|40|恒力石化,449|-1.75|7442.44|0.68|8|41|恒力石化,439|0.29|7463.97|0.52|28|21|恒逸石化,374|-0.76|7407.55|0.60|16|34|岳阳兴长,363|0.24|7425.55|0.58|29|18|渤海化学,120|0.34|7450.97|0.53|20|29|岳阳兴长,391|-0.56|7409.29|0.52|15|35|国际实业,46|0.99|7482.48|0.87|30|19|潜能恒信
BK0471|化学纤维,65|0.32|16880.02||||,12|1.38|17112.58||||,7|1.67|17397.59||||,9|1.96|17739.19||||,32|0.39|17808.67||||,50|-0.56|17709.53||||,29|1.40|17956.62||||,28|0.02|17960.64||||,21|0.61|18069.59||||,75|-2.35|17645.57||||,40|-1.13|17445.36||||,73|-1.62|17162.2||||,71|-4.55|16380.61||||,39|1.26|16586.66||||,76|0.41|16655.01||||,69|-0.91|16503.84||||,11|0.91|16653.91||||,35|1.39|16886.05||||,51|0.41|16956.01||||,12|0.41|17025.42||||,22|-0.18|16995.38||||,77|-1.72|16702.65||||,32|1.49|16951.45||||,78|-0.33|16896.19||||,55|-1.06|16716.36||||,50|-0.05|16707.44||||,23|-0.96|16547.23||||,33|0.23|16585.18||||,4|1.91|16902.05||||,59|-1.86|16587.27||||,52|0.42|16656.15||||,4|1.85|16965.06||||,29|1.69|17251.2||||,21|1.19|17455.85||||,70|-1.25|17237.99||||,7|2.76|17714.23||||,10|1.56|17991||||,10|1.17|18201.37||||,1|2.93|18734.64||||,13|0.42|18814.13||||,74|-0.64|18693.11||||,68|0.45|18776.45||||,15|2.06|19163.87||||,27|0.25|19211.72||||,55|0.59|19325.21||||,80|-0.03|19319.63||||,67|0.85|19483.08||||,53|-1.37|19216.91||||,11|1.53|19510.97||||,51|-0.58|19397.86||||,23|0.36|19467.03||||,6|2.99|20048.62||||,4|1.50|20350.26||||,53|0.21|20392.31||||,22|1.35|20668.05||||,61|0.64|20799.87||||,56|-1.56|20474.95||||,25|0.05|20484.9||||,21|0.45|20577.75||||,54|-1.11|20349.15||||,31|0.11|20371.09||||,72|-4.84|19384.15||||,25|2.74|19914.62||||,63|-1.46|19705.06||||,6|1.80|20060.69|1.87|26|5|皖维高新,50|1.18|20297.77|1.80|26|5|新乡化纤,50|-0.24|20248.2|1.39|11|20|汇隆新材,5|1.94|20640.56|2.03|23|6|泰和新材,59|-0.82|20472.26|1.39|6|25|汇隆新材,77|-1.93|20077.46|1.29|2|29|南京化纤,97|2.64|20626.39|2.44|25|2|三房巷,103|1.85|21008.85|2.71|26|1|优彩资源,387|-0.90|20818.95|2.49|11|15|聚合顺,446|-0.36|20743.88|1.97|12|14|中复神鹰,248|-2.09|20311.16|2.87|5|22|新凤鸣,444|-5.09|19276.51|2.89|1|26|彩蝶实业,191|-0.46|19188.16|2.28|11|16|新乡化纤,347|0.37|19258.87|1.79|22|5|双欣材料,74|2.65|19768.92|2.30|27|1|恒天海龙,424|-1.93|19387.02|3.07|4|23|神马股份,188|1.76|19728.75|2.29|24|4|新乡化纤,30|2.13|20148.21|3.26|19|7|双欣材料,17|2.79|20710.59|4.62|20|8|吉林化纤,344|-1.17|20469.02|6.56|8|20|恒天海龙,61|1.36|20746.85|5.70|18|10|三房巷,20|1.21|20997.58|6.18|13|15|三房巷,337|-0.19|20958.72|5.75|13|14|三房巷,471|-4.57|20000.55|5.73|0|27|中复神鹰,460|-3.76|19248.18|4.66|2|25|恒天海龙,162|-4.86|18311.92|4.69|4|23|新凤鸣,156|3.76|19000.32|3.96|26|1|恒天海龙,336|1.55|19295.49|3.62|23|4|吉林碳谷,349|-1.84|18940.44|3.15|4|22|华峰化学,203|1.35|19196.34|2.89|24|3|双欣材料,238|0.33|19260.56|2.64|17|9|恒申新材,369|-2.02|18870.6|2.69|2|25|恒天海龙,241|1.42|19138.04|2.54|23|4|新凤鸣,377|-2.20|18716.36|2.16|1|26|神马股份,366|-2.98|18157.73|2.07|0|27|新乡化纤,24|4.20|18920.92|2.92|26|1|尤夫股份,315|2.85|19459.61|3.60|25|2|新乡化纤,56|-0.11|19437.37|3.20|11|16|神马股份,197|0.99|19630.28|2.89|18|9|宝丽迪,227|0.17|19663.36|2.66|14|13|宝丽迪,424|-0.33|19599.07|2.46|11|13|汇隆新材,386|-1.09|19385.81|2.15|6|21|宝丽迪,48|2.65|19899.52|2.04|23|2|宝丽迪,77|1.33|20164.83|2.88|14|9|宝丽迪,33|2.44|20657.74|3.51|21|4|苏州龙杰,257|-0.30|20596.26|2.68|11|15|新凤鸣,160|0.59|20717.34|2.42|13|13|汇隆新材,272|-1.03|20504.7|2.71|5|21|中复神鹰
BK0473|证券Ⅱ,79|-0.32|161176.44||||,21|1.01|162806.58||||,81|-1.02|161147.27||||,23|1.31|163256.63||||,81|-0.95|161712.73||||,71|-0.99|160109.48||||,41|0.99|161687.64||||,69|-1.09|159927.81||||,71|-0.84|158581.53||||,9|0.16|158830.47||||,18|-0.24|158443.31||||,36|-0.41|157792.05||||,41|-3.55|152190.59||||,67|0.33|152686.33||||,82|0.12|152872.36||||,44|-0.44|152205.97||||,46|0.04|152268.8||||,69|0.56|153121.45||||,53|0.37|153691.75||||,65|-0.91|152300.72||||,47|-0.84|151020.52||||,9|0.28|151443.69||||,10|2.27|154883.59||||,22|1.26|156830.47||||,70|-1.41|154614.77||||,24|0.58|155506.84||||,48|-1.47|153218.92||||,18|0.68|154256.67||||,42|0.08|154376.16||||,17|-0.61|153434.28||||,21|1.32|155459.44||||,79|-0.92|154031.08||||,77|0.48|154769.31||||,70|-0.16|154521.78||||,41|-0.54|153692.48||||,40|0.93|155118.16||||,54|0.51|155909.28||||,16|0.55|156762.13||||,54|-0.59|155831.31||||,23|-0.12|155646.66||||,71|-0.58|154747.42||||,42|1.45|156992.28||||,3|3.61|162656.08||||,85|-1.14|160799.86||||,84|-2.06|157495.36||||,57|0.71|158611.38||||,44|1.60|161143.63||||,34|-0.71|159995.23||||,70|-0.41|159332.14||||,75|-1.82|156439.66||||,54|-0.66|155407.57||||,70|0.02|155441.68||||,35|0.30|155900.82||||,76|-0.53|155081.88||||,68|0.27|155496.9||||,75|0.33|156013.94||||,19|0.43|156686.81||||,59|-0.95|155199.53||||,24|0.14|155417.14||||,13|1.08|157089.27||||,74|-1.72|154385.24||||,29|-1.60|151910.82||||,83|0.17|152167.6||||,13|0.54|154930.41||||,75|-0.74|153785.15|0.77|6|42|中银证券,63|0.93|155209.85|0.74|47|2|锦龙股份,60|-0.38|154616.21|0.57|9|37|国投资本,37|-0.02|154580.34|0.55|18|27|中银证券,50|-0.66|153555.82|0.62|3|46|锦龙股份,58|-1.04|151957.85|0.75|3|44|第一创业,410|0.08|152105.93|0.70|29|15|第一创业,217|0.92|153505.5|1.19|41|8|第一创业,370|-0.82|152249.44|0.83|2|47|首创证券,274|0.44|152923.49|0.77|34|10|第一创业,171|-1.27|150980.8|1.02|1|45|华林证券,88|-1.02|149440.34|1.23|5|42|国盛证券,456|-2.09|146310.62|1.06|1|47|华林证券,391|0.03|146348.46|0.71|30|13|兴业证券,250|1.45|148466.68|0.81|48|0|国盛证券,374|-1.52|146214.88|0.82|1|47|首创证券,352|0.79|147375.23|0.65|46|1|财通证券,187|0.13|147567.33|0.69|27|14|第一创业,95|0.22|147885.59|0.75|23|19|中银证券,282|-0.88|146588.69|0.74|4|44|东兴证券,334|-0.33|146100.38|0.70|12|28|第一创业,38|0.55|146898.21|1.29|40|7|国信证券,360|-0.34|146401.93|0.76|10|36|哈投股份,64|-1.05|144862.81|0.88|2|46|第一创业,131|-1.57|142594.19|0.92|2|47|华鑫股份,127|-4.43|136272.42|1.23|0|49|第一创业,453|1.59|138438.88|0.91|49|0|哈投股份,408|1.12|139982.53|0.82|49|0|华泰证券,348|-1.84|137407.11|0.74|0|49|西南证券,348|0.80|138507.21|0.63|47|2|中国银河,350|-0.16|138282.11|0.67|17|29|华林证券,168|-0.88|137070.76|0.73|6|42|招商证券,299|1.17|138669.54|0.67|48|0|第一创业,254|-1.56|136510.98|0.67|1|47|华林证券,52|-1.03|135110.08|0.54|4|45|方正证券,444|0.10|135249.58|0.48|23|21|锦龙股份,213|3.75|140325.55|1.23|49|0|第一创业,402|-2.14|137315.79|0.73|0|49|国盛证券,19|2.57|140844.18|1.82|49|0|哈投股份,136|0.63|141736.95|1.03|41|3|哈投股份,290|0.46|142391.41|0.84|43|5|东兴证券,286|-0.65|141471.99|0.65|3|46|广发证券,424|0.46|142117.99|0.84|39|5|第一创业,309|-0.32|141668.18|0.69|8|36|广发证券,423|-0.17|141432.91|0.70|14|30|湘财股份,438|-1.21|139725.82|0.66|1|46|中金公司,151|0.64|140626.09|0.96|38|9|哈投股份,253|-0.93|139317.41|0.76|3|45|华西证券
BK0474|保险Ⅱ,86|-0.87|1447.92||||,8|1.78|1473.76||||,59|-0.41|1467.67||||,19|1.40|1488.18||||,86|-1.41|1467.25||||,2|2.70|1506.92||||,47|0.84|1519.52||||,76|-1.33|1499.37||||,83|-1.70|1473.88||||,30|-0.99|1459.26||||,4|2.42|1494.57||||,25|-0.20|1491.59||||,12|-2.70|1451.36||||,85|-1.27|1432.94||||,9|2.27|1465.4||||,49|-0.53|1457.67||||,24|0.54|1465.49||||,84|-0.50|1458.13||||,85|-0.76|1446.98||||,9|0.56|1455.07||||,72|-1.30|1436.1||||,7|0.37|1441.39||||,1|5.36|1518.7||||,28|1.17|1536.54||||,78|-1.84|1508.28||||,19|0.76|1519.69||||,13|-0.70|1509.04||||,7|1.55|1532.41||||,1|3.09|1579.73||||,29|-1.17|1561.17||||,3|3.11|1609.68||||,18|0.93|1624.6||||,82|0.02|1624.86||||,58|0.20|1628.1||||,6|0.93|1643.19||||,86|-1.00|1626.82||||,7|1.94|1658.42||||,62|-0.42|1651.53||||,66|-0.87|1637.17||||,78|-1.26|1616.62||||,68|-0.43|1609.62||||,1|6.72|1717.86||||,1|4.22|1790.35||||,15|0.84|1805.33||||,85|-2.17|1766.19||||,86|-0.84|1751.31||||,86|-0.80|1737.22||||,5|2.17|1774.85||||,85|-2.00|1739.42||||,46|-0.42|1732.13||||,74|-1.91|1699.13||||,77|-0.37|1692.86||||,23|0.57|1702.46||||,81|-1.14|1683.02||||,86|-1.84|1652.01||||,86|-1.81|1622.07||||,6|2.51|1662.86||||,5|1.89|1694.31||||,33|-0.17|1691.42||||,5|3.44|1749.61||||,65|-1.18|1729.02||||,43|-2.18|1691.33||||,85|-0.25|1687.14||||,41|-0.71|1695.53||||,65|-0.43|1688.24|0.23|1|4|中国太保,22|2.00|1722|0.33|5|0|中国人寿,62|-0.43|1714.65|0.18|1|4|中国人寿,80|-0.95|1698.43|0.20|0|5|中国人保,76|-1.48|1673.31|0.24|0|5|中国人寿,67|-1.40|1649.82|0.25|0|5|新华保险,470|-1.46|1625.7|0.30|0|5|中国太保,438|-0.01|1625.54|0.26|3|2|新华保险,487|-2.42|1586.24|0.37|0|5|中国人保,429|-0.27|1581.97|0.25|1|4|新华保险,152|-1.03|1565.66|0.36|1|4|新华保险,33|0.81|1578.31|0.42|4|1|新华保险,478|-2.99|1531.16|0.42|0|5|中国平安,346|0.37|1536.84|0.25|4|1|中国太保,397|0.63|1546.51|0.23|4|1|中国人保,427|-2.00|1515.51|0.30|0|5|中国人寿,270|1.35|1536|0.19|5|0|中国太保,146|0.33|1541.12|0.20|3|2|中国太保,208|-0.58|1532.13|0.19|0|3|中国人保,298|-0.95|1517.57|0.18|0|5|中国人寿,304|-0.21|1514.33|0.26|2|3|中国太保,9|2.10|1546.1|0.34|5|0|新华保险,246|0.45|1553|0.22|4|0|中国人寿,200|-2.26|1517.88|0.24|0|5|中国人寿,151|-1.67|1492.47|0.24|0|5|中国平安,140|-4.63|1423.32|0.42|0|5|中国平安,479|0.40|1429.05|0.28|3|2|中国平安,360|1.41|1449.14|0.22|5|0|中国太保,488|-3.81|1393.9|0.40|0|5|中国太保,490|-1.04|1379.46|0.43|2|3|中国平安,467|-1.57|1357.75|0.33|0|5|中国平安,64|-0.13|1355.95|0.30|2|3|中国太保,69|2.41|1388.58|0.32|5|0|中国太保,205|-1.35|1369.89|0.21|1|4|中国太保,37|-0.74|1359.81|0.15|0|5|中国平安,492|-1.37|1341.12|0.21|0|5|新华保险,55|5.69|1417.4|0.44|5|0|中国太保,451|-2.51|1381.89|0.25|0|5|中国平安,145|1.19|1398.34|0.28|5|0|中国人寿,470|-1.45|1378.06|0.22|0|5|中国人寿,113|1.44|1397.93|0.23|5|0|中国平安,264|-0.53|1390.53|0.21|0|5|中国人保,375|0.72|1400.48|0.25|3|2|新华保险,388|-0.84|1388.65|0.25|1|4|新华保险,338|0.32|1393.11|0.23|4|1|中国平安,368|-0.77|1382.38|0.22|0|5|中国人保,336|-0.24|1379.01|0.24|0|3|中国平安,185|-0.61|1370.62|0.24|0|5|中国太保
BK0475|银行Ⅱ,78|-0.19|4260.5||||,61|-0.26|4249.56||||,46|-0.16|4242.77||||,44|0.78|4276||||,38|0.27|4287.56||||,19|0.28|4299.77||||,85|-0.25|4289.23||||,26|0.11|4293.9||||,78|-1.27|4239.57||||,17|-0.59|4214.68||||,10|0.63|4241.33||||,3|1.15|4290.05||||,5|-1.65|4219.36||||,80|-0.56|4195.66||||,44|1.12|4242.83||||,48|-0.52|4220.73||||,28|0.49|4241.3||||,85|-0.62|4214.93||||,17|1.30|4269.67||||,17|0.16|4276.36||||,36|-0.53|4253.7||||,25|-0.53|4231.33||||,86|-0.98|4189.78||||,67|0.00|4189.67||||,25|-0.31|4176.64||||,85|-1.05|4132.99||||,4|0.09|4136.78||||,65|-0.43|4119.06||||,29|0.28|4130.5||||,13|-0.43|4112.86||||,64|0.06|4115.52||||,5|1.81|4189.87||||,83|-0.11|4185.3||||,83|-0.81|4151.38||||,10|0.20|4159.87||||,79|-0.14|4154.17||||,74|0.05|4156.06||||,65|-0.46|4137.04||||,13|0.53|4159.09||||,28|-0.24|4149.26||||,41|0.10|4153.32||||,81|-0.13|4147.72||||,83|0.31|4160.67||||,66|-0.52|4138.88||||,81|-0.70|4109.75||||,82|-0.25|4099.63||||,77|0.31|4112.49||||,15|0.67|4140.07||||,84|-1.45|4079.86||||,56|-0.64|4053.87||||,61|-0.96|4014.91||||,79|-0.46|3996.55||||,11|1.19|4044.21||||,82|-1.18|3996.3||||,70|0.22|4005.16||||,83|-0.37|3990.42||||,21|0.22|3999.34||||,31|-0.22|3990.58||||,30|-0.09|3986.94||||,9|1.82|4059.36||||,49|-0.41|4042.77||||,3|-0.26|4032.41||||,86|-0.81|3999.72||||,3|2.10|4144.22||||,56|-0.21|4135.36|0.31|11|24|西安银行,80|0.58|4159.16|0.25|36|2|青农商行,26|0.20|4167.28|0.24|24|14|上海银行,23|0.33|4181.23|0.20|28|8|青岛银行,78|-1.51|4118.2|0.29|0|42|郑州银行,41|-0.70|4089.23|0.23|1|39|华夏银行,441|-0.34|4075.35|0.21|9|28|招商银行,477|-0.44|4057.25|0.29|8|31|紫金银行,249|-0.24|4047.48|0.23|12|26|江苏银行,344|0.18|4054.78|0.21|25|14|厦门银行,72|0.71|4083.37|0.32|28|8|厦门银行,39|0.43|4100.96|0.46|22|20|重庆银行,387|-1.31|4047.32|0.40|4|36|重庆银行,278|0.81|4080.13|0.27|38|4|重庆银行,416|0.36|4094.94|0.22|31|6|重庆银行,165|-0.54|4072.92|0.30|2|36|重庆银行,433|0.10|4077.11|0.24|23|13|民生银行,93|0.90|4113.78|0.24|41|1|渝农商行,52|0.97|4153.83|0.28|39|2|渝农商行,71|0.39|4169.92|0.30|27|8|重庆银行,178|0.45|4188.62|0.26|27|10|厦门银行,29|0.68|4217.23|0.30|35|7|中信银行,401|-0.63|4190.74|0.30|1|38|中信银行,38|-0.51|4169.56|0.29|7|35|工商银行,44|-0.39|4153.4|0.27|8|33|厦门银行,84|-3.72|3998.76|0.45|0|42|中信银行,401|2.46|4097.3|0.30|42|0|青岛银行,399|1.17|4145.41|0.28|38|4|紫金银行,36|0.24|4155.36|0.24|26|10|渝农商行,486|-0.86|4119.83|0.22|3|39|平安银行,217|0.40|4136.16|0.23|25|8|厦门银行,31|0.47|4155.7|0.36|31|9|中国银行,436|-0.01|4155.46|0.28|18|18|青岛银行,54|0.37|4170.86|0.25|24|16|农业银行,72|-1.23|4119.5|0.22|1|40|杭州银行,482|-0.78|4087.39|0.21|4|37|齐鲁银行,448|1.23|4137.7|0.27|37|4|渝农商行,208|-1.09|4092.52|0.18|2|40|杭州银行,402|0.09|4096.25|0.16|18|20|沪农商行,271|-0.04|4094.6|0.16|15|23|厦门银行,198|0.83|4128.51|0.18|39|0|重庆银行,58|0.82|4162.35|0.22|36|2|苏州银行,480|-0.35|4147.98|0.20|8|27|齐鲁银行,270|-0.17|4140.8|0.17|9|26|重庆银行,202|0.89|4177.54|0.21|29|4|宁波银行,89|0.67|4205.46|0.22|30|7|青岛银行,341|-0.27|4194.2|0.19|11|26|张家港行,43|1.11|4240.8|0.26|33|7|贵阳银行
BK0479|钢铁,12|1.36|9274.71||||,9|1.47|9410.64||||,16|0.71|9477.69||||,73|-0.10|9468.41||||,41|0.24|9491.5||||,49|-0.55|9439.09||||,18|1.68|9597.96||||,31|-0.01|9596.97||||,33|0.33|9628.21||||,84|-3.35|9305.67||||,32|-0.92|9219.96||||,16|-0.01|9219.04||||,69|-4.46|8807.43||||,77|0.01|8808.07||||,74|0.50|8852||||,42|-0.39|8817.71||||,58|-0.15|8804.48||||,16|1.71|8954.94||||,27|1.01|9045.03||||,25|-0.07|9038.85||||,39|-0.58|8986.02||||,38|-0.78|8915.53||||,55|1.20|9022.19||||,74|-0.20|9004.42||||,84|-2.36|8791.79||||,27|0.54|8839.2||||,40|-1.35|8719.75||||,23|0.51|8763.82||||,6|1.39|8885.92||||,45|-1.65|8738.91||||,29|0.87|8814.62||||,56|-0.03|8811.73||||,11|2.27|9012.08||||,25|1.02|9104.4||||,48|-0.61|9048.57||||,44|0.86|9126.16||||,52|0.54|9175.47||||,8|1.26|9291.29||||,29|-0.11|9280.69||||,50|-0.70|9215.93||||,56|-0.22|9195.98||||,78|0.00|9195.66||||,25|1.69|9351.34||||,14|0.84|9429.93||||,62|0.43|9470.14||||,74|0.22|9491.2||||,31|2.00|9681.1||||,52|-1.28|9556.93||||,55|0.02|9559.23||||,49|-0.50|9511.34||||,68|-1.29|9388.56||||,15|1.89|9566.43||||,20|0.74|9637.24||||,19|1.38|9770.52||||,12|1.84|9950.18||||,11|2.64|10213.17||||,24|-0.10|10202.99||||,71|-1.33|10067.72||||,12|1.57|10225.5||||,32|0.00|10225.44||||,78|-1.98|10022.66||||,80|-5.64|9457.23||||,16|2.96|9736.85||||,68|-1.75|9771.24||||,62|-0.32|9740.46|1.20|11|34|大中矿业,37|1.53|9889.97|1.79|39|7|常宝股份,63|-0.47|9843.38|1.68|12|32|常宝股份,7|1.56|9996.91|1.71|39|7|宝地矿业,31|-0.04|9993.06|1.61|17|28|常宝股份,82|-2.36|9757.4|1.66|6|41|大中矿业,99|2.63|10002.86|1.61|44|3|常宝股份,25|4.07|10409.91|3.54|46|1|安阳钢铁,82|1.18|10533.22|3.46|27|14|常宝股份,42|2.69|10816.47|4.04|43|2|杭钢股份,98|0.07|10824.2|3.65|23|23|广大特材,301|-3.38|10458.5|3.17|1|46|海南矿业,290|-0.89|10364.97|2.36|8|37|广大特材,321|0.54|10421.24|2.13|26|17|方大炭素,386|0.68|10492.15|1.86|28|16|常宝股份,170|-0.59|10430.58|1.93|10|35|海南矿业,448|-0.66|10362.06|1.95|15|32|翔楼新材,272|-0.27|10334.25|1.89|20|21|南钢股份,55|0.92|10428.85|2.16|31|15|海南矿业,156|-0.14|10413.74|2.57|20|26|酒钢宏兴,484|-3.39|10060.32|2.63|1|46|翔楼新材,46|0.17|10077.49|2.08|21|26|安阳钢铁,384|-0.52|10025.1|2.04|16|31|酒钢宏兴,446|-3.90|9633.96|2.28|0|47|本钢板Ｂ,317|-2.57|9386.77|1.75|1|46|大中矿业,180|-4.94|8922.67|2.02|1|46|大中矿业,234|3.32|9218.48|1.64|47|0|大中矿业,248|1.89|9393.17|1.62|44|1|广东明珠,274|-1.54|9248.63|1.34|5|40|广东明珠,240|1.20|9359.39|1.15|41|2|大中矿业,179|0.56|9412.21|1.16|28|14|凌钢股份,315|-1.59|9262.51|1.24|4|38|杭钢股份,250|1.38|9390.64|1.49|40|3|金洲管道,279|-1.68|9233.24|1.33|3|41|大中矿业,197|-2.06|9043.33|1.39|3|42|中信特钢,409|0.37|9077.03|1.30|29|16|包钢股份,189|3.91|9431.56|1.54|44|0|杭钢股份,148|-0.73|9362.52|1.55|14|31|马钢股份,341|0.42|9401.92|1.51|28|15|盛德鑫泰,198|0.33|9432.7|1.94|20|16|大中矿业,403|-0.14|9419.8|1.89|19|23|杭钢股份,292|-0.66|9357.5|1.28|7|35|鄂尔多斯,76|2.25|9567.91|1.32|43|1|大中矿业,249|-0.06|9561.77|1.14|19|24|盛德鑫泰,438|-0.23|9539.51|1.48|17|22|新兴铸管,279|-0.38|9503.54|1.11|15|30|方大特钢,244|0.17|9519.51|1.24|19|21|金洲管道,316|-1.35|9391.02|1.63|7|37|金洲管道
BK0482|一般零售,19|1.20|18918.21||||,83|-1.25|18681.23||||,38|0.04|18687.97||||,7|2.64|19180.84||||,16|0.98|19368.82||||,30|-0.17|19336.06||||,23|1.51|19627.76||||,30|0.00|19627.91||||,20|0.68|19760.82||||,42|-1.31|19502.15||||,29|-0.81|19344.56||||,77|-2.05|18948.43||||,60|-4.03|18185.75||||,44|1.15|18394.45||||,39|1.31|18635.63||||,2|2.48|19098.18||||,78|-0.65|18974.58||||,7|2.04|19362.36||||,69|0.13|19387.41||||,8|0.63|19508.77||||,73|-1.30|19255.27||||,81|-1.87|18894.54||||,56|1.16|19114.1||||,23|1.26|19355.59||||,1|1.66|19677.56||||,4|2.06|20083.61||||,84|-2.97|19486.54||||,86|-2.10|19076.91||||,2|2.66|19584.3||||,1|3.01|20173.64||||,63|0.13|20199.27||||,3|1.87|20576.75||||,2|3.16|21226.51||||,81|-0.61|21098.01||||,76|-1.40|20801.67||||,83|-0.26|20747.64||||,84|-0.33|20679.76||||,57|-0.35|20607.69||||,79|-1.38|20323.7||||,86|-2.00|19917.75||||,81|-0.83|19752.36||||,71|0.28|19808.56||||,33|1.57|20118.93||||,26|0.34|20186.33||||,50|0.64|20314.67||||,10|2.52|20826.6||||,14|2.83|21415.11||||,60|-1.50|21093.3||||,57|0.01|21095.01||||,62|-0.86|20913.07||||,73|-1.57|20585.33||||,17|1.87|20969.41||||,33|0.37|21047.56||||,84|-1.29|20776.62||||,61|0.51|20882.96||||,54|0.82|21053.22||||,70|-2.17|20597.24||||,62|-1.06|20378.24||||,51|-0.74|20228.02||||,27|0.10|20248.52||||,57|-0.65|20116.36||||,5|-0.74|19966.74||||,68|1.20|20206.35||||,4|1.98|20933.21||||,86|-2.02|20509.48|2.57|8|51|杭州解百,70|0.79|20671.85|2.20|43|13|珠免集团,82|-1.38|20385.72|1.98|9|49|家家悦,78|-0.87|20208.6|1.54|8|49|海宁皮城,84|-1.75|19855.56|1.74|4|55|合百集团,49|-0.78|19701.12|1.38|11|44|丽人丽妆,344|0.75|19824.63|1.34|47|8|新华百货,222|0.89|20000.99|1.58|44|13|茂业商业,433|-1.36|19729.04|1.62|5|55|锦和商管,240|0.61|19848.95|1.31|48|10|赫美集团,356|-2.66|19321.7|2.16|2|58|赫美集团,145|-1.88|18958.37|2.35|6|54|翠微股份,323|-1.02|18764.99|1.62|9|45|全新好,188|1.25|18999.43|1.49|56|3|茂业商业,295|1.25|19237.05|1.35|52|6|农 产 品,250|-0.96|19052.65|1.41|3|57|新世界,304|1.10|19262.75|1.24|55|5|全新好,319|-0.44|19177.14|1.28|15|38|新世界,197|-0.52|19077.17|1.34|16|43|新世界,187|-0.32|19015.98|1.57|21|37|赫美集团,122|0.77|19161.79|1.44|44|13|汇通能源,157|-1.02|18966.27|1.66|10|49|全新好,380|-0.49|18872.89|1.50|18|41|汇通能源,198|-2.26|18447.24|1.43|1|59|永辉超市,230|-2.20|18040.74|1.44|3|55|浙江东日,277|-5.48|17052.53|1.93|0|60|百联Ｂ股,179|3.59|17665.33|1.62|59|0|德必集团,317|1.64|17955.52|1.54|55|4|永辉超市,215|-1.19|17741.15|1.25|4|54|天虹股份,343|0.81|17884.87|1.09|52|6|上海九百,236|0.34|17945.43|1.21|38|19|锦和商管,240|-1.22|17726.14|1.39|9|51|深赛格B,389|0.53|17820.9|1.19|42|14|家家悦,225|-1.43|17565.3|1.01|4|54|家家悦,308|-2.71|17089.61|1.05|0|59|百联Ｂ股,129|1.91|17416.34|1.07|54|5|华远控股,328|2.74|17893.28|1.55|60|0|华远控股,337|-1.83|17566.04|1.41|3|57|华远控股,96|1.38|17808.35|1.30|53|6|华远控股,226|0.17|17838.53|1.38|22|32|华远控股,210|0.80|17980.69|1.44|40|10|华远控股,185|-0.27|17932.4|2.01|17|40|居然智家,350|0.86|18086.27|1.80|51|7|汇嘉时代,259|-0.13|18061.94|2.29|20|38|永辉超市,444|-0.36|17997.49|1.95|23|34|全新好,232|-0.18|17964.89|1.78|18|41|中兴商业,457|-1.12|17764.05|1.55|11|48|汇嘉时代,108|-0.07|17751.03|2.04|18|37|中兴商业
BK0484|贸易Ⅱ,60|0.40|11863.04||||,36|0.37|11907.17||||,31|0.16|11925.64||||,28|1.15|12062.2||||,24|0.56|12130.13||||,14|0.40|12178.55||||,72|0.51|12240.93||||,65|-0.98|12121.39||||,24|0.48|12179.13||||,36|-1.20|12032.44||||,59|-1.64|11835.13||||,39|-0.45|11781.52||||,54|-3.86|11326.5||||,19|1.97|11549.54||||,56|0.97|11661.33||||,55|-0.64|11586.77||||,65|-0.34|11547.87||||,22|1.59|11731.26||||,10|1.71|11932.14||||,33|-0.27|11899.96||||,75|-1.57|11713.57||||,71|-1.55|11532.12||||,41|1.37|11689.55||||,41|0.71|11772.04||||,24|-0.29|11737.32||||,73|-0.46|11683.32||||,73|-2.11|11436.8||||,72|-0.56|11372.9||||,20|0.65|11446.73||||,47|-1.68|11254.02||||,42|0.58|11319.01||||,26|0.66|11394.24||||,42|1.42|11555.61||||,53|0.30|11589.83||||,66|-1.10|11462.55||||,29|1.34|11615.79||||,13|1.45|11784.29||||,35|0.14|11800.3||||,53|-0.54|11736||||,57|-0.80|11642.03||||,50|-0.17|11622.54||||,40|1.56|11803.74||||,41|1.26|11952.85||||,54|-0.35|11910.63||||,51|0.63|11985.09||||,50|0.89|12091.6||||,24|2.16|12352.74||||,70|-1.97|12109.91||||,25|0.85|12212.82||||,53|-0.59|12140.52||||,36|-0.11|12127.77||||,52|0.84|12229.55||||,31|0.43|12282.48||||,60|-0.04|12277.64||||,13|1.84|12503.05||||,37|1.26|12661.14||||,64|-1.85|12426.89||||,21|0.23|12455.93||||,25|0.13|12471.72||||,18|0.63|12549.84||||,43|-0.24|12519.3||||,69|-3.37|12097.82||||,41|2.02|12341.86||||,46|-0.79|12269.27||||,71|-0.58|12198.46|2.01|11|22|凯瑞德,52|1.18|12341.84|1.97|31|4|三态股份,53|-0.25|12310.64|2.17|12|24|天音控股,62|-0.51|12248.13|1.82|11|24|中信金属,47|-0.50|12187.27|1.76|10|26|苏美达,56|-0.92|12074.83|1.62|8|27|苏豪弘业,120|2.37|12348.17|1.78|14|0|苏美达,132|1.56|12541.36|2.30|11|3|五矿发展,325|-0.64|12461.27|1.98|3|11|苏美达,223|0.67|12545.08|1.74|9|4|中信金属,304|-2.41|12242.15|2.87|3|11|苏美达,314|-3.45|11819.84|2.50|0|14|苏豪时尚,405|-1.41|11653.04|1.81|1|13|苏美达,142|1.48|11825.46|1.83|11|2|苏美达,39|3.18|12201.23|2.13|13|1|苏美达,391|-1.66|11999.24|2.00|2|12|五矿发展,212|1.60|12191.25|1.68|14|0|凯瑞德,232|-0.11|12177.76|1.79|5|9|江苏国泰,297|-0.96|12061.39|1.71|3|11|江苏国泰,305|-0.96|11945.05|1.82|3|11|苏豪时尚,225|0.25|11975.17|2.20|8|5|怡 亚 通,226|-1.46|11800.53|2.13|0|13|苏豪汇鸿,242|0.49|11858.05|1.88|10|3|苏美达,364|-3.03|11498.57|1.82|0|14|南京商旅,79|-1.11|11371.36|2.60|4|10|怡 亚 通,238|-5.23|10776.22|2.90|1|13|怡 亚 通,28|4.95|11309.62|3.07|14|0|苏美达,200|2.15|11552.87|2.48|15|1|五矿发展,140|-0.87|11452.68|3.06|3|11|南京商旅,282|1.05|11573.25|2.29|12|4|南京商旅,332|-0.07|11564.79|2.16|6|9|厦门信达,93|-0.44|11513.99|2.94|3|12|南京商旅,376|0.64|11588.1|2.61|10|4|凯瑞德,158|-0.97|11476.23|2.14|4|12|凯瑞德,437|-3.55|11068.61|2.23|0|16|江苏国泰,95|2.33|11326.09|2.81|14|2|南京商旅,363|2.36|11593.1|2.95|14|2|苏美达,428|-2.32|11324.27|2.07|1|15|苏豪弘业,388|0.16|11342.1|2.21|10|4|东方创业,385|-0.56|11278.91|2.07|5|11|中信金属,362|0.14|11294.47|2.01|10|5|怡 亚 通,203|-0.32|11257.95|1.84|5|10|苏美达,340|0.91|11360.89|1.61|13|2|物产环能,365|-0.65|11287.25|2.59|3|12|怡 亚 通,290|0.51|11344.4|2.05|11|5|苏美达,379|-0.81|11252.45|1.69|4|11|物产环能,179|0.50|11309.23|1.73|7|6|中信金属,223|-0.79|11219.35|1.95|3|12|*ST沪科
BK0486|传媒,62|0.39|11226.81||||,84|-1.72|11033.91||||,72|-0.73|10952.96||||,24|1.25|11089.74||||,63|-0.19|11068.12||||,45|-0.49|11013.83||||,74|0.45|11063.44||||,71|-1.13|10938.91||||,10|1.34|11085.58||||,2|1.44|11245.34||||,83|-2.33|10983.54||||,61|-1.21|10851.11||||,2|-0.57|10789.3||||,8|3.20|11134.35||||,41|1.28|11276.93||||,62|-0.75|11192.26||||,86|-1.23|11054.59||||,57|0.94|11158.78||||,56|0.28|11190.39||||,58|-0.82|11098.91||||,83|-2.32|10841.2||||,44|-0.97|10736.41||||,76|0.31|10769.83||||,30|1.05|10883.16||||,14|-0.02|10880.84||||,38|0.24|10906.76||||,71|-2.08|10679.58||||,56|-0.20|10657.77||||,79|-1.09|10541.28||||,80|-2.80|10246.57||||,51|0.44|10291.61||||,20|0.82|10375.63||||,37|1.47|10528.28||||,82|-0.65|10459.84||||,72|-1.33|10320.84||||,49|0.79|10401.88||||,53|0.52|10455.96||||,34|0.15|10471.22||||,52|-0.52|10416.62||||,7|0.70|10489.11||||,6|1.54|10650.67||||,22|2.14|10878.43||||,63|0.91|10977.94||||,32|0.15|10994.4||||,20|1.68|11178.76||||,2|4.26|11654.67||||,3|7.37|12514.14||||,21|0.01|12515.04||||,3|2.85|12871.37||||,84|-3.08|12474.61||||,86|-4.48|11915.92||||,83|-0.89|11809.59||||,21|0.69|11891.41||||,69|-0.26|11860.4||||,21|1.36|12021.87||||,13|2.30|12298.02||||,40|-1.10|12162.34||||,30|-0.16|12142.62||||,69|-1.40|11972.23||||,4|3.55|12397.07||||,23|0.36|12441.57||||,17|-1.38|12270.47||||,34|2.39|12563.83||||,5|1.36|12424.77||||,82|-1.40|12250.34|4.44|15|81|横店影视,1|4.79|12836.68|5.71|95|3|欢瑞世纪,1|5.98|13604.25|8.59|93|5|欢瑞世纪,86|-3.45|13135.45|8.38|10|89|掌阅科技,86|-2.49|12808.99|6.18|13|86|掌阅科技,53|-0.85|12699.67|5.86|28|71|掌阅科技,487|-2.63|12317.44|4.63|27|100|风语筑,466|-0.27|12284.59|3.97|69|57|中信出版,431|-1.31|12123.79|3.79|21|108|生 意 宝,253|0.54|12188.88|3.31|84|35|昆仑万维,478|-4.10|11689.23|4.36|2|128|ST联合,382|-4.26|11191.7|3.75|0|130|中南传媒,287|-0.88|11093.52|2.44|22|102|凡拓数创,171|1.31|11238.57|2.61|112|18|风语筑,328|1.08|11360.41|2.03|105|21|新华传媒,95|0.15|11377.22|2.71|64|61|顺网科技,315|1.04|11495.25|2.76|111|15|电魂网络,409|-0.80|11403.26|2.39|29|96|中国科传,282|-0.89|11301.26|2.41|29|98|中国科传,393|-1.54|11127.77|2.40|17|111|冰川网络,85|1.06|11245.25|2.13|106|21|天地在线,213|-1.38|11090.4|2.09|16|113|天地在线,127|1.31|11235.45|1.85|105|20|顺网科技,86|-1.41|11077.57|2.12|16|112|贵广网络,399|-3.12|10731.71|2.27|0|130|中原传媒,331|-5.71|10119.45|2.75|1|129|顺网科技,281|3.07|10430.55|2.20|128|2|中国科传,188|2.18|10658.26|2.07|127|3|出版传媒,342|-1.82|10464.42|1.68|5|125|流金科技,202|1.35|10606.17|1.62|118|12|贵广网络,182|0.56|10665.2|1.78|93|30|贵广网络,129|-0.70|10590.31|2.17|30|97|天地在线,192|1.67|10767.14|2.39|112|14|完美世界,423|-2.54|10493.89|2.04|3|127|内蒙新华,346|-2.90|10189.36|1.75|5|125|电魂网络,175|1.57|10349.43|1.60|104|24|粤 传 媒,39|6.03|10973.29|3.51|130|0|粤 传 媒,361|-1.94|10760.7|3.21|15|113|新华文轩,233|0.85|10852.16|2.79|94|32|出版传媒,445|-1.05|10738.61|2.55|28|98|华谊兄弟,152|1.06|10852.32|2.97|104|21|江苏有线,381|-1.06|10737.2|2.49|22|106|吉比特,80|2.21|10974.9|3.25|122|7|华谊兄弟,273|-0.20|10953.15|3.26|41|84|博纳影业,176|1.01|11063.76|3.34|94|34|三人行,212|-0.12|11050.7|3.09|48|79|北京文化,440|-0.93|10948.26|2.79|27|100|顺网科技,157|-0.47|10897.21|3.34|35|92|旗天科技
BK0539|综合Ⅱ,56|0.47|12844.37||||,55|-0.16|12824.16||||,13|0.82|12928.88||||,15|1.65|13142.31||||,2|2.06|13413.69||||,4|1.93|13672.52||||,12|1.87|13927.64||||,6|1.24|14100.01||||,23|0.53|14174.26||||,51|-1.46|13966.99||||,80|-2.27|13650.37||||,10|0.14|13668.86||||,72|-4.56|13045.34||||,76|0.05|13051.26||||,62|0.89|13167.49||||,5|0.86|13281.25||||,80|-0.83|13170.94||||,44|1.21|13330.13||||,32|0.80|13436.85||||,22|0.05|13443.45||||,60|-1.10|13295.51||||,29|-0.63|13211.27||||,43|1.34|13387.97||||,34|0.98|13518.76||||,8|0.13|13535.86||||,37|0.26|13570.68||||,68|-2.03|13295.62||||,80|-0.88|13178.45||||,7|1.21|13337.69||||,78|-2.69|12979.02||||,70|-0.02|12976.56||||,55|0.01|12977.74||||,17|2.07|13246.98||||,60|0.19|13271.87||||,43|-0.55|13198.78||||,28|1.34|13375.18||||,48|0.62|13457.65||||,75|-0.65|13370.56||||,38|-0.25|13336.82||||,35|-0.39|13284.38||||,63|-0.33|13240.45||||,55|1.03|13377.05||||,17|2.04|13649.74||||,24|0.37|13700.69||||,66|0.35|13748.13||||,29|1.29|13925.81||||,56|1.18|14090.18||||,50|-1.27|13911.59||||,29|0.77|14018.36||||,64|-0.94|13886.66||||,41|-0.36|13836.08||||,27|1.63|14061.63||||,50|-0.35|14011.97||||,28|0.97|14147.98||||,14|1.75|14396.18||||,57|0.77|14506.59||||,36|-1.00|14361.1||||,38|-0.43|14299.02||||,37|-0.36|14247.59||||,61|-1.27|14066.63||||,37|-0.14|14047.55||||,66|-3.10|13612.51||||,46|1.88|13869.04||||,40|-0.71|13922.25||||,54|-0.15|13901.02|1.71|10|8|ST数源,39|1.52|14112.8|2.15|17|2|东阳光,17|0.35|14162.23|2.48|7|11|国安股份,39|-0.09|14149.5|2.48|7|12|粤桂股份,29|0.07|14158.79|2.09|4|15|粤桂股份,3|0.63|14247.5|2.38|11|8|国安股份,127|2.30|14518.3|1.81|17|2|上海三毛,268|0.73|14623.87|2.04|12|5|南京新百,320|-0.63|14532.41|1.78|5|13|漳州发展,179|0.91|14664.56|1.61|13|6|云维股份,179|-1.33|14469.97|2.46|1|17|粤桂股份,159|-2.07|14170.59|2.98|2|17|南京公用,381|-1.27|13990.57|2.18|5|14|漳州发展,312|0.63|14079.08|1.81|14|4|综艺股份,79|2.62|14448.06|1.97|17|1|粤桂股份,160|-0.52|14372.79|3.08|4|15|东阳光,407|0.42|14432.5|2.17|13|5|云维股份,265|-0.24|14398.15|2.44|5|12|粤桂股份,223|-0.64|14306.17|2.28|4|14|东阳光,160|-0.16|14282.91|2.38|9|9|中国宝安,317|-0.25|14247.2|2.09|9|10|悦达投资,212|-1.35|14054.2|1.99|1|18|亚泰集团,279|0.25|14089.63|1.80|12|7|东阳光,205|-2.28|13768.65|1.95|0|20|粤桂股份,368|-2.85|13376.93|2.14|1|19|悦达投资,271|-5.44|12649.18|2.54|1|19|粤桂股份,209|3.42|13082.2|1.97|19|1|宁波联合,72|2.79|13447.65|1.94|18|1|漳州发展,92|-0.50|13381.01|1.82|4|14|南京新百,256|1.13|13532|1.68|16|3|粤桂股份,83|1.19|13692.45|2.29|10|7|漳州发展,232|-1.19|13529.81|2.28|3|15|漳州发展,453|-0.22|13500.25|1.96|10|5|东阳光,115|-0.56|13424.04|2.27|4|13|漳州发展,389|-3.16|13000.05|1.87|1|18|东阳光,86|2.46|13320.01|1.87|16|1|泰达股份,395|2.03|13590.48|2.31|18|1|东阳光,348|-1.86|13337.28|1.90|2|17|天宸股份,378|0.21|13364.94|1.86|11|7|中国宝安,192|0.34|13410.04|1.95|13|5|三木集团,310|0.37|13459.15|2.19|10|8|粤桂股份,355|-0.96|13329.34|1.69|5|13|上海三毛,300|1.10|13475.78|1.68|14|3|东阳光,340|-0.52|13405.52|1.75|5|14|宁波联合,307|0.46|13467.39|1.73|13|5|粤桂股份,362|-0.73|13368.46|1.67|7|12|浙农股份,298|-0.05|13362.04|2.02|8|10|东阳光,164|-0.48|13298.11|2.02|4|14|综艺股份
BK0725|装修装饰Ⅱ,22|1.13|784.94||||,52|-0.12|784||||,19|0.56|788.38||||,55|0.55|792.69||||,22|0.67|797.98||||,13|0.47|801.74||||,51|0.77|807.91||||,11|0.80|814.34||||,47|0.02|814.51||||,7|0.38|817.57||||,76|-2.11|800.32||||,72|-1.50|788.32||||,44|-3.66|759.47||||,55|0.72|764.92||||,15|2.03|780.46||||,82|-1.34|770.04||||,8|1.13|778.72||||,36|1.37|789.38||||,76|-0.10|788.57||||,16|0.18|789.95||||,56|-1.05|781.62||||,80|-1.77|767.79||||,19|1.96|782.86||||,27|1.17|792.01||||,49|-0.96|784.44||||,81|-0.66|779.28||||,70|-2.06|763.25||||,59|-0.32|760.82||||,14|0.78|766.74||||,18|-0.61|762.04||||,86|-1.08|753.8||||,13|1.18|762.68||||,19|2.02|778.12||||,14|1.51|789.88||||,34|-0.33|787.31||||,46|0.83|793.84||||,31|1.04|802.09||||,19|0.52|806.26||||,25|-0.04|805.9||||,54|-0.72|800.06||||,43|0.02|800.23||||,19|2.27|818.4||||,36|1.43|830.08||||,18|0.70|835.9||||,19|1.68|849.98||||,36|1.18|859.97||||,19|2.36|880.23||||,26|-0.21|878.39||||,30|0.74|884.85||||,38|-0.25|882.65||||,14|1.12|892.54||||,58|0.61|897.94||||,34|0.31|900.69||||,23|1.30|912.36||||,40|0.86|920.25||||,67|0.53|925.16||||,32|-0.78|917.98||||,14|0.58|923.34||||,81|-2.15|903.53||||,53|-1.03|894.18||||,4|1.09|903.93||||,14|-1.24|892.71||||,40|2.09|911.38||||,47|-0.88|910.43||||,49|-0.01|910.3|1.94|16|20|名雕股份,26|1.88|927.4|2.24|30|7|德才股份,38|-0.09|926.54|2.48|18|20|德才股份,55|-0.44|922.47|2.04|13|20|德才股份,42|-0.38|919|1.95|8|30|法狮龙,17|-0.16|917.51|1.90|18|20|罗曼股份,264|1.21|925.68|2.02|16|7|郑中设计,160|1.29|937.59|2.10|14|9|郑中设计,243|-0.22|935.52|2.28|10|13|中天精装,216|0.70|942.08|1.75|14|8|ST名家汇,397|-2.94|914.34|2.39|1|22|德才股份,307|-3.41|883.15|2.28|0|23|恒尚节能,271|-0.83|875.85|1.60|8|15|科新发展,267|0.84|883.18|1.44|17|4|ST瑞和,113|2.33|903.78|1.68|21|2|维业股份,132|-0.23|901.68|1.79|7|16|德才股份,72|2.64|925.5|1.61|23|0|德才股份,285|-0.31|922.67|1.76|9|14|*ST东易,359|-1.24|911.23|1.64|4|19|科新发展,60|0.56|916.29|1.88|12|10|科新发展,196|0.38|919.8|1.80|13|10|*ST创兴,284|-1.75|903.71|2.03|4|19|海南发展,317|0.01|903.77|1.80|12|9|德才股份,124|-1.86|886.96|2.08|4|18|ST柯利达,273|-2.40|865.7|1.93|1|21|江河集团,254|-5.36|819.33|2.47|1|22|江河集团,98|4.15|853.3|2.00|21|2|科新发展,107|2.53|874.93|1.89|19|3|科新发展,186|-1.06|865.63|1.61|5|18|ST柯利达,195|1.37|877.5|1.61|18|3|德才股份,164|0.67|883.34|1.51|16|6|豪尔赛,250|-1.24|872.37|2.05|4|18|*ST创兴,351|0.82|879.48|1.86|12|9|德才股份,288|-1.72|864.32|1.59|4|19|*ST东易,407|-3.27|836.04|1.71|2|21|*ST创兴,218|1.36|847.43|1.50|17|5|ST瑞和,265|3.26|875.04|1.69|22|1|德才股份,115|-0.59|869.91|1.59|7|16|*ST宝鹰,92|1.41|882.14|1.75|16|7|ST名家汇,76|1.03|891.19|1.80|13|10|ST名家汇,214|0.78|898.17|1.79|13|8|美芝股份,226|-0.40|894.54|1.63|9|12|中天精装,228|1.40|907.07|1.47|17|4|德才股份,237|-0.01|906.94|1.90|8|15|金 螳 螂,100|1.49|920.44|2.75|16|6|金 螳 螂,40|1.22|931.68|2.39|13|7|金 螳 螂,197|0.43|935.67|2.44|11|12|金 螳 螂,412|-1.99|917.07|3.86|4|19|金 螳 螂
BK0726|工程咨询服务Ⅱ,39|0.74|906.15||||,81|-0.88|898.17||||,53|-0.28|895.62||||,59|0.35|898.78||||,43|0.22|900.75||||,23|0.03|901.05||||,39|1.04|910.41||||,22|0.29|913.08||||,62|-0.30|910.38||||,60|-1.81|893.88||||,66|-1.85|877.3||||,20|-0.09|876.47||||,35|-3.38|846.88||||,4|3.58|877.22||||,57|0.94|885.49||||,54|-0.61|880.13||||,73|-0.58|875.06||||,12|1.83|891.04||||,81|-0.25|888.79||||,42|-0.41|885.15||||,38|-0.54|880.39||||,67|-1.37|868.34||||,47|1.27|879.4||||,54|0.36|882.53||||,54|-1.04|873.38||||,75|-0.56|868.51||||,62|-1.78|853.08||||,74|-0.66|847.42||||,48|-0.06|846.92||||,37|-1.47|834.49||||,77|-0.22|832.66||||,38|0.35|835.58||||,41|1.43|847.55||||,49|0.33|850.37||||,52|-0.75|844.01||||,26|1.39|855.78||||,18|1.29|866.79||||,41|0.06|867.35||||,6|1.11|876.95||||,77|-1.19|866.49||||,21|0.54|871.2||||,62|0.65|876.9||||,38|1.32|888.51||||,70|-0.68|882.44||||,3|2.64|905.78||||,47|0.94|914.26||||,40|1.69|929.71||||,49|-1.21|918.42||||,20|1.02|927.75||||,55|-0.62|921.97||||,34|-0.01|921.88||||,65|0.30|924.63||||,42|-0.11|923.61||||,27|0.97|932.61||||,16|1.64|947.89||||,79|0.08|948.62||||,68|-2.05|929.14||||,39|-0.45|924.98||||,79|-1.84|908||||,34|-0.19|906.29||||,27|0.17|907.82||||,31|-1.74|892.06||||,44|1.97|909.59||||,36|-0.53|906.45||||,63|-0.35|903.26|2.27|21|23|百利科技,41|1.41|915.96|2.58|42|3|百利科技,56|-0.34|912.89|2.31|15|28|深城交,26|0.28|915.47|2.46|21|22|招标股份,68|-1.17|904.79|2.24|8|36|华图山鼎,13|0.03|905.06|2.43|16|28|华建集团,181|1.83|923.16|4.08|43|4|太极实业,420|0.10|924.06|3.75|19|26|华阳国际,240|-0.21|922.1|3.28|17|29|杰恩设计,159|1.02|931.46|2.93|32|14|中国瑞林,360|-2.67|906.56|3.25|4|43|中国瑞林,238|-2.79|881.3|3.74|3|43|旭杰科技,148|-0.19|879.59|2.89|21|25|华建集团,328|0.51|884.09|2.76|36|11|太极实业,89|2.49|906.1|2.86|45|2|筑博设计,253|-0.98|897.24|2.87|9|38|深圳瑞捷,129|2.16|916.63|3.20|43|3|中衡设计,396|-0.73|909.95|2.87|10|37|华建集团,262|-0.79|902.78|2.38|9|37|杰恩设计,192|-0.34|899.7|2.69|21|25|尤安设计,199|0.38|903.13|3.13|21|22|太极实业,199|-1.29|891.49|4.12|9|37|设计总院,156|1.10|901.3|3.71|33|14|矩阵股份,319|-2.78|876.25|3.07|2|45|甘咨询,296|-2.46|854.7|3.11|5|42|矩阵股份,371|-5.87|804.54|3.53|2|45|杰恩设计,52|4.63|841.76|3.35|46|1|中衡设计,287|1.77|856.65|3.16|42|3|杰恩设计,358|-1.87|840.67|2.90|2|45|杰恩设计,410|0.53|845.16|2.67|35|10|中达安,157|0.68|850.94|2.44|28|19|中衡设计,215|-1.12|841.38|3.26|9|38|矩阵股份,108|2.10|859.07|2.95|44|3|苏交科,261|-1.58|845.52|2.51|9|37|杰恩设计,413|-3.32|817.42|1.98|1|46|蕾奥规划,123|1.99|833.67|2.15|42|5|霍普股份,169|4.11|867.94|2.59|46|1|杰恩设计,211|-1.10|858.38|2.60|9|38|华建集团,157|1.15|868.21|2.49|40|7|杰恩设计,279|-0.07|867.61|1.96|20|26|杰恩设计,187|0.86|875.06|3.46|34|13|太极实业,288|-0.66|869.32|2.62|12|35|勘设股份,209|1.47|882.09|2.56|41|5|深城交,209|0.20|883.82|2.27|18|29|广咨国际,139|1.20|894.45|2.27|37|8|中衡设计,188|-0.01|894.33|2.05|22|23|中衡设计,279|0.05|894.75|2.61|18|28|中诚咨询,156|-0.47|890.58|2.69|16|31|中衡设计
BK0728|环保,20|1.16|544.78||||,45|0.07|545.16||||,22|0.43|547.48||||,60|0.31|549.2||||,28|0.49|551.91||||,35|-0.28|550.35||||,70|0.53|553.24||||,19|0.37|555.3||||,30|0.35|557.25||||,48|-1.44|549.21||||,47|-1.31|542.02||||,17|-0.02|541.91||||,74|-4.77|516.04||||,53|0.74|519.85||||,46|1.10|525.57||||,76|-1.07|519.97||||,26|0.51|522.62||||,25|1.53|530.6||||,58|0.26|532||||,36|-0.31|530.34||||,49|-0.86|525.78||||,56|-1.11|519.95||||,33|1.49|527.71||||,37|0.83|532.09||||,33|-0.64|528.67||||,62|-0.27|527.25||||,36|-1.24|520.72||||,64|-0.42|518.52||||,46|0.03|518.69||||,69|-2.05|508.06||||,68|0.02|508.15||||,32|0.47|510.52||||,14|2.18|521.64||||,38|0.56|524.55||||,37|-0.47|522.07||||,35|1.13|527.98||||,46|0.66|531.47||||,52|-0.15|530.66||||,37|-0.24|529.38||||,30|-0.31|527.72||||,35|0.23|528.94||||,38|1.57|537.26||||,79|0.46|539.74||||,38|0.04|539.95||||,27|1.19|546.36||||,33|1.24|553.16||||,61|1.10|559.23||||,31|-0.51|556.38||||,39|0.46|558.94||||,30|-0.01|558.87||||,32|0.01|558.92||||,28|1.61|567.92||||,29|0.46|570.55||||,42|0.66|574.32||||,36|1.02|580.17||||,35|1.31|587.79||||,30|-0.67|583.87||||,34|-0.36|581.78||||,45|-0.53|578.7||||,46|-0.77|574.22||||,29|0.15|575.07||||,32|-1.78|564.86||||,55|1.73|574.63||||,32|-0.44|574.67||||,27|0.54|577.76|2.16|79|34|正和生态,42|1.35|585.58|2.13|98|18|万邦达,43|-0.16|584.65|2.61|37|73|国泰环保,22|0.35|586.69|2.52|66|45|电投水电,33|-0.09|586.19|2.14|38|73|赛恩斯,29|-0.43|583.68|2.08|39|77|惠城环保,148|2.09|595.91|1.80|120|16|法尔胜,120|1.72|606.14|2.44|100|31|清水源,62|1.49|615.19|2.92|103|32|金圆股份,139|1.15|622.24|3.28|90|41|中国天楹,252|-2.11|609.13|3.04|22|110|法尔胜,242|-2.83|591.87|3.59|13|120|飞南资源,136|-0.12|591.18|2.74|52|81|法尔胜,162|1.37|599.27|2.50|112|22|京源环保,108|2.34|613.32|3.05|121|15|华新环保,188|-0.68|609.14|3.07|38|95|惠城环保,214|1.59|618.8|2.42|109|23|祥龙电业,202|0.06|619.19|2.81|55|78|绿色动力,255|-0.77|614.44|2.70|34|99|法尔胜,200|-0.39|612.03|2.58|43|89|法尔胜,331|-0.32|610.09|2.73|45|88|法尔胜,275|-1.68|599.84|2.23|17|117|法尔胜,171|1.01|605.87|2.13|92|38|京源环保,190|-2.23|592.36|2.20|12|120|圣元环保,226|-2.19|579.41|2.64|19|113|中兰环保,247|-5.34|548.49|2.96|6|130|雪浪环境,32|4.91|575.41|2.93|132|4|海天股份,115|2.50|589.8|2.92|120|16|雪浪环境,418|-2.29|576.31|2.30|15|119|中再资环,270|1.09|582.61|2.26|95|36|祥龙电业,261|0.22|583.87|2.16|58|76|法尔胜,374|-2.09|571.66|2.25|15|121|法尔胜,302|1.15|578.26|2.27|101|31|华宏科技,276|-1.67|568.63|2.13|22|113|万德斯,299|-2.67|553.45|2.13|13|123|森远股份,177|1.56|562.09|1.76|97|35|法尔胜,170|4.10|585.15|2.34|134|2|创元科技,178|-0.95|579.59|2.09|30|104|华宏科技,228|0.88|584.67|2.22|105|27|上海洗霸,319|-0.28|583.05|2.20|47|77|德创环保,276|0.51|586.04|2.31|79|45|盈峰环境,182|-0.26|584.51|2.23|40|89|科净源,93|2.07|596.6|2.10|109|22|盈峰环境,267|-0.16|595.62|2.38|40|94|福鞍股份,159|1.09|602.13|2.35|93|36|华新科技,157|0.13|602.93|2.22|70|62|同兴科技,237|0.20|604.15|2.21|62|66|中持股份,206|-0.72|599.81|2.55|44|84|福鞍股份
BK0731|农化制品,7|1.89|1681.74||||,1|4.44|1756.48||||,3|2.55|1801.3||||,11|1.82|1834||||,26|0.52|1843.52||||,80|-1.47|1816.47||||,3|3.23|1875.23||||,79|-1.43|1848.45||||,19|0.76|1862.41||||,83|-2.92|1808.12||||,13|0.46|1816.51||||,31|-0.37|1809.78||||,84|-6.09|1699.65||||,82|-0.79|1686.28||||,37|1.36|1709.24||||,24|-0.14|1706.92||||,16|0.76|1719.95||||,3|2.39|1761.04||||,83|-0.28|1756.03||||,43|-0.43|1748.54||||,17|-0.01|1748.28||||,74|-1.61|1720.09||||,16|2.07|1755.78||||,76|-0.27|1751.1||||,82|-2.32|1710.55||||,42|0.16|1713.25||||,46|-1.47|1688.09||||,78|-0.83|1674||||,22|0.60|1683.98||||,55|-1.82|1653.4||||,5|2.57|1695.91||||,62|-0.12|1693.88||||,28|1.72|1723.09||||,45|0.44|1730.64||||,12|0.14|1733.04||||,73|0.19|1736.33||||,61|0.36|1742.53||||,9|1.18|1763.17||||,77|-1.19|1742.21||||,12|0.51|1751.01||||,78|-0.79|1737.25||||,29|1.84|1769.27||||,4|3.58|1832.6||||,68|-0.62|1821.2||||,72|-0.04|1820.49||||,81|-0.17|1817.39||||,84|-0.46|1809.09||||,16|0.50|1818.07||||,58|0.00|1818.09||||,5|2.26|1859.22||||,71|-1.55|1830.44||||,4|3.15|1888.12||||,10|1.23|1911.24||||,33|0.90|1928.51||||,11|2.03|1967.64||||,27|1.60|1999.21||||,10|1.51|2029.33||||,60|-1.01|2008.86||||,10|2.07|2050.4||||,64|-1.44|2020.84||||,50|-0.45|2011.83||||,84|-6.76|1875.78||||,21|2.87|1929.53||||,77|-2.38|1901.15||||,10|1.33|1926.35|2.31|25|2|东方铁塔,67|0.90|1943.67|2.03|20|7|潞化科技,71|-0.74|1929.23|1.62|3|23|金正大,6|1.68|1961.62|2.59|25|2|金正大,52|-0.70|1947.9|2.34|10|16|川金诺,76|-1.79|1912.99|1.95|4|23|农大科技,20|5.41|2025.5|3.71|62|1|美邦股份,54|2.84|2082.95|4.46|53|8|澄星股份,206|0.01|2083.13|5.86|22|41|金正大,123|1.37|2111.71|6.12|45|15|四川美丰,121|-0.47|2101.89|6.39|17|45|赤天化,327|-3.55|2027.28|6.69|8|55|农大科技,58|0.77|2042.84|5.11|38|24|红太阳,452|-1.09|2020.57|4.32|18|44|亚钾国际,6|4.39|2109.25|5.02|60|3|金正大,300|-1.23|2083.41|6.25|14|49|赤天化,446|-0.58|2071.3|4.81|21|38|广康生化,53|1.49|2102.2|5.24|45|17|江山股份,60|0.86|2120.34|5.91|35|27|潞化科技,16|1.89|2160.45|7.01|44|17|潞化科技,460|-2.17|2113.57|7.83|11|49|赤天化,268|-1.64|2078.85|6.72|9|54|潞化科技,460|-1.25|2052.9|5.71|20|43|百傲化学,469|-4.50|1960.47|5.31|1|62|红四方,385|-2.97|1902.19|4.37|8|54|盐湖股份,87|-3.76|1830.7|4.73|7|56|湖北宜化,440|1.84|1864.39|4.24|45|18|百傲化学,223|2.01|1901.79|3.67|58|4|川恒股份,170|-1.02|1882.42|3.49|13|48|四川美丰,20|3.82|1954.26|4.07|63|0|苏利股份,38|1.73|1988.15|4.58|54|8|中农联合,456|-3.34|1921.71|3.76|2|61|联化科技,343|0.85|1938.08|2.78|47|15|湖南海利,214|-1.39|1911.14|2.66|12|51|广康生化,377|-3.05|1852.83|2.62|4|59|苏利股份,17|4.47|1935.65|3.14|57|5|新安股份,459|0.96|1954.17|3.68|48|14|宏达股份,112|-0.54|1943.52|3.27|18|45|广康生化,372|0.24|1948.27|2.63|37|25|澄星股份,303|-0.19|1944.54|2.74|24|36|苏利股份,381|0.02|1944.96|2.65|27|31|苏利股份,447|-1.70|1911.92|2.51|11|52|诺 普 信,250|1.33|1937.42|2.38|56|7|广康生化,439|-1.30|1912.31|2.72|13|50|和邦生物,401|0.04|1913.17|2.77|30|27|金正大,154|0.15|1915.96|3.17|33|26|江山股份,177|0.51|1925.7|2.98|35|28|史丹利,209|-0.73|1911.57|3.24|22|40|农大科技
BK0734|饰品,27|0.94|473.12||||,70|-0.50|470.75||||,23|0.33|472.28||||,8|2.38|483.5||||,19|0.79|487.33||||,40|-0.38|485.46||||,61|0.66|488.67||||,48|-0.44|486.52||||,49|-0.03|486.37||||,22|-0.76|482.67||||,7|0.93|487.16||||,33|-0.37|485.36||||,7|-1.98|475.76||||,52|0.90|480.06||||,81|0.20|481.04||||,13|0.22|482.08||||,81|-0.93|477.59||||,47|1.17|483.16||||,65|0.17|483.98||||,53|-0.58|481.18||||,63|-1.11|475.82||||,72|-1.55|468.44||||,44|1.33|474.66||||,69|-0.05|474.43||||,57|-1.08|469.31||||,26|0.57|471.97||||,75|-2.14|461.85||||,44|0.03|461.97||||,33|0.17|462.77||||,28|-1.14|457.5||||,22|1.06|462.33||||,10|1.47|469.14||||,72|0.87|473.2||||,68|-0.09|472.79||||,27|-0.21|471.8||||,80|-0.14|471.13||||,76|0.02|471.23||||,36|0.13|471.83||||,56|-0.64|468.79||||,81|-1.41|462.16||||,9|0.98|466.69||||,60|0.79|470.36||||,42|1.22|476.08||||,82|-1.05|471.09||||,58|0.52|473.53||||,48|0.92|477.88||||,41|1.63|485.68||||,14|0.84|489.75||||,16|1.28|496.01||||,72|-1.40|489.09||||,72|-1.56|481.46||||,38|1.31|487.79||||,30|0.45|489.99||||,10|1.70|498.34||||,84|-0.73|494.72||||,6|3.34|511.24||||,3|3.25|527.87||||,69|-1.23|521.35||||,2|7.81|562.06||||,79|-2.54|547.76||||,81|-4.60|522.54||||,77|-5.03|496.27||||,38|2.20|507.21||||,51|-1.13|504.09||||,3|2.27|515.53|3.38|13|4|潮宏基,75|0.72|519.25|2.55|15|1|潮宏基,84|-1.64|510.74|2.23|2|13|金一文化,67|-0.58|507.76|1.56|6|11|菜百股份,74|-1.40|500.67|1.55|2|14|潮宏基,59|-1.04|495.44|1.41|2|14|菜百股份,257|1.25|502.13|3.74|13|4|中国黄金,441|-0.03|501.99|2.85|5|10|金一文化,442|-1.47|494.59|2.42|1|16|飞亚达,372|0.07|494.96|2.10|12|5|菜百股份,66|0.83|499.05|5.06|7|10|曼卡龙,297|-3.36|482.29|4.22|1|15|曼卡龙,453|-2.04|472.47|2.61|2|15|飞亚达Ｂ,402|-0.11|471.95|2.21|7|10|金一文化,239|1.51|479.08|1.61|14|1|莱绅通灵,212|-0.77|475.37|2.03|2|14|老凤祥,347|0.82|479.25|1.61|11|4|ST萃华,421|-0.88|475.02|1.61|3|14|周大生,301|-0.97|470.43|1.51|2|14|周大生,335|-1.11|465.19|1.75|2|14|ST萃华,366|-0.55|462.61|1.66|6|8|迪阿股份,130|-0.86|458.62|1.43|3|13|周大生,235|0.58|461.27|1.33|10|6|潮宏基,138|-1.93|452.35|1.81|1|16|ST萃华,208|-2.07|442.97|1.64|1|16|老凤祥Ｂ,202|-5.05|420.6|2.21|0|17|深中华B,191|3.52|435.4|2.07|17|0|潮宏基,266|1.83|443.38|1.70|17|0|飞亚达,219|-1.21|438.01|1.30|1|14|ST萃华,143|1.72|445.54|1.66|15|1|金一文化,180|0.56|448.04|1.59|12|4|深中华A,219|-1.13|442.96|1.45|2|14|老凤祥,360|0.72|446.15|1.25|14|2|潮宏基,194|-1.27|440.47|1.17|4|13|飞亚达,131|-1.67|433.12|0.98|1|16|ST萃华,301|0.98|437.36|0.96|11|6|明牌珠宝,302|2.94|450.23|2.02|17|0|曼卡龙,397|-2.11|440.71|1.39|1|16|老凤祥Ｂ,290|0.66|443.61|1.29|15|1|金一文化,77|1.02|448.12|1.10|11|6|飞亚达,333|0.25|449.26|1.51|9|7|周大生,60|0.81|452.9|1.80|8|9|飞亚达,395|0.63|455.75|2.01|12|4|瑞贝卡,422|-1.16|450.45|1.81|3|13|深中华B,364|0.23|451.5|1.32|10|7|菜百股份,289|-0.40|449.7|1.39|6|11|飞亚达,421|-0.79|446.13|1.46|4|13|菜百股份,244|-0.89|442.16|1.28|5|12|飞亚达
BK1018|橡胶,44|0.64|1719.2||||,32|0.51|1727.97||||,30|0.17|1730.93||||,35|0.98|1747.91||||,58|-0.04|1747.29||||,48|-0.53|1737.95||||,38|1.08|1756.68||||,25|0.14|1759.17||||,17|0.84|1773.97||||,63|-1.87|1740.82||||,33|-0.93|1724.66||||,35|-0.40|1717.79||||,64|-4.12|1646.94||||,51|0.90|1661.77||||,73|0.50|1670||||,65|-0.84|1655.9||||,17|0.76|1668.48||||,64|0.71|1680.27||||,42|0.58|1690.08||||,11|0.50|1698.6||||,59|-1.10|1679.92||||,30|-0.64|1669.15||||,26|1.82|1699.58||||,40|0.80|1713.11||||,50|-0.97|1696.47||||,31|0.44|1703.97||||,8|-0.28|1699.28||||,48|-0.05|1698.47||||,8|1.19|1718.71||||,68|-2.00|1684.39||||,60|0.20|1687.74||||,29|0.51|1696.27||||,78|0.41|1703.25||||,28|0.93|1719.01||||,36|-0.45|1711.2||||,48|0.80|1724.84||||,43|0.67|1736.38||||,80|-0.71|1724.04||||,47|-0.37|1717.65||||,27|-0.22|1713.94||||,62|-0.30|1708.81||||,66|0.52|1717.66||||,61|0.93|1733.61||||,21|0.61|1744.13||||,59|0.49|1752.74||||,71|0.28|1757.72||||,51|1.38|1782.03||||,75|-2.48|1737.9||||,45|0.28|1742.76||||,17|0.28|1747.64||||,8|1.58|1775.22||||,16|1.87|1808.35||||,61|-0.93|1791.59||||,41|0.69|1803.9||||,49|0.66|1815.73||||,38|1.25|1838.49||||,50|-1.42|1812.45||||,52|-0.69|1799.89||||,18|0.70|1812.57||||,51|-0.92|1795.94||||,13|0.62|1807.15||||,68|-3.37|1746.32||||,49|1.84|1778.46||||,64|-1.51|1770.19||||,33|0.32|1775.86|2.02|20|15|三维股份,72|0.77|1789.45|1.91|24|10|科创新源,77|-0.85|1774.27|1.46|5|32|黑猫股份,20|0.39|1781.13|1.97|17|18|震安科技,32|-0.05|1780.25|1.88|14|23|科创新源,28|-0.42|1772.83|1.82|10|26|天铁科技,190|1.72|1805.22|2.91|19|3|天铁科技,203|0.98|1822.9|2.80|14|7|黑猫股份,186|0.14|1825.45|2.65|12|10|科创新源,367|0.10|1827.32|2.40|13|9|海达股份,154|-1.05|1808.1|3.06|3|19|科创新源,123|-1.54|1780.33|3.53|7|14|中裕科技,445|-1.92|1746.13|2.40|4|17|震安科技,231|1.03|1764.17|2.43|18|4|天铁科技,287|1.29|1786.87|2.18|15|7|三维股份,145|-0.40|1779.7|3.18|7|14|黑猫股份,266|1.36|1803.85|2.53|16|6|科创新源,78|1.05|1822.84|3.12|13|9|联科科技,159|-0.29|1817.52|2.98|8|14|联科科技,229|-0.52|1808.08|3.44|8|13|黑猫股份,263|0.03|1808.63|3.59|12|10|阳谷华泰,395|-2.59|1761.86|2.72|1|21|确成股份,223|0.69|1774.06|3.46|12|9|科创新源,339|-2.87|1723.22|3.27|2|20|联科科技,343|-2.71|1676.55|3.31|3|19|元创股份,283|-5.52|1583.94|3.93|0|22|永东股份,386|2.57|1624.66|2.96|21|1|震安科技,358|1.43|1647.82|2.31|18|4|科创新源,255|-1.41|1624.64|2.02|5|16|联科科技,107|1.98|1656.74|2.72|15|6|黑猫股份,347|-0.15|1654.3|2.62|11|12|利通科技,428|-2.69|1609.75|2.25|3|20|科强股份,279|1.25|1629.93|2.17|17|5|利通科技,202|-1.31|1608.5|2.36|6|16|中裕科技,215|-2.22|1572.8|2.57|4|19|三维股份,219|1.36|1594.15|2.21|17|6|龙星科技,196|3.86|1655.65|2.87|23|0|科创新源,216|-1.14|1636.72|2.52|5|18|阳谷华泰,80|1.49|1661.15|2.25|18|5|利通科技,219|0.20|1664.51|2.16|11|12|震安科技,244|0.65|1675.36|2.61|11|12|震安科技,214|-0.35|1669.53|2.30|8|15|利通科技,127|1.82|1699.92|2.73|20|2|天铁科技,67|1.44|1724.43|3.03|13|9|利通科技,302|0.47|1732.47|2.39|17|6|三维装备,460|-1.43|1707.78|2.31|7|16|悦龙科技,168|0.55|1717.21|2.12|16|7|震安科技,352|-1.61|1689.56|2.77|4|18|天铁科技
BK1020|非金属材料Ⅱ,74|0.08|1749.06||||,15|1.23|1770.64||||,11|0.91|1786.73||||,43|0.80|1801.01||||,3|1.90|1835.19||||,85|-2.34|1792.22||||,7|2.70|1840.58||||,84|-2.38|1796.77||||,69|-0.59|1786.19||||,70|-2.19|1747.09||||,26|-0.75|1733.93||||,62|-1.22|1712.86||||,73|-4.59|1634.27||||,37|1.29|1655.35||||,21|1.71|1683.68||||,66|-0.87|1668.95||||,33|0.38|1675.33||||,65|0.71|1687.21||||,34|0.78|1700.45||||,79|-1.47|1675.38||||,15|0.09|1676.91||||,49|-1.04|1659.46||||,31|1.57|1685.46||||,19|1.35|1708.17||||,22|-0.22|1704.34||||,41|0.18|1707.45||||,1|1.02|1724.85||||,16|0.84|1739.3||||,73|-0.90|1723.64||||,57|-1.84|1691.85||||,12|1.96|1724.93||||,76|-0.82|1710.78||||,45|1.38|1734.47||||,12|1.76|1765.02||||,7|0.67|1776.78||||,23|1.50|1803.35||||,42|0.72|1816.42||||,7|1.32|1840.44||||,43|-0.30|1834.84||||,32|-0.35|1828.42||||,79|-0.79|1814.03||||,33|1.74|1845.6||||,14|2.08|1884||||,8|1.55|1913.17||||,28|1.14|1935.01||||,20|1.82|1970.17||||,18|2.59|2021.29||||,68|-1.89|1983.18||||,74|-0.50|1973.24||||,15|0.42|1981.46||||,18|0.68|1994.84||||,76|-0.28|1989.35||||,69|-1.17|1966.11||||,25|1.10|1987.65||||,30|1.15|2010.47||||,7|3.23|2075.43||||,73|-2.21|2029.61||||,13|0.64|2042.61||||,43|-0.45|2033.5||||,81|-2.71|1978.47||||,76|-1.76|1943.71||||,56|-2.52|1894.77||||,11|3.40|1959.18||||,76|-2.30|1940.68||||,35|0.30|1946.58|4.31|16|18|天马新材,15|2.37|1992.71|4.26|30|4|黄河旋风,65|-0.56|1981.53|4.86|9|24|沃尔核材,36|-0.02|1981.1|3.83|11|24|平安电工,14|0.59|1992.73|3.85|22|13|石英股份,72|-1.61|1960.56|3.29|6|29|珂玛科技,40|3.99|2038.12|4.17|12|0|力量钻石,79|2.21|2083.13|4.51|10|2|坤彩科技,119|0.69|2097.54|4.39|7|5|索通发展,359|0.13|2100.3|3.82|6|6|力量钻石,70|0.71|2115.17|4.53|6|6|秉扬科技,67|-0.57|2103.03|5.09|4|8|秉扬科技,458|-2.19|2056.93|3.76|3|9|坤彩科技,53|2.10|2100.22|3.91|8|4|石英股份,275|1.35|2128.63|4.49|6|5|联瑞新材,205|-0.74|2112.88|4.70|2|10|联瑞新材,19|3.81|2193.39|4.47|10|2|联瑞新材,191|0.13|2196.22|4.38|4|8|力量钻石,137|-0.14|2193.21|5.08|5|7|坤彩科技,415|-1.78|2154.26|3.63|3|9|索通发展,398|-0.94|2134.06|3.39|3|9|联瑞新材,476|-4.01|2048.45|3.14|0|12|龙高股份,393|-0.56|2036.97|3.23|6|6|坤彩科技,439|-3.79|1959.79|3.20|1|11|秉扬科技,166|-1.76|1925.24|2.60|2|9|宁新新材,211|-5.10|1826.99|3.08|1|11|坤彩科技,258|3.19|1885.35|2.61|12|0|联瑞新材,182|2.20|1926.81|2.91|12|0|索通发展,304|-1.65|1894.95|1.97|1|11|龙高股份,262|1.11|1916.03|1.86|10|2|联瑞新材,382|-0.33|1909.75|2.49|4|8|秉扬科技,281|-1.41|1882.83|2.47|1|11|坤彩科技,95|2.19|1924.08|2.54|12|0|联瑞新材,229|-1.46|1895.91|2.71|5|7|秉扬科技,138|-1.70|1863.69|2.31|2|10|联瑞新材,138|1.83|1897.83|2.68|12|0|石英股份,198|3.85|1970.96|3.17|12|0|索通发展,308|-1.64|1938.65|2.24|1|11|联瑞新材,84|1.47|1967.08|2.84|9|2|坤彩科技,85|0.98|1986.37|3.29|6|6|石英股份,293|0.45|1995.36|3.21|8|4|长江材料,131|0.10|1997.31|3.76|3|9|坤彩科技,139|1.79|2033|3.19|8|3|坤彩科技,5|3.92|2112.63|3.68|10|2|天马新材,366|0.23|2117.55|4.24|5|6|力量钻石,302|-0.45|2108.02|3.25|4|8|坤彩科技,19|2.44|2159.46|3.94|9|3|宁新新材,471|-3.08|2092.94|4.14|2|10|宁新新材
BK1028|燃气Ⅱ,26|0.94|1911.43||||,31|0.58|1922.58||||,60|-0.44|1914.03||||,81|-0.83|1898.11||||,7|1.57|1927.95||||,7|0.94|1946.16||||,82|0.27|1951.42||||,1|3.45|2018.67||||,75|-1.01|1998.19||||,44|-1.35|1971.14||||,86|-2.60|1919.97||||,37|-0.43|1911.73||||,55|-3.89|1837.27||||,83|-0.79|1822.71||||,23|1.66|1853.05||||,47|-0.50|1843.87||||,40|0.29|1849.2||||,24|1.54|1877.6||||,73|0.03|1878.16||||,30|-0.13|1875.69||||,14|0.15|1878.43||||,63|-1.29|1854.25||||,78|0.05|1855.11||||,73|-0.15|1852.37||||,63|-1.30|1828.23||||,59|-0.15|1825.52||||,51|-1.55|1797.29||||,31|0.31|1802.89||||,37|0.14|1805.49||||,71|-2.10|1767.49||||,58|0.30|1772.82||||,60|-0.07|1771.51||||,35|1.49|1797.93||||,42|0.49|1806.65||||,56|-0.85|1791.32||||,38|1.01|1809.35||||,30|1.05|1828.43||||,60|-0.41|1820.98||||,23|-0.01|1820.82||||,51|-0.70|1807.99||||,37|0.17|1811.15||||,50|1.23|1833.51||||,82|0.41|1841.01||||,52|-0.31|1835.28||||,36|1.00|1853.68||||,44|1.02|1872.64||||,49|1.43|1899.41||||,20|0.04|1900.26||||,41|0.39|1907.69||||,40|-0.31|1901.78||||,56|-0.79|1886.77||||,22|1.74|1919.6||||,19|0.79|1934.75||||,58|0.13|1937.21||||,5|3.60|2007.03||||,81|-0.20|2003.04||||,15|0.78|2018.61||||,81|-1.69|1984.57||||,14|1.18|2008.02||||,20|0.51|2018.24||||,72|-1.60|1985.97||||,67|-3.27|1920.95||||,75|0.76|1935.51||||,54|-1.24|1938.96||||,18|0.88|1955.99|1.49|22|8|首华燃气,85|-0.19|1952.32|1.40|18|13|中泰股份,59|-0.37|1945.06|1.35|6|27|凯添燃气,19|0.49|1954.51|1.20|18|12|蓝焰控股,43|-0.38|1947.13|1.35|7|26|凯添燃气,61|-1.08|1926.05|1.35|3|28|佛燃能源,66|3.26|1993.19|2.02|32|0|首华燃气,357|0.40|2001.07|1.64|15|15|德龙汇能,251|-0.24|1996.19|1.56|13|18|升达林业,58|2.39|2043.9|2.00|29|3|德龙汇能,27|3.71|2119.72|4.34|27|5|水发燃气,5|10.52|2342.78|8.59|29|3|胜利股份,493|-6.03|2201.4|9.58|2|30|水发燃气,474|-1.88|2159.91|6.92|7|24|特瑞斯,464|-0.84|2141.7|4.94|9|22|升达林业,123|-0.17|2138.02|6.75|17|13|国新能源,471|-1.79|2099.79|4.55|6|26|胜通能源,163|0.21|2104.21|3.35|12|18|首华燃气,31|1.84|2142.83|4.48|25|7|德龙汇能,369|-1.26|2115.79|3.52|4|27|新奥股份,402|-0.96|2095.44|2.39|6|26|新奥股份,277|-1.70|2059.77|2.61|2|29|胜利股份,355|-0.29|2053.77|2.07|13|18|首华燃气,4|4.28|2141.7|5.22|25|7|国新能源,113|-1.37|2112.42|4.80|9|23|国新能源,40|-2.48|2059.93|5.23|7|25|凯添燃气,457|1.48|2090.43|4.35|23|9|德龙汇能,486|-0.22|2085.77|4.15|21|10|国新能源,22|0.63|2098.82|3.86|15|14|首华燃气,369|0.72|2114.01|3.78|25|7|胜通能源,462|-1.46|2083.23|3.46|8|24|九丰能源,442|-3.00|2020.78|3.02|2|30|美能能源,441|-0.08|2019.21|2.19|16|16|中泰股份,34|0.90|2037.34|2.38|16|14|德龙汇能,462|-3.98|1956.32|2.45|1|31|胜通能源,101|2.25|2000.25|1.91|31|1|德龙汇能,473|0.10|2002.29|2.41|20|12|中泰股份,142|-0.72|1987.9|1.98|9|22|新天然气,318|0.53|1998.53|1.71|19|12|美能能源,120|0.72|2012.92|2.02|21|10|美能能源,427|-0.34|2006.14|1.90|8|20|美能能源,451|-1.76|1970.8|1.86|4|27|东方环宇,372|0.72|1985.01|1.71|21|8|德龙汇能,258|-0.13|1982.49|1.68|8|24|升达林业,130|1.27|2007.66|2.04|26|6|水发燃气,201|-0.08|2006.15|2.07|20|10|九丰能源,314|-0.10|2004.24|1.95|12|19|水发燃气,49|0.91|2022.49|2.37|24|8|水发燃气
BK1030|电机Ⅱ,73|0.08|2658.07||||,6|2.07|2713.18||||,85|-1.49|2672.8||||,82|-0.88|2649.15||||,55|0.03|2649.84||||,55|-0.70|2631.24||||,76|0.42|2642.27||||,72|-1.22|2609.95||||,38|0.22|2615.66||||,24|-0.83|2593.82||||,67|-1.87|2545.35||||,53|-0.86|2523.54||||,30|-3.32|2439.84||||,40|1.24|2470.16||||,59|0.90|2492.38||||,9|0.37|2501.52||||,29|0.48|2513.45||||,73|0.44|2524.41||||,30|0.89|2546.96||||,83|-1.66|2504.61||||,71|-1.27|2472.81||||,1|1.62|2512.77||||,46|1.29|2545.13||||,31|1.02|2571.09||||,71|-1.48|2532.95||||,63|-0.28|2525.9||||,20|-0.94|2502.05||||,27|0.42|2512.66||||,69|-0.86|2491||||,74|-2.38|2431.62||||,38|0.64|2447.12||||,75|-0.68|2430.45||||,22|1.90|2476.61||||,3|2.72|2544.05||||,20|0.03|2544.82||||,55|0.64|2561.1||||,2|3.25|2644.44||||,67|-0.48|2631.67||||,9|0.86|2654.31||||,1|2.87|2730.5||||,27|0.42|2741.94||||,84|-0.62|2724.98||||,84|0.11|2727.9||||,60|-0.41|2716.62||||,43|0.79|2738.04||||,30|1.28|2773.14||||,34|1.82|2823.72||||,72|-2.08|2765.1||||,64|-0.21|2759.25||||,21|0.10|2761.99||||,2|2.02|2817.66||||,23|1.73|2866.37||||,27|0.50|2880.82||||,4|2.71|2959.01||||,72|0.12|2962.47||||,77|0.21|2968.7||||,83|-2.84|2884.31||||,36|-0.38|2873.37||||,68|-1.39|2833.55||||,80|-2.57|2760.63||||,24|0.31|2769.15||||,28|-1.58|2725.48||||,45|1.89|2776.96||||,69|-1.76|2726.69||||,17|0.91|2751.48|2.86|22|5|鸣志电器,46|1.25|2785.79|2.52|26|2|佳电股份,8|0.72|2805.75|3.03|17|11|迪贝电气,61|-0.50|2791.72|2.25|11|17|华新精科,22|0.34|2801.34|2.50|15|11|佳电股份,4|0.44|2813.54|2.98|14|12|方正电机,336|0.79|2832.97|3.72|18|8|江特电机,399|0.19|2838.39|3.91|13|13|江特电机,148|0.45|2851.17|5.01|13|12|祥明智能,181|0.90|2876.78|3.73|12|14|祥明智能,332|-2.56|2803.08|4.51|3|23|祥明智能,408|-4.55|2675.47|4.34|1|25|八方股份,97|0.22|2681.23|2.88|13|13|八方股份,136|1.51|2721.67|2.57|23|2|华瑞股份,325|1.09|2751.47|2.15|22|4|华阳智能,277|-1.09|2721.4|2.85|3|23|江特电机,52|2.89|2800.1|2.72|25|1|兆威机电,423|-0.88|2775.37|2.47|6|20|中电电机,390|-1.37|2737.48|2.30|5|21|八方股份,349|-1.19|2704.95|2.42|3|23|佳电股份,291|-0.13|2701.43|2.31|11|13|八方股份,253|-1.58|2658.82|2.29|3|23|祥明智能,116|1.40|2696|2.20|20|6|八方股份,401|-3.28|2607.55|2.34|0|26|华瑞股份,365|-2.84|2533.39|2.24|0|26|兆威机电,106|-4.09|2429.9|4.19|3|23|卧龙电驱,218|3.39|2512.22|3.36|22|4|祥明智能,348|1.48|2549.34|2.47|25|1|华瑞股份,169|-1.02|2523.41|2.31|3|23|神力股份,190|1.38|2558.21|2.47|22|4|江特电机,253|0.26|2564.76|3.95|9|17|祥明智能,319|-1.61|2523.57|2.88|2|24|神力股份,101|2.16|2578.07|2.58|24|2|神力股份,351|-2.04|2525.56|3.23|3|23|江特电机,108|-1.52|2487.09|2.50|3|23|华瑞股份,318|0.90|2509.46|2.22|17|9|中电电机,137|4.49|2622.17|3.58|27|0|三协电机,286|-1.52|2582.26|2.89|4|22|华瑞股份,134|1.22|2613.75|3.70|23|4|三协电机,117|0.75|2633.4|3.08|13|12|安乃达,139|1.12|2662.89|3.28|23|4|江特电机,351|-0.96|2637.36|3.30|4|23|迪贝电气,280|1.18|2668.48|2.87|21|6|华阳智能,120|0.82|2690.23|2.85|17|10|华瑞股份,196|0.91|2714.59|2.75|15|10|八方股份,330|-0.60|2698.36|3.73|6|21|江特电机,204|0.40|2709.04|3.68|18|9|江特电机,390|-1.84|2659.15|3.33|1|25|通达动力
BK1034|其他电源设备Ⅱ,5|2.17|3003.03||||,4|2.59|3080.94||||,65|-0.58|3062.98||||,84|-1.28|3023.79||||,34|0.36|3034.73||||,83|-1.96|2975.21||||,5|3.11|3067.78||||,80|-1.50|3021.62||||,64|-0.40|3009.55||||,74|-2.24|2942.25||||,48|-1.31|2903.76||||,75|-1.67|2855.27||||,61|-4.05|2739.49||||,12|2.83|2817.14||||,12|2.08|2875.63||||,31|-0.24|2868.6||||,51|-0.05|2867.04||||,46|1.20|2901.41||||,86|-1.09|2869.87||||,61|-0.83|2846.12||||,35|-0.51|2831.55||||,64|-1.35|2793.24||||,28|1.73|2841.64||||,9|1.75|2891.28||||,7|0.31|2900.33||||,86|-1.25|2864.18||||,30|-1.10|2832.64||||,3|3.23|2924.08||||,80|-1.11|2891.6||||,84|-3.31|2796.03||||,7|2.22|2858||||,85|-1.71|2809.19||||,69|1.00|2837.32||||,8|1.96|2892.89||||,18|0.07|2894.93||||,1|4.32|3019.94||||,77|0.01|3020.33||||,81|-0.80|2996.23||||,62|-0.77|2973.06||||,75|-1.14|2939.3||||,67|-0.43|2926.78||||,43|1.42|2968.41||||,51|1.10|3001.06||||,4|2.24|3068.38||||,11|1.96|3128.61||||,14|2.35|3202.03||||,57|1.17|3239.64||||,73|-2.33|3164.22||||,13|1.44|3209.75||||,61|-0.76|3185.24||||,38|-0.13|3181.1||||,9|2.48|3259.9||||,83|-2.34|3183.76||||,16|1.50|3231.51||||,65|0.36|3243.11||||,45|0.96|3274.25||||,61|-1.62|3221.16||||,32|-0.26|3212.77||||,28|0.02|3213.28||||,84|-2.99|3117.22||||,40|-0.19|3111.34||||,33|-1.82|3054.62||||,9|3.45|3160.06||||,79|-2.56|3059.82||||,50|-0.03|3058.76|1.83|16|15|科华数据,8|2.98|3149.78|2.44|32|1|西子洁能,61|-0.43|3136.36|2.47|12|20|东方电气,81|-1.02|3104.37|1.60|3|29|金时科技,1|3.31|3207|2.47|30|3|金时科技,64|-1.16|3169.77|1.89|4|27|金时科技,295|1.05|3199.51|2.47|26|9|东方电气,244|0.78|3224.54|2.44|20|15|艾罗能源,21|2.31|3299.17|3.40|26|8|东方电气,368|0.10|3302.37|2.86|15|20|科泰电源,95|0.13|3306.75|3.25|15|20|盛弘股份,344|-3.70|3184.42|3.38|4|31|艾罗能源,42|1.32|3226.43|2.63|26|9|科威尔,41|2.34|3301.85|4.25|29|6|东方电气,103|2.37|3380.15|4.96|26|9|奥 特 迅,101|0.07|3382.47|4.92|16|19|艾罗能源,179|1.82|3444.09|4.36|24|11|科华数据,140|0.40|3457.9|3.96|11|23|海博思创,277|-0.87|3427.88|4.34|8|25|金时科技,447|-2.38|3346.28|4.20|3|32|海陆重工,364|-0.53|3328.4|3.35|11|20|华塑科技,477|-4.04|3193.98|2.98|0|32|雷特科技,77|1.71|3248.5|2.69|26|6|科华数据,331|-2.83|3156.7|2.41|3|29|金时科技,121|-1.44|3111.29|2.70|6|26|盛弘股份,219|-5.16|2950.75|2.87|1|31|海博思创,107|4.10|3071.68|2.50|28|4|科威尔,195|2.16|3138.03|2.67|28|4|欧陆通,412|-2.26|3067.2|2.25|5|27|海博思创,443|0.13|3071.16|1.83|20|12|奥 特 迅,438|-0.87|3044.29|1.87|11|21|科泰电源,407|-2.48|2968.84|1.84|4|28|中远通,65|2.42|3040.82|2.15|30|2|东方电气,418|-2.49|2965.21|1.94|3|29|欧陆通,94|-1.42|2923.21|1.75|6|26|中恒电气,419|0.30|2932.03|1.54|18|12|西子洁能,56|5.63|3097.23|2.45|32|0|东方电气,60|-0.14|3092.98|2.04|13|19|中恒电气,39|1.89|3151.52|2.06|25|6|中恒电气,152|0.52|3167.8|1.96|16|15|中恒电气,17|3.02|3263.49|2.38|28|4|中恒电气,400|-1.19|3224.6|2.49|7|24|欧陆通,53|2.57|3307.52|2.97|28|4|东方电气,181|0.32|3318.07|2.54|14|18|华塑科技,122|1.31|3361.38|2.78|23|9|欧陆通,450|-1.27|3318.68|2.24|5|26|科华数据,117|0.86|3347.32|2.25|23|9|科威尔,288|-1.15|3308.86|2.80|8|24|中国动力
BK1039|电子化学品Ⅱ,77|-0.12|2093.94||||,7|1.81|2131.92||||,40|-0.06|2130.55||||,52|0.57|2142.77||||,73|-0.48|2132.43||||,82|-1.61|2098.04||||,28|1.42|2127.75||||,85|-2.38|2077.2||||,15|0.87|2095.32||||,27|-0.96|2075.23||||,12|0.53|2086.16||||,24|-0.18|2082.34||||,22|-3.17|2016.24||||,25|1.75|2051.6||||,71|0.54|2062.75||||,83|-1.36|2034.64||||,9|1.11|2057.25||||,48|1.15|2080.95||||,2|2.69|2136.88||||,74|-1.14|2112.59||||,43|-0.76|2096.52||||,33|-0.74|2080.99||||,82|-0.03|2080.3||||,11|1.70|2115.57||||,12|0.06|2116.78||||,10|1.14|2141.01||||,65|-1.93|2099.63||||,4|2.60|2154.17||||,27|0.39|2162.56||||,19|-0.69|2147.56||||,74|-0.18|2143.67||||,84|-1.52|2111.08||||,84|-0.49|2100.75||||,2|3.21|2168.14||||,4|1.40|2198.51||||,54|0.66|2213.03||||,75|0.02|2213.37||||,86|-1.70|2175.78||||,83|-1.62|2140.49||||,68|-1.00|2119.05||||,26|0.44|2128.36||||,8|3.70|2207.19||||,19|2.02|2251.69||||,1|6.86|2406.17||||,67|0.27|2412.61||||,77|0.15|2416.15||||,60|1.13|2443.49||||,81|-3.37|2361.26||||,8|1.71|2401.64||||,1|4.91|2519.59||||,5|1.68|2561.87||||,68|0.08|2563.98||||,24|0.56|2578.41||||,8|1.72|2622.78||||,85|-1.58|2581.38||||,24|1.72|2625.83||||,84|-2.94|2548.62||||,6|1.29|2581.57||||,31|-0.11|2578.85||||,86|-3.59|2486.17||||,5|1.06|2512.45||||,73|-4.91|2389.06||||,18|2.94|2459.37||||,74|-1.90|2400.7||||,45|0.06|2402.21|3.26|15|12|广钢气体,6|3.06|2475.79|3.72|27|0|兴福电子,28|0.18|2480.17|3.54|11|15|兴福电子,28|0.18|2484.65|2.99|13|13|天承科技,15|0.57|2498.79|3.08|21|6|广钢气体,12|0.04|2499.79|3.73|11|15|中巨芯-U,136|2.22|2539.51|5.02|28|5|天通股份,45|3.21|2621.11|7.11|31|3|中巨芯-U,23|2.30|2681.32|6.54|28|6|德邦科技,484|-1.08|2652.33|5.03|7|27|国瓷材料,136|-0.78|2631.62|5.53|10|24|思泉新材,423|-4.65|2509.22|7.02|4|30|金宏气体,182|-0.41|2498.82|4.79|8|25|天承科技,182|1.28|2530.7|4.94|26|8|三孚新科,442|-0.42|2520.04|3.70|11|22|濮阳惠成,418|-1.90|2472.26|4.99|3|31|华特气体,28|3.44|2557.42|4.42|31|3|天通股份,238|-0.14|2553.93|5.20|14|19|天通股份,119|-0.02|2553.3|4.98|11|23|金宏气体,248|-0.63|2537.21|4.77|8|26|华特气体,93|1.04|2563.54|5.19|21|13|三孚新科,485|-4.36|2451.78|4.36|2|32|莱尔科技,118|1.39|2485.78|3.65|29|5|思泉新材,250|-2.50|2423.65|4.44|6|28|华特气体,258|-2.33|2367.11|4.54|4|30|金宏气体,261|-5.39|2239.42|5.03|3|31|华特气体,292|3.02|2307.1|3.96|30|4|天承科技,79|2.75|2370.48|3.92|31|3|莱特光电,320|-1.72|2329.62|3.00|5|29|瑞联新材,42|3.01|2399.76|4.41|29|5|宏昌电子,396|-0.41|2389.92|3.63|14|20|安集科技,459|-3.39|2308.99|3.69|1|33|国瓷材料,122|2.05|2356.32|3.36|30|4|思泉新材,392|-2.29|2302.36|3.45|4|30|华特气体,10|0.34|2310.27|3.68|15|19|华特气体,106|2.21|2361.26|3.66|26|8|宏昌电子,63|5.59|2493.2|5.80|32|2|莱尔科技,32|0.37|2502.52|4.23|16|17|天通股份,330|0.49|2514.77|5.08|15|17|德邦科技,125|0.70|2532.26|5.00|18|17|宏昌电子,50|2.18|2587.55|5.28|29|4|宏昌电子,365|-0.97|2562.4|5.22|9|26|天承科技,137|1.79|2608.25|4.89|28|7|中石科技,10|3.64|2703.06|4.38|27|7|天通股份,72|1.84|2752.69|4.85|24|11|天通股份,11|2.23|2813.96|7.72|24|10|华特气体,40|1.74|2862.89|6.56|27|8|天通股份,181|-0.58|2846.19|7.21|12|23|唯特偶
BK1040|中药Ⅱ,54|0.48|1505.52||||,66|-0.44|1498.91||||,10|0.95|1513.18||||,42|0.83|1525.71||||,11|1.14|1543.17||||,10|0.83|1555.96||||,73|0.48|1563.37||||,8|1.14|1581.21||||,79|-1.30|1560.67||||,55|-1.54|1536.62||||,65|-1.79|1509.05||||,12|0.11|1510.77||||,28|-3.22|1462.08||||,49|0.99|1476.53||||,20|1.74|1502.15||||,7|0.49|1509.5||||,30|0.48|1516.71||||,86|-0.84|1503.94||||,23|1.12|1520.72||||,55|-0.71|1509.97||||,3|1.40|1531.13||||,51|-1.07|1514.68||||,84|-0.34|1509.56||||,79|-0.37|1503.95||||,74|-1.59|1480.07||||,54|-0.08|1478.86||||,34|-1.22|1460.84||||,79|-0.83|1448.69||||,60|-0.36|1443.47||||,61|-1.91|1415.87||||,35|0.73|1426.26||||,21|0.81|1437.82||||,47|1.34|1457.14||||,67|0.00|1457.08||||,67|-1.16|1440.24||||,72|0.20|1443.15||||,64|0.33|1447.91||||,76|-0.67|1438.18||||,81|-1.60|1415.11||||,59|-0.85|1403.15||||,66|-0.42|1397.21||||,21|2.14|1427.15||||,74|0.53|1434.66||||,62|-0.45|1428.2||||,44|0.79|1439.46||||,58|0.70|1449.47||||,80|0.12|1451.24||||,12|0.91|1464.39||||,67|-0.36|1459.18||||,60|-0.74|1448.34||||,58|-0.84|1436.19||||,59|0.57|1444.37||||,25|0.53|1452.03||||,52|0.25|1455.6||||,58|0.56|1463.7||||,47|0.92|1477.15||||,9|1.58|1500.51||||,82|-1.77|1473.88||||,73|-1.59|1450.38||||,35|-0.22|1447.18||||,48|-0.36|1442||||,9|-1.07|1426.58||||,73|1.07|1441.85||||,10|0.61|1464.72||||,13|1.25|1483.07|3.29|45|18|特一药业,83|0.35|1488.31|2.44|34|27|汉森制药,41|-0.15|1486.08|1.78|22|40|千金药业,49|-0.30|1481.56|1.38|18|46|金花股份,65|-1.12|1464.9|1.40|6|61|易明医药,24|-0.35|1459.82|1.11|15|50|维康药业,267|1.20|1477.7|1.25|59|7|天目药业,297|0.63|1486.97|1.51|51|13|金花股份,292|-0.51|1479.45|1.38|14|49|上海凯宝,291|0.37|1484.97|1.18|45|17|维康药业,257|-2.13|1453.37|1.81|8|58|ST百灵,120|-1.48|1431.81|1.87|7|58|康惠股份,334|-1.08|1416.37|1.48|8|58|寿仙谷,319|0.55|1424.14|1.09|50|13|古汉医药,168|1.92|1451.44|1.29|64|2|金花股份,147|-0.42|1445.29|1.26|16|46|金花股份,265|1.37|1465.13|1.03|63|2|维康药业,291|-0.32|1460.47|1.11|19|44|ST百灵,212|-0.60|1451.75|1.28|15|50|金花股份,203|-0.40|1445.93|1.30|23|38|康缘药业,174|0.47|1452.7|1.11|48|16|片仔癀,97|-0.65|1443.19|1.29|20|42|达仁堂,261|0.37|1448.48|1.05|34|28|康惠股份,159|-2.03|1419.04|1.27|2|64|ST香雪,94|-1.24|1401.44|1.59|12|55|东阿阿胶,369|-5.87|1319.24|2.28|1|66|健民集团,229|3.33|1363.18|1.53|62|4|长药退,381|1.28|1380.57|1.30|58|5|康惠股份,156|-0.96|1367.32|1.16|9|57|嘉应制药,68|2.40|1400.12|1.48|60|7|天目药业,95|1.11|1415.68|1.54|50|12|佛慈制药,164|-0.86|1403.48|1.48|11|53|ST百灵,86|2.25|1435.08|1.96|65|2|益佰制药,41|0.56|1443.09|2.62|42|25|益佰制药,247|-2.40|1408.46|2.31|5|62|新天药业,342|0.77|1419.37|2.02|44|23|新天药业,464|0.70|1429.28|2.19|55|11|嘉应制药,270|-1.43|1408.77|2.14|8|59|益佰制药,393|0.12|1410.52|1.95|38|23|大唐药业,484|-1.79|1385.26|1.51|3|62|ST葫芦娃,314|0.35|1390.16|1.47|38|25|沃华医药,14|2.06|1418.82|2.79|62|3|康恩贝,470|-0.15|1416.67|2.38|20|41|康惠股份,466|-1.53|1394.94|1.94|5|61|ST香雪,378|0.17|1397.37|1.51|26|35|康惠股份,318|-0.54|1389.87|1.50|17|48|益佰制药,252|0.13|1391.69|1.38|26|38|ST香雪,242|-0.88|1379.43|1.39|14|50|佐力药业
BK1046|游戏Ⅱ,81|-0.55|1592.39||||,80|-0.87|1578.53||||,82|-1.18|1559.91||||,58|0.45|1566.93||||,66|-0.26|1562.79||||,28|-0.06|1561.91||||,56|0.72|1573.1||||,70|-1.11|1555.63||||,32|0.33|1560.82||||,4|0.70|1571.7||||,75|-2.09|1538.87||||,70|-1.41|1517.11||||,4|-1.52|1494.05||||,7|3.21|1542.03||||,2|3.58|1597.3||||,84|-1.39|1575.09||||,82|-0.97|1559.87||||,82|-0.05|1559.13||||,18|1.29|1579.22||||,77|-1.42|1556.73||||,80|-2.11|1523.87||||,32|-0.65|1514.04||||,57|1.09|1530.55||||,42|0.68|1540.98||||,21|-0.20|1537.9||||,17|0.79|1550.1||||,69|-2.06|1518.12||||,37|0.18|1520.83||||,63|-0.60|1511.63||||,76|-2.49|1473.99||||,11|2.01|1503.67||||,23|0.72|1514.54||||,56|1.21|1532.93||||,74|-0.30|1528.27||||,16|0.12|1530.15||||,63|0.53|1538.31||||,44|0.66|1548.47||||,39|0.06|1549.41||||,74|-1.13|1531.84||||,9|0.66|1541.88||||,24|0.45|1548.89||||,6|3.89|1609.19||||,58|0.98|1624.96||||,43|-0.09|1623.47||||,49|0.64|1633.81||||,5|3.16|1685.44||||,5|5.54|1778.8||||,10|1.22|1800.59||||,21|1.00|1818.57||||,68|-1.16|1797.56||||,81|-2.84|1746.43||||,78|-0.42|1739.1||||,62|-0.98|1722.07||||,70|-0.32|1716.64||||,51|0.64|1727.59||||,43|1.08|1746.24||||,58|-1.58|1718.63||||,42|-0.55|1709.11||||,50|-0.70|1697.15||||,12|1.18|1717.2||||,45|-0.29|1712.16||||,64|-3.03|1660.2||||,8|3.48|1717.93||||,28|-0.26|1672.31||||,34|0.31|1677.46|3.27|11|14|完美世界,10|2.72|1723.13|4.08|21|4|完美世界,2|3.56|1784.45|7.78|23|2|文投控股,58|-0.47|1776.06|5.99|10|15|名臣健康,70|-1.26|1753.66|4.36|6|19|神州泰岳,73|-1.63|1724.99|3.46|4|21|电魂网络,482|-2.03|1689.97|3.57|5|20|名臣健康,445|-0.05|1689.16|2.86|8|16|完美世界,426|-1.23|1668.31|3.18|3|22|顺网科技,176|0.92|1683.7|2.97|19|5|顺网科技,472|-4.00|1616.29|4.25|1|24|完美世界,381|-4.25|1547.6|3.37|0|25|世纪华通,306|-0.94|1533.07|2.20|2|22|ST中青宝,120|1.63|1558.08|2.82|22|3|世纪华通,377|0.79|1570.39|1.82|20|2|迅游科技,104|0.03|1570.84|2.65|10|14|顺网科技,195|1.71|1597.71|2.58|24|1|电魂网络,429|-0.90|1583.26|2.77|5|19|完美世界,285|-0.91|1568.87|3.38|6|19|掌趣科技,291|-0.92|1554.38|3.10|9|16|冰川网络,312|-0.23|1550.78|2.29|11|14|星辉娱乐,103|-0.69|1540.15|2.53|8|17|三七互娱,141|1.16|1558.03|2.04|16|7|顺网科技,228|-2.40|1520.63|2.29|2|23|浙数文化,431|-3.31|1470.28|2.27|0|25|吉比特,244|-5.32|1392.1|2.84|1|24|顺网科技,357|2.76|1430.57|2.17|25|0|凯撒文化,179|2.21|1462.21|2.14|25|0|完美世界,391|-2.11|1431.38|1.63|0|25|完美世界,170|1.49|1452.69|1.61|24|1|凯撒文化,424|-0.63|1443.58|1.59|4|16|电魂网络,263|-1.32|1424.56|1.65|4|21|世纪华通,20|4.00|1481.55|2.63|25|0|完美世界,390|-2.29|1447.63|2.12|2|23|完美世界,172|-1.87|1420.55|1.70|3|22|电魂网络,335|0.80|1431.95|1.50|16|7|迅游科技,75|5.37|1508.83|3.04|25|0|顺网科技,465|-2.66|1468.67|2.25|0|25|宝通科技,73|1.62|1492.45|2.58|22|2|恺英网络,493|-2.50|1455.15|3.16|2|21|顺网科技,258|0.60|1463.89|2.23|19|4|ST中青宝,87|0.46|1470.59|2.19|10|14|吉比特,63|2.49|1507.2|2.93|24|1|完美世界,426|-1.18|1489.41|2.37|3|22|中青宝,425|-0.17|1486.87|2.12|15|9|吉比特,62|0.99|1501.62|2.47|9|16|文投控股,385|-0.52|1493.8|2.56|10|15|顺网科技,262|-0.97|1479.38|2.93|6|19|浙数文化
